2026-06-10 09:34:06.546 | INFO     | chatbot:get_transcript:73 - Fetching transcript for video_id: ZzaPdXTrSb8
2026-06-10 09:34:06.546 | INFO     | chatbot:get_transcript:73 - Fetching transcript for video_id: ZzaPdXTrSb8
2026-06-10 09:34:06.546 | INFO     | chatbot:get_transcript:73 - Fetching transcript for video_id: ZzaPdXTrSb8
2026-06-10 09:34:06.546 | INFO     | chatbot:get_transcript:73 - Fetching transcript for video_id: ZzaPdXTrSb8
2026-06-10 09:34:06.554 | ERROR    | chatbot:get_transcript:104 - Unexpected error fetching transcript for ZzaPdXTrSb8
Traceback (most recent call last):

  File "C:\Users\abdul\AppData\Local\Programs\Python\Python38\lib\threading.py", line 890, in _bootstrap
    self._bootstrap_inner()
    │    └ <function Thread._bootstrap_inner at 0x000001F0C29FC040>
    └ <Thread(ScriptRunner.scriptThread, started 12760)>

  File "C:\Users\abdul\AppData\Local\Programs\Python\Python38\lib\threading.py", line 932, in _bootstrap_inner
    self.run()
    │    └ <function Thread.run at 0x000001F0C29FBD30>
    └ <Thread(ScriptRunner.scriptThread, started 12760)>

  File "C:\Users\abdul\AppData\Local\Programs\Python\Python38\lib\threading.py", line 870, in run
    self._target(*self._args, **self._kwargs)
    │    │        │    │        │    └ {}
    │    │        │    │        └ <Thread(ScriptRunner.scriptThread, started 12760)>
    │    │        │    └ ()
    │    │        └ <Thread(ScriptRunner.scriptThread, started 12760)>
    │    └ <bound method ScriptRunner._run_script_thread of ScriptRunner(_session_id='62598ed6-b195-4212-be80-799fc6afd13f', _main_scrip...
    └ <Thread(ScriptRunner.scriptThread, started 12760)>

  File "C:\Users\abdul\AppData\Local\Programs\Python\Python38\lib\site-packages\streamlit\runtime\scriptrunner\script_runner.py", line 320, in _run_script_thread
    self._run_script(request.rerun_data)
    │    │           │       └ <property object at 0x000001F0C4E27AE0>
    │    │           └ ScriptRequest(type=<ScriptRequestType.RERUN: 'RERUN'>, _rerun_data=RerunData(widget_states=widgets {
    │    │               id: "$$ID-38bab446a52e...
    │    └ <function ScriptRunner._run_script at 0x000001F0C4F033A0>
    └ ScriptRunner(_session_id='62598ed6-b195-4212-be80-799fc6afd13f', _main_script_path='app.py', _session_state={num_chunks: 0, m...

  File "C:\Users\abdul\AppData\Local\Programs\Python\Python38\lib\site-packages\streamlit\runtime\scriptrunner\script_runner.py", line 595, in _run_script
    ) = exec_func_with_error_handling(code_to_exec, ctx)
        │                             │             └ ScriptRunContext(session_id='62598ed6-b195-4212-be80-799fc6afd13f', _enqueue=<bound method ScriptRunner._enqueue_forward_msg ...
        │                             └ <function ScriptRunner._run_script.<locals>.code_to_exec at 0x000001F0EF777790>
        └ <function exec_func_with_error_handling at 0x000001F0C4E76DC0>

  File "C:\Users\abdul\AppData\Local\Programs\Python\Python38\lib\site-packages\streamlit\runtime\scriptrunner\exec_code.py", line 88, in exec_func_with_error_handling
    result = func()
             └ <function ScriptRunner._run_script.<locals>.code_to_exec at 0x000001F0EF777790>

  File "C:\Users\abdul\AppData\Local\Programs\Python\Python38\lib\site-packages\streamlit\runtime\scriptrunner\script_runner.py", line 579, in code_to_exec
    exec(code, module.__dict__)
         │     │      └ <member '__dict__' of 'module' objects>
         │     └ <module '__main__' from 'D:\\OLLAMA\\youtube-chatbot12\\app.py'>
         └ <code object <module> at 0x000001F0C6335BE0, file "D:\OLLAMA\youtube-chatbot12\app.py", line 1>

  File "D:\OLLAMA\youtube-chatbot12\app.py", line 252, in <module>
    handle_video_load(video_url_input)
    │                 └ 'https://www.youtube.com/watch?v=ZzaPdXTrSb8'
    └ <function handle_video_load at 0x000001F0EF777940>

  File "D:\OLLAMA\youtube-chatbot12\app.py", line 226, in handle_video_load
    transcript = get_transcript(video_id)
                 │              └ 'ZzaPdXTrSb8'
                 └ <function get_transcript at 0x000001F0C6343940>

> File "D:\OLLAMA\youtube-chatbot12\chatbot.py", line 77, in get_transcript
    transcript_list = YouTubeTranscriptApi.list_transcripts(video_id)
                      │                                     └ 'ZzaPdXTrSb8'
                      └ <class 'youtube_transcript_api._api.YouTubeTranscriptApi'>

AttributeError: type object 'YouTubeTranscriptApi' has no attribute 'list_transcripts'
2026-06-10 09:34:06.554 | ERROR    | chatbot:get_transcript:104 - Unexpected error fetching transcript for ZzaPdXTrSb8
Traceback (most recent call last):

  File "C:\Users\abdul\AppData\Local\Programs\Python\Python38\lib\threading.py", line 890, in _bootstrap
    self._bootstrap_inner()
    │    └ <function Thread._bootstrap_inner at 0x000001F0C29FC040>
    └ <Thread(ScriptRunner.scriptThread, started 12760)>

  File "C:\Users\abdul\AppData\Local\Programs\Python\Python38\lib\threading.py", line 932, in _bootstrap_inner
    self.run()
    │    └ <function Thread.run at 0x000001F0C29FBD30>
    └ <Thread(ScriptRunner.scriptThread, started 12760)>

  File "C:\Users\abdul\AppData\Local\Programs\Python\Python38\lib\threading.py", line 870, in run
    self._target(*self._args, **self._kwargs)
    │    │        │    │        │    └ {}
    │    │        │    │        └ <Thread(ScriptRunner.scriptThread, started 12760)>
    │    │        │    └ ()
    │    │        └ <Thread(ScriptRunner.scriptThread, started 12760)>
    │    └ <bound method ScriptRunner._run_script_thread of ScriptRunner(_session_id='62598ed6-b195-4212-be80-799fc6afd13f', _main_scrip...
    └ <Thread(ScriptRunner.scriptThread, started 12760)>

  File "C:\Users\abdul\AppData\Local\Programs\Python\Python38\lib\site-packages\streamlit\runtime\scriptrunner\script_runner.py", line 320, in _run_script_thread
    self._run_script(request.rerun_data)
    │    │           │       └ <property object at 0x000001F0C4E27AE0>
    │    │           └ ScriptRequest(type=<ScriptRequestType.RERUN: 'RERUN'>, _rerun_data=RerunData(widget_states=widgets {
    │    │               id: "$$ID-38bab446a52e...
    │    └ <function ScriptRunner._run_script at 0x000001F0C4F033A0>
    └ ScriptRunner(_session_id='62598ed6-b195-4212-be80-799fc6afd13f', _main_script_path='app.py', _session_state={num_chunks: 0, m...

  File "C:\Users\abdul\AppData\Local\Programs\Python\Python38\lib\site-packages\streamlit\runtime\scriptrunner\script_runner.py", line 595, in _run_script
    ) = exec_func_with_error_handling(code_to_exec, ctx)
        │                             │             └ ScriptRunContext(session_id='62598ed6-b195-4212-be80-799fc6afd13f', _enqueue=<bound method ScriptRunner._enqueue_forward_msg ...
        │                             └ <function ScriptRunner._run_script.<locals>.code_to_exec at 0x000001F0EF777790>
        └ <function exec_func_with_error_handling at 0x000001F0C4E76DC0>

  File "C:\Users\abdul\AppData\Local\Programs\Python\Python38\lib\site-packages\streamlit\runtime\scriptrunner\exec_code.py", line 88, in exec_func_with_error_handling
    result = func()
             └ <function ScriptRunner._run_script.<locals>.code_to_exec at 0x000001F0EF777790>

  File "C:\Users\abdul\AppData\Local\Programs\Python\Python38\lib\site-packages\streamlit\runtime\scriptrunner\script_runner.py", line 579, in code_to_exec
    exec(code, module.__dict__)
         │     │      └ <member '__dict__' of 'module' objects>
         │     └ <module '__main__' from 'D:\\OLLAMA\\youtube-chatbot12\\app.py'>
         └ <code object <module> at 0x000001F0C6335BE0, file "D:\OLLAMA\youtube-chatbot12\app.py", line 1>

  File "D:\OLLAMA\youtube-chatbot12\app.py", line 252, in <module>
    handle_video_load(video_url_input)
    │                 └ 'https://www.youtube.com/watch?v=ZzaPdXTrSb8'
    └ <function handle_video_load at 0x000001F0EF777940>

  File "D:\OLLAMA\youtube-chatbot12\app.py", line 226, in handle_video_load
    transcript = get_transcript(video_id)
                 │              └ 'ZzaPdXTrSb8'
                 └ <function get_transcript at 0x000001F0C6343940>

> File "D:\OLLAMA\youtube-chatbot12\chatbot.py", line 77, in get_transcript
    transcript_list = YouTubeTranscriptApi.list_transcripts(video_id)
                      │                                     └ 'ZzaPdXTrSb8'
                      └ <class 'youtube_transcript_api._api.YouTubeTranscriptApi'>

AttributeError: type object 'YouTubeTranscriptApi' has no attribute 'list_transcripts'
2026-06-10 09:34:06.554 | ERROR    | chatbot:get_transcript:104 - Unexpected error fetching transcript for ZzaPdXTrSb8
Traceback (most recent call last):

  File "C:\Users\abdul\AppData\Local\Programs\Python\Python38\lib\threading.py", line 890, in _bootstrap
    self._bootstrap_inner()
    │    └ <function Thread._bootstrap_inner at 0x000001F0C29FC040>
    └ <Thread(ScriptRunner.scriptThread, started 12760)>

  File "C:\Users\abdul\AppData\Local\Programs\Python\Python38\lib\threading.py", line 932, in _bootstrap_inner
    self.run()
    │    └ <function Thread.run at 0x000001F0C29FBD30>
    └ <Thread(ScriptRunner.scriptThread, started 12760)>

  File "C:\Users\abdul\AppData\Local\Programs\Python\Python38\lib\threading.py", line 870, in run
    self._target(*self._args, **self._kwargs)
    │    │        │    │        │    └ {}
    │    │        │    │        └ <Thread(ScriptRunner.scriptThread, started 12760)>
    │    │        │    └ ()
    │    │        └ <Thread(ScriptRunner.scriptThread, started 12760)>
    │    └ <bound method ScriptRunner._run_script_thread of ScriptRunner(_session_id='62598ed6-b195-4212-be80-799fc6afd13f', _main_scrip...
    └ <Thread(ScriptRunner.scriptThread, started 12760)>

  File "C:\Users\abdul\AppData\Local\Programs\Python\Python38\lib\site-packages\streamlit\runtime\scriptrunner\script_runner.py", line 320, in _run_script_thread
    self._run_script(request.rerun_data)
    │    │           │       └ <property object at 0x000001F0C4E27AE0>
    │    │           └ ScriptRequest(type=<ScriptRequestType.RERUN: 'RERUN'>, _rerun_data=RerunData(widget_states=widgets {
    │    │               id: "$$ID-38bab446a52e...
    │    └ <function ScriptRunner._run_script at 0x000001F0C4F033A0>
    └ ScriptRunner(_session_id='62598ed6-b195-4212-be80-799fc6afd13f', _main_script_path='app.py', _session_state={num_chunks: 0, m...

  File "C:\Users\abdul\AppData\Local\Programs\Python\Python38\lib\site-packages\streamlit\runtime\scriptrunner\script_runner.py", line 595, in _run_script
    ) = exec_func_with_error_handling(code_to_exec, ctx)
        │                             │             └ ScriptRunContext(session_id='62598ed6-b195-4212-be80-799fc6afd13f', _enqueue=<bound method ScriptRunner._enqueue_forward_msg ...
        │                             └ <function ScriptRunner._run_script.<locals>.code_to_exec at 0x000001F0EF777790>
        └ <function exec_func_with_error_handling at 0x000001F0C4E76DC0>

  File "C:\Users\abdul\AppData\Local\Programs\Python\Python38\lib\site-packages\streamlit\runtime\scriptrunner\exec_code.py", line 88, in exec_func_with_error_handling
    result = func()
             └ <function ScriptRunner._run_script.<locals>.code_to_exec at 0x000001F0EF777790>

  File "C:\Users\abdul\AppData\Local\Programs\Python\Python38\lib\site-packages\streamlit\runtime\scriptrunner\script_runner.py", line 579, in code_to_exec
    exec(code, module.__dict__)
         │     │      └ <member '__dict__' of 'module' objects>
         │     └ <module '__main__' from 'D:\\OLLAMA\\youtube-chatbot12\\app.py'>
         └ <code object <module> at 0x000001F0C6335BE0, file "D:\OLLAMA\youtube-chatbot12\app.py", line 1>

  File "D:\OLLAMA\youtube-chatbot12\app.py", line 252, in <module>
    handle_video_load(video_url_input)
    │                 └ 'https://www.youtube.com/watch?v=ZzaPdXTrSb8'
    └ <function handle_video_load at 0x000001F0EF777940>

  File "D:\OLLAMA\youtube-chatbot12\app.py", line 226, in handle_video_load
    transcript = get_transcript(video_id)
                 │              └ 'ZzaPdXTrSb8'
                 └ <function get_transcript at 0x000001F0C6343940>

> File "D:\OLLAMA\youtube-chatbot12\chatbot.py", line 77, in get_transcript
    transcript_list = YouTubeTranscriptApi.list_transcripts(video_id)
                      │                                     └ 'ZzaPdXTrSb8'
                      └ <class 'youtube_transcript_api._api.YouTubeTranscriptApi'>

AttributeError: type object 'YouTubeTranscriptApi' has no attribute 'list_transcripts'
2026-06-10 09:34:06.554 | ERROR    | chatbot:get_transcript:104 - Unexpected error fetching transcript for ZzaPdXTrSb8
Traceback (most recent call last):

  File "C:\Users\abdul\AppData\Local\Programs\Python\Python38\lib\threading.py", line 890, in _bootstrap
    self._bootstrap_inner()
    │    └ <function Thread._bootstrap_inner at 0x000001F0C29FC040>
    └ <Thread(ScriptRunner.scriptThread, started 12760)>

  File "C:\Users\abdul\AppData\Local\Programs\Python\Python38\lib\threading.py", line 932, in _bootstrap_inner
    self.run()
    │    └ <function Thread.run at 0x000001F0C29FBD30>
    └ <Thread(ScriptRunner.scriptThread, started 12760)>

  File "C:\Users\abdul\AppData\Local\Programs\Python\Python38\lib\threading.py", line 870, in run
    self._target(*self._args, **self._kwargs)
    │    │        │    │        │    └ {}
    │    │        │    │        └ <Thread(ScriptRunner.scriptThread, started 12760)>
    │    │        │    └ ()
    │    │        └ <Thread(ScriptRunner.scriptThread, started 12760)>
    │    └ <bound method ScriptRunner._run_script_thread of ScriptRunner(_session_id='62598ed6-b195-4212-be80-799fc6afd13f', _main_scrip...
    └ <Thread(ScriptRunner.scriptThread, started 12760)>

  File "C:\Users\abdul\AppData\Local\Programs\Python\Python38\lib\site-packages\streamlit\runtime\scriptrunner\script_runner.py", line 320, in _run_script_thread
    self._run_script(request.rerun_data)
    │    │           │       └ <property object at 0x000001F0C4E27AE0>
    │    │           └ ScriptRequest(type=<ScriptRequestType.RERUN: 'RERUN'>, _rerun_data=RerunData(widget_states=widgets {
    │    │               id: "$$ID-38bab446a52e...
    │    └ <function ScriptRunner._run_script at 0x000001F0C4F033A0>
    └ ScriptRunner(_session_id='62598ed6-b195-4212-be80-799fc6afd13f', _main_script_path='app.py', _session_state={num_chunks: 0, m...

  File "C:\Users\abdul\AppData\Local\Programs\Python\Python38\lib\site-packages\streamlit\runtime\scriptrunner\script_runner.py", line 595, in _run_script
    ) = exec_func_with_error_handling(code_to_exec, ctx)
        │                             │             └ ScriptRunContext(session_id='62598ed6-b195-4212-be80-799fc6afd13f', _enqueue=<bound method ScriptRunner._enqueue_forward_msg ...
        │                             └ <function ScriptRunner._run_script.<locals>.code_to_exec at 0x000001F0EF777790>
        └ <function exec_func_with_error_handling at 0x000001F0C4E76DC0>

  File "C:\Users\abdul\AppData\Local\Programs\Python\Python38\lib\site-packages\streamlit\runtime\scriptrunner\exec_code.py", line 88, in exec_func_with_error_handling
    result = func()
             └ <function ScriptRunner._run_script.<locals>.code_to_exec at 0x000001F0EF777790>

  File "C:\Users\abdul\AppData\Local\Programs\Python\Python38\lib\site-packages\streamlit\runtime\scriptrunner\script_runner.py", line 579, in code_to_exec
    exec(code, module.__dict__)
         │     │      └ <member '__dict__' of 'module' objects>
         │     └ <module '__main__' from 'D:\\OLLAMA\\youtube-chatbot12\\app.py'>
         └ <code object <module> at 0x000001F0C6335BE0, file "D:\OLLAMA\youtube-chatbot12\app.py", line 1>

  File "D:\OLLAMA\youtube-chatbot12\app.py", line 252, in <module>
    handle_video_load(video_url_input)
    │                 └ 'https://www.youtube.com/watch?v=ZzaPdXTrSb8'
    └ <function handle_video_load at 0x000001F0EF777940>

  File "D:\OLLAMA\youtube-chatbot12\app.py", line 226, in handle_video_load
    transcript = get_transcript(video_id)
                 │              └ 'ZzaPdXTrSb8'
                 └ <function get_transcript at 0x000001F0C6343940>

> File "D:\OLLAMA\youtube-chatbot12\chatbot.py", line 77, in get_transcript
    transcript_list = YouTubeTranscriptApi.list_transcripts(video_id)
                      │                                     └ 'ZzaPdXTrSb8'
                      └ <class 'youtube_transcript_api._api.YouTubeTranscriptApi'>

AttributeError: type object 'YouTubeTranscriptApi' has no attribute 'list_transcripts'
2026-06-10 09:34:06.598 | ERROR    | __main__:handle_video_load:235 - Load failed: Transcript retrieval failed: type object 'YouTubeTranscriptApi' has no attribute 'list_transcripts'
2026-06-10 09:34:06.598 | ERROR    | __main__:handle_video_load:235 - Load failed: Transcript retrieval failed: type object 'YouTubeTranscriptApi' has no attribute 'list_transcripts'
2026-06-10 09:34:06.598 | ERROR    | __main__:handle_video_load:235 - Load failed: Transcript retrieval failed: type object 'YouTubeTranscriptApi' has no attribute 'list_transcripts'
2026-06-10 09:34:06.598 | ERROR    | __main__:handle_video_load:235 - Load failed: Transcript retrieval failed: type object 'YouTubeTranscriptApi' has no attribute 'list_transcripts'
2026-06-10 09:34:13.719 | INFO     | chatbot:get_transcript:73 - Fetching transcript for video_id: ZzaPdXTrSb8
2026-06-10 09:34:13.719 | INFO     | chatbot:get_transcript:73 - Fetching transcript for video_id: ZzaPdXTrSb8
2026-06-10 09:34:13.719 | INFO     | chatbot:get_transcript:73 - Fetching transcript for video_id: ZzaPdXTrSb8
2026-06-10 09:34:13.719 | INFO     | chatbot:get_transcript:73 - Fetching transcript for video_id: ZzaPdXTrSb8
2026-06-10 09:34:13.719 | INFO     | chatbot:get_transcript:73 - Fetching transcript for video_id: ZzaPdXTrSb8
2026-06-10 09:34:13.722 | ERROR    | chatbot:get_transcript:104 - Unexpected error fetching transcript for ZzaPdXTrSb8
Traceback (most recent call last):

  File "C:\Users\abdul\AppData\Local\Programs\Python\Python38\lib\threading.py", line 890, in _bootstrap
    self._bootstrap_inner()
    │    └ <function Thread._bootstrap_inner at 0x000001F0C29FC040>
    └ <Thread(ScriptRunner.scriptThread, started 19080)>

  File "C:\Users\abdul\AppData\Local\Programs\Python\Python38\lib\threading.py", line 932, in _bootstrap_inner
    self.run()
    │    └ <function Thread.run at 0x000001F0C29FBD30>
    └ <Thread(ScriptRunner.scriptThread, started 19080)>

  File "C:\Users\abdul\AppData\Local\Programs\Python\Python38\lib\threading.py", line 870, in run
    self._target(*self._args, **self._kwargs)
    │    │        │    │        │    └ {}
    │    │        │    │        └ <Thread(ScriptRunner.scriptThread, started 19080)>
    │    │        │    └ ()
    │    │        └ <Thread(ScriptRunner.scriptThread, started 19080)>
    │    └ <bound method ScriptRunner._run_script_thread of ScriptRunner(_session_id='62598ed6-b195-4212-be80-799fc6afd13f', _main_scrip...
    └ <Thread(ScriptRunner.scriptThread, started 19080)>

  File "C:\Users\abdul\AppData\Local\Programs\Python\Python38\lib\site-packages\streamlit\runtime\scriptrunner\script_runner.py", line 320, in _run_script_thread
    self._run_script(request.rerun_data)
    │    │           │       └ <property object at 0x000001F0C4E27AE0>
    │    │           └ ScriptRequest(type=<ScriptRequestType.RERUN: 'RERUN'>, _rerun_data=RerunData(widget_states=widgets {
    │    │               id: "$$ID-38bab446a52e...
    │    └ <function ScriptRunner._run_script at 0x000001F0C4F033A0>
    └ ScriptRunner(_session_id='62598ed6-b195-4212-be80-799fc6afd13f', _main_script_path='app.py', _session_state={num_chunks: 0, m...

  File "C:\Users\abdul\AppData\Local\Programs\Python\Python38\lib\site-packages\streamlit\runtime\scriptrunner\script_runner.py", line 595, in _run_script
    ) = exec_func_with_error_handling(code_to_exec, ctx)
        │                             │             └ ScriptRunContext(session_id='62598ed6-b195-4212-be80-799fc6afd13f', _enqueue=<bound method ScriptRunner._enqueue_forward_msg ...
        │                             └ <function ScriptRunner._run_script.<locals>.code_to_exec at 0x000001F0EF96B160>
        └ <function exec_func_with_error_handling at 0x000001F0C4E76DC0>

  File "C:\Users\abdul\AppData\Local\Programs\Python\Python38\lib\site-packages\streamlit\runtime\scriptrunner\exec_code.py", line 88, in exec_func_with_error_handling
    result = func()
             └ <function ScriptRunner._run_script.<locals>.code_to_exec at 0x000001F0EF96B160>

  File "C:\Users\abdul\AppData\Local\Programs\Python\Python38\lib\site-packages\streamlit\runtime\scriptrunner\script_runner.py", line 579, in code_to_exec
    exec(code, module.__dict__)
         │     │      └ <member '__dict__' of 'module' objects>
         │     └ <module '__main__' from 'D:\\OLLAMA\\youtube-chatbot12\\app.py'>
         └ <code object <module> at 0x000001F0C6335BE0, file "D:\OLLAMA\youtube-chatbot12\app.py", line 1>

  File "D:\OLLAMA\youtube-chatbot12\app.py", line 252, in <module>
    handle_video_load(video_url_input)
    │                 └ 'https://www.youtube.com/watch?v=ZzaPdXTrSb8'
    └ <function handle_video_load at 0x000001F0EF7779D0>

  File "D:\OLLAMA\youtube-chatbot12\app.py", line 226, in handle_video_load
    transcript = get_transcript(video_id)
                 │              └ 'ZzaPdXTrSb8'
                 └ <function get_transcript at 0x000001F0C6343940>

> File "D:\OLLAMA\youtube-chatbot12\chatbot.py", line 77, in get_transcript
    transcript_list = YouTubeTranscriptApi.list_transcripts(video_id)
                      │                                     └ 'ZzaPdXTrSb8'
                      └ <class 'youtube_transcript_api._api.YouTubeTranscriptApi'>

AttributeError: type object 'YouTubeTranscriptApi' has no attribute 'list_transcripts'
2026-06-10 09:34:13.722 | ERROR    | chatbot:get_transcript:104 - Unexpected error fetching transcript for ZzaPdXTrSb8
Traceback (most recent call last):

  File "C:\Users\abdul\AppData\Local\Programs\Python\Python38\lib\threading.py", line 890, in _bootstrap
    self._bootstrap_inner()
    │    └ <function Thread._bootstrap_inner at 0x000001F0C29FC040>
    └ <Thread(ScriptRunner.scriptThread, started 19080)>

  File "C:\Users\abdul\AppData\Local\Programs\Python\Python38\lib\threading.py", line 932, in _bootstrap_inner
    self.run()
    │    └ <function Thread.run at 0x000001F0C29FBD30>
    └ <Thread(ScriptRunner.scriptThread, started 19080)>

  File "C:\Users\abdul\AppData\Local\Programs\Python\Python38\lib\threading.py", line 870, in run
    self._target(*self._args, **self._kwargs)
    │    │        │    │        │    └ {}
    │    │        │    │        └ <Thread(ScriptRunner.scriptThread, started 19080)>
    │    │        │    └ ()
    │    │        └ <Thread(ScriptRunner.scriptThread, started 19080)>
    │    └ <bound method ScriptRunner._run_script_thread of ScriptRunner(_session_id='62598ed6-b195-4212-be80-799fc6afd13f', _main_scrip...
    └ <Thread(ScriptRunner.scriptThread, started 19080)>

  File "C:\Users\abdul\AppData\Local\Programs\Python\Python38\lib\site-packages\streamlit\runtime\scriptrunner\script_runner.py", line 320, in _run_script_thread
    self._run_script(request.rerun_data)
    │    │           │       └ <property object at 0x000001F0C4E27AE0>
    │    │           └ ScriptRequest(type=<ScriptRequestType.RERUN: 'RERUN'>, _rerun_data=RerunData(widget_states=widgets {
    │    │               id: "$$ID-38bab446a52e...
    │    └ <function ScriptRunner._run_script at 0x000001F0C4F033A0>
    └ ScriptRunner(_session_id='62598ed6-b195-4212-be80-799fc6afd13f', _main_script_path='app.py', _session_state={num_chunks: 0, m...

  File "C:\Users\abdul\AppData\Local\Programs\Python\Python38\lib\site-packages\streamlit\runtime\scriptrunner\script_runner.py", line 595, in _run_script
    ) = exec_func_with_error_handling(code_to_exec, ctx)
        │                             │             └ ScriptRunContext(session_id='62598ed6-b195-4212-be80-799fc6afd13f', _enqueue=<bound method ScriptRunner._enqueue_forward_msg ...
        │                             └ <function ScriptRunner._run_script.<locals>.code_to_exec at 0x000001F0EF96B160>
        └ <function exec_func_with_error_handling at 0x000001F0C4E76DC0>

  File "C:\Users\abdul\AppData\Local\Programs\Python\Python38\lib\site-packages\streamlit\runtime\scriptrunner\exec_code.py", line 88, in exec_func_with_error_handling
    result = func()
             └ <function ScriptRunner._run_script.<locals>.code_to_exec at 0x000001F0EF96B160>

  File "C:\Users\abdul\AppData\Local\Programs\Python\Python38\lib\site-packages\streamlit\runtime\scriptrunner\script_runner.py", line 579, in code_to_exec
    exec(code, module.__dict__)
         │     │      └ <member '__dict__' of 'module' objects>
         │     └ <module '__main__' from 'D:\\OLLAMA\\youtube-chatbot12\\app.py'>
         └ <code object <module> at 0x000001F0C6335BE0, file "D:\OLLAMA\youtube-chatbot12\app.py", line 1>

  File "D:\OLLAMA\youtube-chatbot12\app.py", line 252, in <module>
    handle_video_load(video_url_input)
    │                 └ 'https://www.youtube.com/watch?v=ZzaPdXTrSb8'
    └ <function handle_video_load at 0x000001F0EF7779D0>

  File "D:\OLLAMA\youtube-chatbot12\app.py", line 226, in handle_video_load
    transcript = get_transcript(video_id)
                 │              └ 'ZzaPdXTrSb8'
                 └ <function get_transcript at 0x000001F0C6343940>

> File "D:\OLLAMA\youtube-chatbot12\chatbot.py", line 77, in get_transcript
    transcript_list = YouTubeTranscriptApi.list_transcripts(video_id)
                      │                                     └ 'ZzaPdXTrSb8'
                      └ <class 'youtube_transcript_api._api.YouTubeTranscriptApi'>

AttributeError: type object 'YouTubeTranscriptApi' has no attribute 'list_transcripts'
2026-06-10 09:34:13.722 | ERROR    | chatbot:get_transcript:104 - Unexpected error fetching transcript for ZzaPdXTrSb8
Traceback (most recent call last):

  File "C:\Users\abdul\AppData\Local\Programs\Python\Python38\lib\threading.py", line 890, in _bootstrap
    self._bootstrap_inner()
    │    └ <function Thread._bootstrap_inner at 0x000001F0C29FC040>
    └ <Thread(ScriptRunner.scriptThread, started 19080)>

  File "C:\Users\abdul\AppData\Local\Programs\Python\Python38\lib\threading.py", line 932, in _bootstrap_inner
    self.run()
    │    └ <function Thread.run at 0x000001F0C29FBD30>
    └ <Thread(ScriptRunner.scriptThread, started 19080)>

  File "C:\Users\abdul\AppData\Local\Programs\Python\Python38\lib\threading.py", line 870, in run
    self._target(*self._args, **self._kwargs)
    │    │        │    │        │    └ {}
    │    │        │    │        └ <Thread(ScriptRunner.scriptThread, started 19080)>
    │    │        │    └ ()
    │    │        └ <Thread(ScriptRunner.scriptThread, started 19080)>
    │    └ <bound method ScriptRunner._run_script_thread of ScriptRunner(_session_id='62598ed6-b195-4212-be80-799fc6afd13f', _main_scrip...
    └ <Thread(ScriptRunner.scriptThread, started 19080)>

  File "C:\Users\abdul\AppData\Local\Programs\Python\Python38\lib\site-packages\streamlit\runtime\scriptrunner\script_runner.py", line 320, in _run_script_thread
    self._run_script(request.rerun_data)
    │    │           │       └ <property object at 0x000001F0C4E27AE0>
    │    │           └ ScriptRequest(type=<ScriptRequestType.RERUN: 'RERUN'>, _rerun_data=RerunData(widget_states=widgets {
    │    │               id: "$$ID-38bab446a52e...
    │    └ <function ScriptRunner._run_script at 0x000001F0C4F033A0>
    └ ScriptRunner(_session_id='62598ed6-b195-4212-be80-799fc6afd13f', _main_script_path='app.py', _session_state={num_chunks: 0, m...

  File "C:\Users\abdul\AppData\Local\Programs\Python\Python38\lib\site-packages\streamlit\runtime\scriptrunner\script_runner.py", line 595, in _run_script
    ) = exec_func_with_error_handling(code_to_exec, ctx)
        │                             │             └ ScriptRunContext(session_id='62598ed6-b195-4212-be80-799fc6afd13f', _enqueue=<bound method ScriptRunner._enqueue_forward_msg ...
        │                             └ <function ScriptRunner._run_script.<locals>.code_to_exec at 0x000001F0EF96B160>
        └ <function exec_func_with_error_handling at 0x000001F0C4E76DC0>

  File "C:\Users\abdul\AppData\Local\Programs\Python\Python38\lib\site-packages\streamlit\runtime\scriptrunner\exec_code.py", line 88, in exec_func_with_error_handling
    result = func()
             └ <function ScriptRunner._run_script.<locals>.code_to_exec at 0x000001F0EF96B160>

  File "C:\Users\abdul\AppData\Local\Programs\Python\Python38\lib\site-packages\streamlit\runtime\scriptrunner\script_runner.py", line 579, in code_to_exec
    exec(code, module.__dict__)
         │     │      └ <member '__dict__' of 'module' objects>
         │     └ <module '__main__' from 'D:\\OLLAMA\\youtube-chatbot12\\app.py'>
         └ <code object <module> at 0x000001F0C6335BE0, file "D:\OLLAMA\youtube-chatbot12\app.py", line 1>

  File "D:\OLLAMA\youtube-chatbot12\app.py", line 252, in <module>
    handle_video_load(video_url_input)
    │                 └ 'https://www.youtube.com/watch?v=ZzaPdXTrSb8'
    └ <function handle_video_load at 0x000001F0EF7779D0>

  File "D:\OLLAMA\youtube-chatbot12\app.py", line 226, in handle_video_load
    transcript = get_transcript(video_id)
                 │              └ 'ZzaPdXTrSb8'
                 └ <function get_transcript at 0x000001F0C6343940>

> File "D:\OLLAMA\youtube-chatbot12\chatbot.py", line 77, in get_transcript
    transcript_list = YouTubeTranscriptApi.list_transcripts(video_id)
                      │                                     └ 'ZzaPdXTrSb8'
                      └ <class 'youtube_transcript_api._api.YouTubeTranscriptApi'>

AttributeError: type object 'YouTubeTranscriptApi' has no attribute 'list_transcripts'
2026-06-10 09:34:13.722 | ERROR    | chatbot:get_transcript:104 - Unexpected error fetching transcript for ZzaPdXTrSb8
Traceback (most recent call last):

  File "C:\Users\abdul\AppData\Local\Programs\Python\Python38\lib\threading.py", line 890, in _bootstrap
    self._bootstrap_inner()
    │    └ <function Thread._bootstrap_inner at 0x000001F0C29FC040>
    └ <Thread(ScriptRunner.scriptThread, started 19080)>

  File "C:\Users\abdul\AppData\Local\Programs\Python\Python38\lib\threading.py", line 932, in _bootstrap_inner
    self.run()
    │    └ <function Thread.run at 0x000001F0C29FBD30>
    └ <Thread(ScriptRunner.scriptThread, started 19080)>

  File "C:\Users\abdul\AppData\Local\Programs\Python\Python38\lib\threading.py", line 870, in run
    self._target(*self._args, **self._kwargs)
    │    │        │    │        │    └ {}
    │    │        │    │        └ <Thread(ScriptRunner.scriptThread, started 19080)>
    │    │        │    └ ()
    │    │        └ <Thread(ScriptRunner.scriptThread, started 19080)>
    │    └ <bound method ScriptRunner._run_script_thread of ScriptRunner(_session_id='62598ed6-b195-4212-be80-799fc6afd13f', _main_scrip...
    └ <Thread(ScriptRunner.scriptThread, started 19080)>

  File "C:\Users\abdul\AppData\Local\Programs\Python\Python38\lib\site-packages\streamlit\runtime\scriptrunner\script_runner.py", line 320, in _run_script_thread
    self._run_script(request.rerun_data)
    │    │           │       └ <property object at 0x000001F0C4E27AE0>
    │    │           └ ScriptRequest(type=<ScriptRequestType.RERUN: 'RERUN'>, _rerun_data=RerunData(widget_states=widgets {
    │    │               id: "$$ID-38bab446a52e...
    │    └ <function ScriptRunner._run_script at 0x000001F0C4F033A0>
    └ ScriptRunner(_session_id='62598ed6-b195-4212-be80-799fc6afd13f', _main_script_path='app.py', _session_state={num_chunks: 0, m...

  File "C:\Users\abdul\AppData\Local\Programs\Python\Python38\lib\site-packages\streamlit\runtime\scriptrunner\script_runner.py", line 595, in _run_script
    ) = exec_func_with_error_handling(code_to_exec, ctx)
        │                             │             └ ScriptRunContext(session_id='62598ed6-b195-4212-be80-799fc6afd13f', _enqueue=<bound method ScriptRunner._enqueue_forward_msg ...
        │                             └ <function ScriptRunner._run_script.<locals>.code_to_exec at 0x000001F0EF96B160>
        └ <function exec_func_with_error_handling at 0x000001F0C4E76DC0>

  File "C:\Users\abdul\AppData\Local\Programs\Python\Python38\lib\site-packages\streamlit\runtime\scriptrunner\exec_code.py", line 88, in exec_func_with_error_handling
    result = func()
             └ <function ScriptRunner._run_script.<locals>.code_to_exec at 0x000001F0EF96B160>

  File "C:\Users\abdul\AppData\Local\Programs\Python\Python38\lib\site-packages\streamlit\runtime\scriptrunner\script_runner.py", line 579, in code_to_exec
    exec(code, module.__dict__)
         │     │      └ <member '__dict__' of 'module' objects>
         │     └ <module '__main__' from 'D:\\OLLAMA\\youtube-chatbot12\\app.py'>
         └ <code object <module> at 0x000001F0C6335BE0, file "D:\OLLAMA\youtube-chatbot12\app.py", line 1>

  File "D:\OLLAMA\youtube-chatbot12\app.py", line 252, in <module>
    handle_video_load(video_url_input)
    │                 └ 'https://www.youtube.com/watch?v=ZzaPdXTrSb8'
    └ <function handle_video_load at 0x000001F0EF7779D0>

  File "D:\OLLAMA\youtube-chatbot12\app.py", line 226, in handle_video_load
    transcript = get_transcript(video_id)
                 │              └ 'ZzaPdXTrSb8'
                 └ <function get_transcript at 0x000001F0C6343940>

> File "D:\OLLAMA\youtube-chatbot12\chatbot.py", line 77, in get_transcript
    transcript_list = YouTubeTranscriptApi.list_transcripts(video_id)
                      │                                     └ 'ZzaPdXTrSb8'
                      └ <class 'youtube_transcript_api._api.YouTubeTranscriptApi'>

AttributeError: type object 'YouTubeTranscriptApi' has no attribute 'list_transcripts'
2026-06-10 09:34:13.722 | ERROR    | chatbot:get_transcript:104 - Unexpected error fetching transcript for ZzaPdXTrSb8
Traceback (most recent call last):

  File "C:\Users\abdul\AppData\Local\Programs\Python\Python38\lib\threading.py", line 890, in _bootstrap
    self._bootstrap_inner()
    │    └ <function Thread._bootstrap_inner at 0x000001F0C29FC040>
    └ <Thread(ScriptRunner.scriptThread, started 19080)>

  File "C:\Users\abdul\AppData\Local\Programs\Python\Python38\lib\threading.py", line 932, in _bootstrap_inner
    self.run()
    │    └ <function Thread.run at 0x000001F0C29FBD30>
    └ <Thread(ScriptRunner.scriptThread, started 19080)>

  File "C:\Users\abdul\AppData\Local\Programs\Python\Python38\lib\threading.py", line 870, in run
    self._target(*self._args, **self._kwargs)
    │    │        │    │        │    └ {}
    │    │        │    │        └ <Thread(ScriptRunner.scriptThread, started 19080)>
    │    │        │    └ ()
    │    │        └ <Thread(ScriptRunner.scriptThread, started 19080)>
    │    └ <bound method ScriptRunner._run_script_thread of ScriptRunner(_session_id='62598ed6-b195-4212-be80-799fc6afd13f', _main_scrip...
    └ <Thread(ScriptRunner.scriptThread, started 19080)>

  File "C:\Users\abdul\AppData\Local\Programs\Python\Python38\lib\site-packages\streamlit\runtime\scriptrunner\script_runner.py", line 320, in _run_script_thread
    self._run_script(request.rerun_data)
    │    │           │       └ <property object at 0x000001F0C4E27AE0>
    │    │           └ ScriptRequest(type=<ScriptRequestType.RERUN: 'RERUN'>, _rerun_data=RerunData(widget_states=widgets {
    │    │               id: "$$ID-38bab446a52e...
    │    └ <function ScriptRunner._run_script at 0x000001F0C4F033A0>
    └ ScriptRunner(_session_id='62598ed6-b195-4212-be80-799fc6afd13f', _main_script_path='app.py', _session_state={num_chunks: 0, m...

  File "C:\Users\abdul\AppData\Local\Programs\Python\Python38\lib\site-packages\streamlit\runtime\scriptrunner\script_runner.py", line 595, in _run_script
    ) = exec_func_with_error_handling(code_to_exec, ctx)
        │                             │             └ ScriptRunContext(session_id='62598ed6-b195-4212-be80-799fc6afd13f', _enqueue=<bound method ScriptRunner._enqueue_forward_msg ...
        │                             └ <function ScriptRunner._run_script.<locals>.code_to_exec at 0x000001F0EF96B160>
        └ <function exec_func_with_error_handling at 0x000001F0C4E76DC0>

  File "C:\Users\abdul\AppData\Local\Programs\Python\Python38\lib\site-packages\streamlit\runtime\scriptrunner\exec_code.py", line 88, in exec_func_with_error_handling
    result = func()
             └ <function ScriptRunner._run_script.<locals>.code_to_exec at 0x000001F0EF96B160>

  File "C:\Users\abdul\AppData\Local\Programs\Python\Python38\lib\site-packages\streamlit\runtime\scriptrunner\script_runner.py", line 579, in code_to_exec
    exec(code, module.__dict__)
         │     │      └ <member '__dict__' of 'module' objects>
         │     └ <module '__main__' from 'D:\\OLLAMA\\youtube-chatbot12\\app.py'>
         └ <code object <module> at 0x000001F0C6335BE0, file "D:\OLLAMA\youtube-chatbot12\app.py", line 1>

  File "D:\OLLAMA\youtube-chatbot12\app.py", line 252, in <module>
    handle_video_load(video_url_input)
    │                 └ 'https://www.youtube.com/watch?v=ZzaPdXTrSb8'
    └ <function handle_video_load at 0x000001F0EF7779D0>

  File "D:\OLLAMA\youtube-chatbot12\app.py", line 226, in handle_video_load
    transcript = get_transcript(video_id)
                 │              └ 'ZzaPdXTrSb8'
                 └ <function get_transcript at 0x000001F0C6343940>

> File "D:\OLLAMA\youtube-chatbot12\chatbot.py", line 77, in get_transcript
    transcript_list = YouTubeTranscriptApi.list_transcripts(video_id)
                      │                                     └ 'ZzaPdXTrSb8'
                      └ <class 'youtube_transcript_api._api.YouTubeTranscriptApi'>

AttributeError: type object 'YouTubeTranscriptApi' has no attribute 'list_transcripts'
2026-06-10 09:34:13.770 | ERROR    | __main__:handle_video_load:235 - Load failed: Transcript retrieval failed: type object 'YouTubeTranscriptApi' has no attribute 'list_transcripts'
2026-06-10 09:34:13.770 | ERROR    | __main__:handle_video_load:235 - Load failed: Transcript retrieval failed: type object 'YouTubeTranscriptApi' has no attribute 'list_transcripts'
2026-06-10 09:34:13.770 | ERROR    | __main__:handle_video_load:235 - Load failed: Transcript retrieval failed: type object 'YouTubeTranscriptApi' has no attribute 'list_transcripts'
2026-06-10 09:34:13.770 | ERROR    | __main__:handle_video_load:235 - Load failed: Transcript retrieval failed: type object 'YouTubeTranscriptApi' has no attribute 'list_transcripts'
2026-06-10 09:34:13.770 | ERROR    | __main__:handle_video_load:235 - Load failed: Transcript retrieval failed: type object 'YouTubeTranscriptApi' has no attribute 'list_transcripts'
2026-06-10 09:34:15.437 | INFO     | chatbot:get_transcript:73 - Fetching transcript for video_id: ZzaPdXTrSb8
2026-06-10 09:34:15.437 | INFO     | chatbot:get_transcript:73 - Fetching transcript for video_id: ZzaPdXTrSb8
2026-06-10 09:34:15.437 | INFO     | chatbot:get_transcript:73 - Fetching transcript for video_id: ZzaPdXTrSb8
2026-06-10 09:34:15.437 | INFO     | chatbot:get_transcript:73 - Fetching transcript for video_id: ZzaPdXTrSb8
2026-06-10 09:34:15.437 | INFO     | chatbot:get_transcript:73 - Fetching transcript for video_id: ZzaPdXTrSb8
2026-06-10 09:34:15.437 | INFO     | chatbot:get_transcript:73 - Fetching transcript for video_id: ZzaPdXTrSb8
2026-06-10 09:34:15.439 | ERROR    | chatbot:get_transcript:104 - Unexpected error fetching transcript for ZzaPdXTrSb8
Traceback (most recent call last):

  File "C:\Users\abdul\AppData\Local\Programs\Python\Python38\lib\threading.py", line 890, in _bootstrap
    self._bootstrap_inner()
    │    └ <function Thread._bootstrap_inner at 0x000001F0C29FC040>
    └ <Thread(ScriptRunner.scriptThread, started 36608)>

  File "C:\Users\abdul\AppData\Local\Programs\Python\Python38\lib\threading.py", line 932, in _bootstrap_inner
    self.run()
    │    └ <function Thread.run at 0x000001F0C29FBD30>
    └ <Thread(ScriptRunner.scriptThread, started 36608)>

  File "C:\Users\abdul\AppData\Local\Programs\Python\Python38\lib\threading.py", line 870, in run
    self._target(*self._args, **self._kwargs)
    │    │        │    │        │    └ {}
    │    │        │    │        └ <Thread(ScriptRunner.scriptThread, started 36608)>
    │    │        │    └ ()
    │    │        └ <Thread(ScriptRunner.scriptThread, started 36608)>
    │    └ <bound method ScriptRunner._run_script_thread of ScriptRunner(_session_id='62598ed6-b195-4212-be80-799fc6afd13f', _main_scrip...
    └ <Thread(ScriptRunner.scriptThread, started 36608)>

  File "C:\Users\abdul\AppData\Local\Programs\Python\Python38\lib\site-packages\streamlit\runtime\scriptrunner\script_runner.py", line 320, in _run_script_thread
    self._run_script(request.rerun_data)
    │    │           │       └ <property object at 0x000001F0C4E27AE0>
    │    │           └ ScriptRequest(type=<ScriptRequestType.RERUN: 'RERUN'>, _rerun_data=RerunData(widget_states=widgets {
    │    │               id: "$$ID-38bab446a52e...
    │    └ <function ScriptRunner._run_script at 0x000001F0C4F033A0>
    └ ScriptRunner(_session_id='62598ed6-b195-4212-be80-799fc6afd13f', _main_script_path='app.py', _session_state={num_chunks: 0, m...

  File "C:\Users\abdul\AppData\Local\Programs\Python\Python38\lib\site-packages\streamlit\runtime\scriptrunner\script_runner.py", line 595, in _run_script
    ) = exec_func_with_error_handling(code_to_exec, ctx)
        │                             │             └ ScriptRunContext(session_id='62598ed6-b195-4212-be80-799fc6afd13f', _enqueue=<bound method ScriptRunner._enqueue_forward_msg ...
        │                             └ <function ScriptRunner._run_script.<locals>.code_to_exec at 0x000001F0C62CD040>
        └ <function exec_func_with_error_handling at 0x000001F0C4E76DC0>

  File "C:\Users\abdul\AppData\Local\Programs\Python\Python38\lib\site-packages\streamlit\runtime\scriptrunner\exec_code.py", line 88, in exec_func_with_error_handling
    result = func()
             └ <function ScriptRunner._run_script.<locals>.code_to_exec at 0x000001F0C62CD040>

  File "C:\Users\abdul\AppData\Local\Programs\Python\Python38\lib\site-packages\streamlit\runtime\scriptrunner\script_runner.py", line 579, in code_to_exec
    exec(code, module.__dict__)
         │     │      └ <member '__dict__' of 'module' objects>
         │     └ <module '__main__' from 'D:\\OLLAMA\\youtube-chatbot12\\app.py'>
         └ <code object <module> at 0x000001F0C6335BE0, file "D:\OLLAMA\youtube-chatbot12\app.py", line 1>

  File "D:\OLLAMA\youtube-chatbot12\app.py", line 252, in <module>
    handle_video_load(video_url_input)
    │                 └ 'https://www.youtube.com/watch?v=ZzaPdXTrSb8'
    └ <function handle_video_load at 0x000001F0C62CD160>

  File "D:\OLLAMA\youtube-chatbot12\app.py", line 226, in handle_video_load
    transcript = get_transcript(video_id)
                 │              └ 'ZzaPdXTrSb8'
                 └ <function get_transcript at 0x000001F0C6343940>

> File "D:\OLLAMA\youtube-chatbot12\chatbot.py", line 77, in get_transcript
    transcript_list = YouTubeTranscriptApi.list_transcripts(video_id)
                      │                                     └ 'ZzaPdXTrSb8'
                      └ <class 'youtube_transcript_api._api.YouTubeTranscriptApi'>

AttributeError: type object 'YouTubeTranscriptApi' has no attribute 'list_transcripts'
2026-06-10 09:34:15.439 | ERROR    | chatbot:get_transcript:104 - Unexpected error fetching transcript for ZzaPdXTrSb8
Traceback (most recent call last):

  File "C:\Users\abdul\AppData\Local\Programs\Python\Python38\lib\threading.py", line 890, in _bootstrap
    self._bootstrap_inner()
    │    └ <function Thread._bootstrap_inner at 0x000001F0C29FC040>
    └ <Thread(ScriptRunner.scriptThread, started 36608)>

  File "C:\Users\abdul\AppData\Local\Programs\Python\Python38\lib\threading.py", line 932, in _bootstrap_inner
    self.run()
    │    └ <function Thread.run at 0x000001F0C29FBD30>
    └ <Thread(ScriptRunner.scriptThread, started 36608)>

  File "C:\Users\abdul\AppData\Local\Programs\Python\Python38\lib\threading.py", line 870, in run
    self._target(*self._args, **self._kwargs)
    │    │        │    │        │    └ {}
    │    │        │    │        └ <Thread(ScriptRunner.scriptThread, started 36608)>
    │    │        │    └ ()
    │    │        └ <Thread(ScriptRunner.scriptThread, started 36608)>
    │    └ <bound method ScriptRunner._run_script_thread of ScriptRunner(_session_id='62598ed6-b195-4212-be80-799fc6afd13f', _main_scrip...
    └ <Thread(ScriptRunner.scriptThread, started 36608)>

  File "C:\Users\abdul\AppData\Local\Programs\Python\Python38\lib\site-packages\streamlit\runtime\scriptrunner\script_runner.py", line 320, in _run_script_thread
    self._run_script(request.rerun_data)
    │    │           │       └ <property object at 0x000001F0C4E27AE0>
    │    │           └ ScriptRequest(type=<ScriptRequestType.RERUN: 'RERUN'>, _rerun_data=RerunData(widget_states=widgets {
    │    │               id: "$$ID-38bab446a52e...
    │    └ <function ScriptRunner._run_script at 0x000001F0C4F033A0>
    └ ScriptRunner(_session_id='62598ed6-b195-4212-be80-799fc6afd13f', _main_script_path='app.py', _session_state={num_chunks: 0, m...

  File "C:\Users\abdul\AppData\Local\Programs\Python\Python38\lib\site-packages\streamlit\runtime\scriptrunner\script_runner.py", line 595, in _run_script
    ) = exec_func_with_error_handling(code_to_exec, ctx)
        │                             │             └ ScriptRunContext(session_id='62598ed6-b195-4212-be80-799fc6afd13f', _enqueue=<bound method ScriptRunner._enqueue_forward_msg ...
        │                             └ <function ScriptRunner._run_script.<locals>.code_to_exec at 0x000001F0C62CD040>
        └ <function exec_func_with_error_handling at 0x000001F0C4E76DC0>

  File "C:\Users\abdul\AppData\Local\Programs\Python\Python38\lib\site-packages\streamlit\runtime\scriptrunner\exec_code.py", line 88, in exec_func_with_error_handling
    result = func()
             └ <function ScriptRunner._run_script.<locals>.code_to_exec at 0x000001F0C62CD040>

  File "C:\Users\abdul\AppData\Local\Programs\Python\Python38\lib\site-packages\streamlit\runtime\scriptrunner\script_runner.py", line 579, in code_to_exec
    exec(code, module.__dict__)
         │     │      └ <member '__dict__' of 'module' objects>
         │     └ <module '__main__' from 'D:\\OLLAMA\\youtube-chatbot12\\app.py'>
         └ <code object <module> at 0x000001F0C6335BE0, file "D:\OLLAMA\youtube-chatbot12\app.py", line 1>

  File "D:\OLLAMA\youtube-chatbot12\app.py", line 252, in <module>
    handle_video_load(video_url_input)
    │                 └ 'https://www.youtube.com/watch?v=ZzaPdXTrSb8'
    └ <function handle_video_load at 0x000001F0C62CD160>

  File "D:\OLLAMA\youtube-chatbot12\app.py", line 226, in handle_video_load
    transcript = get_transcript(video_id)
                 │              └ 'ZzaPdXTrSb8'
                 └ <function get_transcript at 0x000001F0C6343940>

> File "D:\OLLAMA\youtube-chatbot12\chatbot.py", line 77, in get_transcript
    transcript_list = YouTubeTranscriptApi.list_transcripts(video_id)
                      │                                     └ 'ZzaPdXTrSb8'
                      └ <class 'youtube_transcript_api._api.YouTubeTranscriptApi'>

AttributeError: type object 'YouTubeTranscriptApi' has no attribute 'list_transcripts'
2026-06-10 09:34:15.439 | ERROR    | chatbot:get_transcript:104 - Unexpected error fetching transcript for ZzaPdXTrSb8
Traceback (most recent call last):

  File "C:\Users\abdul\AppData\Local\Programs\Python\Python38\lib\threading.py", line 890, in _bootstrap
    self._bootstrap_inner()
    │    └ <function Thread._bootstrap_inner at 0x000001F0C29FC040>
    └ <Thread(ScriptRunner.scriptThread, started 36608)>

  File "C:\Users\abdul\AppData\Local\Programs\Python\Python38\lib\threading.py", line 932, in _bootstrap_inner
    self.run()
    │    └ <function Thread.run at 0x000001F0C29FBD30>
    └ <Thread(ScriptRunner.scriptThread, started 36608)>

  File "C:\Users\abdul\AppData\Local\Programs\Python\Python38\lib\threading.py", line 870, in run
    self._target(*self._args, **self._kwargs)
    │    │        │    │        │    └ {}
    │    │        │    │        └ <Thread(ScriptRunner.scriptThread, started 36608)>
    │    │        │    └ ()
    │    │        └ <Thread(ScriptRunner.scriptThread, started 36608)>
    │    └ <bound method ScriptRunner._run_script_thread of ScriptRunner(_session_id='62598ed6-b195-4212-be80-799fc6afd13f', _main_scrip...
    └ <Thread(ScriptRunner.scriptThread, started 36608)>

  File "C:\Users\abdul\AppData\Local\Programs\Python\Python38\lib\site-packages\streamlit\runtime\scriptrunner\script_runner.py", line 320, in _run_script_thread
    self._run_script(request.rerun_data)
    │    │           │       └ <property object at 0x000001F0C4E27AE0>
    │    │           └ ScriptRequest(type=<ScriptRequestType.RERUN: 'RERUN'>, _rerun_data=RerunData(widget_states=widgets {
    │    │               id: "$$ID-38bab446a52e...
    │    └ <function ScriptRunner._run_script at 0x000001F0C4F033A0>
    └ ScriptRunner(_session_id='62598ed6-b195-4212-be80-799fc6afd13f', _main_script_path='app.py', _session_state={num_chunks: 0, m...

  File "C:\Users\abdul\AppData\Local\Programs\Python\Python38\lib\site-packages\streamlit\runtime\scriptrunner\script_runner.py", line 595, in _run_script
    ) = exec_func_with_error_handling(code_to_exec, ctx)
        │                             │             └ ScriptRunContext(session_id='62598ed6-b195-4212-be80-799fc6afd13f', _enqueue=<bound method ScriptRunner._enqueue_forward_msg ...
        │                             └ <function ScriptRunner._run_script.<locals>.code_to_exec at 0x000001F0C62CD040>
        └ <function exec_func_with_error_handling at 0x000001F0C4E76DC0>

  File "C:\Users\abdul\AppData\Local\Programs\Python\Python38\lib\site-packages\streamlit\runtime\scriptrunner\exec_code.py", line 88, in exec_func_with_error_handling
    result = func()
             └ <function ScriptRunner._run_script.<locals>.code_to_exec at 0x000001F0C62CD040>

  File "C:\Users\abdul\AppData\Local\Programs\Python\Python38\lib\site-packages\streamlit\runtime\scriptrunner\script_runner.py", line 579, in code_to_exec
    exec(code, module.__dict__)
         │     │      └ <member '__dict__' of 'module' objects>
         │     └ <module '__main__' from 'D:\\OLLAMA\\youtube-chatbot12\\app.py'>
         └ <code object <module> at 0x000001F0C6335BE0, file "D:\OLLAMA\youtube-chatbot12\app.py", line 1>

  File "D:\OLLAMA\youtube-chatbot12\app.py", line 252, in <module>
    handle_video_load(video_url_input)
    │                 └ 'https://www.youtube.com/watch?v=ZzaPdXTrSb8'
    └ <function handle_video_load at 0x000001F0C62CD160>

  File "D:\OLLAMA\youtube-chatbot12\app.py", line 226, in handle_video_load
    transcript = get_transcript(video_id)
                 │              └ 'ZzaPdXTrSb8'
                 └ <function get_transcript at 0x000001F0C6343940>

> File "D:\OLLAMA\youtube-chatbot12\chatbot.py", line 77, in get_transcript
    transcript_list = YouTubeTranscriptApi.list_transcripts(video_id)
                      │                                     └ 'ZzaPdXTrSb8'
                      └ <class 'youtube_transcript_api._api.YouTubeTranscriptApi'>

AttributeError: type object 'YouTubeTranscriptApi' has no attribute 'list_transcripts'
2026-06-10 09:34:15.439 | ERROR    | chatbot:get_transcript:104 - Unexpected error fetching transcript for ZzaPdXTrSb8
Traceback (most recent call last):

  File "C:\Users\abdul\AppData\Local\Programs\Python\Python38\lib\threading.py", line 890, in _bootstrap
    self._bootstrap_inner()
    │    └ <function Thread._bootstrap_inner at 0x000001F0C29FC040>
    └ <Thread(ScriptRunner.scriptThread, started 36608)>

  File "C:\Users\abdul\AppData\Local\Programs\Python\Python38\lib\threading.py", line 932, in _bootstrap_inner
    self.run()
    │    └ <function Thread.run at 0x000001F0C29FBD30>
    └ <Thread(ScriptRunner.scriptThread, started 36608)>

  File "C:\Users\abdul\AppData\Local\Programs\Python\Python38\lib\threading.py", line 870, in run
    self._target(*self._args, **self._kwargs)
    │    │        │    │        │    └ {}
    │    │        │    │        └ <Thread(ScriptRunner.scriptThread, started 36608)>
    │    │        │    └ ()
    │    │        └ <Thread(ScriptRunner.scriptThread, started 36608)>
    │    └ <bound method ScriptRunner._run_script_thread of ScriptRunner(_session_id='62598ed6-b195-4212-be80-799fc6afd13f', _main_scrip...
    └ <Thread(ScriptRunner.scriptThread, started 36608)>

  File "C:\Users\abdul\AppData\Local\Programs\Python\Python38\lib\site-packages\streamlit\runtime\scriptrunner\script_runner.py", line 320, in _run_script_thread
    self._run_script(request.rerun_data)
    │    │           │       └ <property object at 0x000001F0C4E27AE0>
    │    │           └ ScriptRequest(type=<ScriptRequestType.RERUN: 'RERUN'>, _rerun_data=RerunData(widget_states=widgets {
    │    │               id: "$$ID-38bab446a52e...
    │    └ <function ScriptRunner._run_script at 0x000001F0C4F033A0>
    └ ScriptRunner(_session_id='62598ed6-b195-4212-be80-799fc6afd13f', _main_script_path='app.py', _session_state={num_chunks: 0, m...

  File "C:\Users\abdul\AppData\Local\Programs\Python\Python38\lib\site-packages\streamlit\runtime\scriptrunner\script_runner.py", line 595, in _run_script
    ) = exec_func_with_error_handling(code_to_exec, ctx)
        │                             │             └ ScriptRunContext(session_id='62598ed6-b195-4212-be80-799fc6afd13f', _enqueue=<bound method ScriptRunner._enqueue_forward_msg ...
        │                             └ <function ScriptRunner._run_script.<locals>.code_to_exec at 0x000001F0C62CD040>
        └ <function exec_func_with_error_handling at 0x000001F0C4E76DC0>

  File "C:\Users\abdul\AppData\Local\Programs\Python\Python38\lib\site-packages\streamlit\runtime\scriptrunner\exec_code.py", line 88, in exec_func_with_error_handling
    result = func()
             └ <function ScriptRunner._run_script.<locals>.code_to_exec at 0x000001F0C62CD040>

  File "C:\Users\abdul\AppData\Local\Programs\Python\Python38\lib\site-packages\streamlit\runtime\scriptrunner\script_runner.py", line 579, in code_to_exec
    exec(code, module.__dict__)
         │     │      └ <member '__dict__' of 'module' objects>
         │     └ <module '__main__' from 'D:\\OLLAMA\\youtube-chatbot12\\app.py'>
         └ <code object <module> at 0x000001F0C6335BE0, file "D:\OLLAMA\youtube-chatbot12\app.py", line 1>

  File "D:\OLLAMA\youtube-chatbot12\app.py", line 252, in <module>
    handle_video_load(video_url_input)
    │                 └ 'https://www.youtube.com/watch?v=ZzaPdXTrSb8'
    └ <function handle_video_load at 0x000001F0C62CD160>

  File "D:\OLLAMA\youtube-chatbot12\app.py", line 226, in handle_video_load
    transcript = get_transcript(video_id)
                 │              └ 'ZzaPdXTrSb8'
                 └ <function get_transcript at 0x000001F0C6343940>

> File "D:\OLLAMA\youtube-chatbot12\chatbot.py", line 77, in get_transcript
    transcript_list = YouTubeTranscriptApi.list_transcripts(video_id)
                      │                                     └ 'ZzaPdXTrSb8'
                      └ <class 'youtube_transcript_api._api.YouTubeTranscriptApi'>

AttributeError: type object 'YouTubeTranscriptApi' has no attribute 'list_transcripts'
2026-06-10 09:34:15.439 | ERROR    | chatbot:get_transcript:104 - Unexpected error fetching transcript for ZzaPdXTrSb8
Traceback (most recent call last):

  File "C:\Users\abdul\AppData\Local\Programs\Python\Python38\lib\threading.py", line 890, in _bootstrap
    self._bootstrap_inner()
    │    └ <function Thread._bootstrap_inner at 0x000001F0C29FC040>
    └ <Thread(ScriptRunner.scriptThread, started 36608)>

  File "C:\Users\abdul\AppData\Local\Programs\Python\Python38\lib\threading.py", line 932, in _bootstrap_inner
    self.run()
    │    └ <function Thread.run at 0x000001F0C29FBD30>
    └ <Thread(ScriptRunner.scriptThread, started 36608)>

  File "C:\Users\abdul\AppData\Local\Programs\Python\Python38\lib\threading.py", line 870, in run
    self._target(*self._args, **self._kwargs)
    │    │        │    │        │    └ {}
    │    │        │    │        └ <Thread(ScriptRunner.scriptThread, started 36608)>
    │    │        │    └ ()
    │    │        └ <Thread(ScriptRunner.scriptThread, started 36608)>
    │    └ <bound method ScriptRunner._run_script_thread of ScriptRunner(_session_id='62598ed6-b195-4212-be80-799fc6afd13f', _main_scrip...
    └ <Thread(ScriptRunner.scriptThread, started 36608)>

  File "C:\Users\abdul\AppData\Local\Programs\Python\Python38\lib\site-packages\streamlit\runtime\scriptrunner\script_runner.py", line 320, in _run_script_thread
    self._run_script(request.rerun_data)
    │    │           │       └ <property object at 0x000001F0C4E27AE0>
    │    │           └ ScriptRequest(type=<ScriptRequestType.RERUN: 'RERUN'>, _rerun_data=RerunData(widget_states=widgets {
    │    │               id: "$$ID-38bab446a52e...
    │    └ <function ScriptRunner._run_script at 0x000001F0C4F033A0>
    └ ScriptRunner(_session_id='62598ed6-b195-4212-be80-799fc6afd13f', _main_script_path='app.py', _session_state={num_chunks: 0, m...

  File "C:\Users\abdul\AppData\Local\Programs\Python\Python38\lib\site-packages\streamlit\runtime\scriptrunner\script_runner.py", line 595, in _run_script
    ) = exec_func_with_error_handling(code_to_exec, ctx)
        │                             │             └ ScriptRunContext(session_id='62598ed6-b195-4212-be80-799fc6afd13f', _enqueue=<bound method ScriptRunner._enqueue_forward_msg ...
        │                             └ <function ScriptRunner._run_script.<locals>.code_to_exec at 0x000001F0C62CD040>
        └ <function exec_func_with_error_handling at 0x000001F0C4E76DC0>

  File "C:\Users\abdul\AppData\Local\Programs\Python\Python38\lib\site-packages\streamlit\runtime\scriptrunner\exec_code.py", line 88, in exec_func_with_error_handling
    result = func()
             └ <function ScriptRunner._run_script.<locals>.code_to_exec at 0x000001F0C62CD040>

  File "C:\Users\abdul\AppData\Local\Programs\Python\Python38\lib\site-packages\streamlit\runtime\scriptrunner\script_runner.py", line 579, in code_to_exec
    exec(code, module.__dict__)
         │     │      └ <member '__dict__' of 'module' objects>
         │     └ <module '__main__' from 'D:\\OLLAMA\\youtube-chatbot12\\app.py'>
         └ <code object <module> at 0x000001F0C6335BE0, file "D:\OLLAMA\youtube-chatbot12\app.py", line 1>

  File "D:\OLLAMA\youtube-chatbot12\app.py", line 252, in <module>
    handle_video_load(video_url_input)
    │                 └ 'https://www.youtube.com/watch?v=ZzaPdXTrSb8'
    └ <function handle_video_load at 0x000001F0C62CD160>

  File "D:\OLLAMA\youtube-chatbot12\app.py", line 226, in handle_video_load
    transcript = get_transcript(video_id)
                 │              └ 'ZzaPdXTrSb8'
                 └ <function get_transcript at 0x000001F0C6343940>

> File "D:\OLLAMA\youtube-chatbot12\chatbot.py", line 77, in get_transcript
    transcript_list = YouTubeTranscriptApi.list_transcripts(video_id)
                      │                                     └ 'ZzaPdXTrSb8'
                      └ <class 'youtube_transcript_api._api.YouTubeTranscriptApi'>

AttributeError: type object 'YouTubeTranscriptApi' has no attribute 'list_transcripts'
2026-06-10 09:34:15.439 | ERROR    | chatbot:get_transcript:104 - Unexpected error fetching transcript for ZzaPdXTrSb8
Traceback (most recent call last):

  File "C:\Users\abdul\AppData\Local\Programs\Python\Python38\lib\threading.py", line 890, in _bootstrap
    self._bootstrap_inner()
    │    └ <function Thread._bootstrap_inner at 0x000001F0C29FC040>
    └ <Thread(ScriptRunner.scriptThread, started 36608)>

  File "C:\Users\abdul\AppData\Local\Programs\Python\Python38\lib\threading.py", line 932, in _bootstrap_inner
    self.run()
    │    └ <function Thread.run at 0x000001F0C29FBD30>
    └ <Thread(ScriptRunner.scriptThread, started 36608)>

  File "C:\Users\abdul\AppData\Local\Programs\Python\Python38\lib\threading.py", line 870, in run
    self._target(*self._args, **self._kwargs)
    │    │        │    │        │    └ {}
    │    │        │    │        └ <Thread(ScriptRunner.scriptThread, started 36608)>
    │    │        │    └ ()
    │    │        └ <Thread(ScriptRunner.scriptThread, started 36608)>
    │    └ <bound method ScriptRunner._run_script_thread of ScriptRunner(_session_id='62598ed6-b195-4212-be80-799fc6afd13f', _main_scrip...
    └ <Thread(ScriptRunner.scriptThread, started 36608)>

  File "C:\Users\abdul\AppData\Local\Programs\Python\Python38\lib\site-packages\streamlit\runtime\scriptrunner\script_runner.py", line 320, in _run_script_thread
    self._run_script(request.rerun_data)
    │    │           │       └ <property object at 0x000001F0C4E27AE0>
    │    │           └ ScriptRequest(type=<ScriptRequestType.RERUN: 'RERUN'>, _rerun_data=RerunData(widget_states=widgets {
    │    │               id: "$$ID-38bab446a52e...
    │    └ <function ScriptRunner._run_script at 0x000001F0C4F033A0>
    └ ScriptRunner(_session_id='62598ed6-b195-4212-be80-799fc6afd13f', _main_script_path='app.py', _session_state={num_chunks: 0, m...

  File "C:\Users\abdul\AppData\Local\Programs\Python\Python38\lib\site-packages\streamlit\runtime\scriptrunner\script_runner.py", line 595, in _run_script
    ) = exec_func_with_error_handling(code_to_exec, ctx)
        │                             │             └ ScriptRunContext(session_id='62598ed6-b195-4212-be80-799fc6afd13f', _enqueue=<bound method ScriptRunner._enqueue_forward_msg ...
        │                             └ <function ScriptRunner._run_script.<locals>.code_to_exec at 0x000001F0C62CD040>
        └ <function exec_func_with_error_handling at 0x000001F0C4E76DC0>

  File "C:\Users\abdul\AppData\Local\Programs\Python\Python38\lib\site-packages\streamlit\runtime\scriptrunner\exec_code.py", line 88, in exec_func_with_error_handling
    result = func()
             └ <function ScriptRunner._run_script.<locals>.code_to_exec at 0x000001F0C62CD040>

  File "C:\Users\abdul\AppData\Local\Programs\Python\Python38\lib\site-packages\streamlit\runtime\scriptrunner\script_runner.py", line 579, in code_to_exec
    exec(code, module.__dict__)
         │     │      └ <member '__dict__' of 'module' objects>
         │     └ <module '__main__' from 'D:\\OLLAMA\\youtube-chatbot12\\app.py'>
         └ <code object <module> at 0x000001F0C6335BE0, file "D:\OLLAMA\youtube-chatbot12\app.py", line 1>

  File "D:\OLLAMA\youtube-chatbot12\app.py", line 252, in <module>
    handle_video_load(video_url_input)
    │                 └ 'https://www.youtube.com/watch?v=ZzaPdXTrSb8'
    └ <function handle_video_load at 0x000001F0C62CD160>

  File "D:\OLLAMA\youtube-chatbot12\app.py", line 226, in handle_video_load
    transcript = get_transcript(video_id)
                 │              └ 'ZzaPdXTrSb8'
                 └ <function get_transcript at 0x000001F0C6343940>

> File "D:\OLLAMA\youtube-chatbot12\chatbot.py", line 77, in get_transcript
    transcript_list = YouTubeTranscriptApi.list_transcripts(video_id)
                      │                                     └ 'ZzaPdXTrSb8'
                      └ <class 'youtube_transcript_api._api.YouTubeTranscriptApi'>

AttributeError: type object 'YouTubeTranscriptApi' has no attribute 'list_transcripts'
2026-06-10 09:34:15.497 | ERROR    | __main__:handle_video_load:235 - Load failed: Transcript retrieval failed: type object 'YouTubeTranscriptApi' has no attribute 'list_transcripts'
2026-06-10 09:34:15.497 | ERROR    | __main__:handle_video_load:235 - Load failed: Transcript retrieval failed: type object 'YouTubeTranscriptApi' has no attribute 'list_transcripts'
2026-06-10 09:34:15.497 | ERROR    | __main__:handle_video_load:235 - Load failed: Transcript retrieval failed: type object 'YouTubeTranscriptApi' has no attribute 'list_transcripts'
2026-06-10 09:34:15.497 | ERROR    | __main__:handle_video_load:235 - Load failed: Transcript retrieval failed: type object 'YouTubeTranscriptApi' has no attribute 'list_transcripts'
2026-06-10 09:34:15.497 | ERROR    | __main__:handle_video_load:235 - Load failed: Transcript retrieval failed: type object 'YouTubeTranscriptApi' has no attribute 'list_transcripts'
2026-06-10 09:34:15.497 | ERROR    | __main__:handle_video_load:235 - Load failed: Transcript retrieval failed: type object 'YouTubeTranscriptApi' has no attribute 'list_transcripts'
2026-06-10 09:34:33.142 | INFO     | chatbot:get_transcript:73 - Fetching transcript for video_id: ZzaPdXTrSb8
2026-06-10 09:34:33.142 | INFO     | chatbot:get_transcript:73 - Fetching transcript for video_id: ZzaPdXTrSb8
2026-06-10 09:34:33.142 | INFO     | chatbot:get_transcript:73 - Fetching transcript for video_id: ZzaPdXTrSb8
2026-06-10 09:34:33.142 | INFO     | chatbot:get_transcript:73 - Fetching transcript for video_id: ZzaPdXTrSb8
2026-06-10 09:34:33.142 | INFO     | chatbot:get_transcript:73 - Fetching transcript for video_id: ZzaPdXTrSb8
2026-06-10 09:34:33.142 | INFO     | chatbot:get_transcript:73 - Fetching transcript for video_id: ZzaPdXTrSb8
2026-06-10 09:34:33.142 | INFO     | chatbot:get_transcript:73 - Fetching transcript for video_id: ZzaPdXTrSb8
2026-06-10 09:34:33.142 | INFO     | chatbot:get_transcript:73 - Fetching transcript for video_id: ZzaPdXTrSb8
2026-06-10 09:34:33.146 | ERROR    | chatbot:get_transcript:104 - Unexpected error fetching transcript for ZzaPdXTrSb8
Traceback (most recent call last):

  File "C:\Users\abdul\AppData\Local\Programs\Python\Python38\lib\threading.py", line 890, in _bootstrap
    self._bootstrap_inner()
    │    └ <function Thread._bootstrap_inner at 0x000001F0C29FC040>
    └ <Thread(ScriptRunner.scriptThread, started 14948)>

  File "C:\Users\abdul\AppData\Local\Programs\Python\Python38\lib\threading.py", line 932, in _bootstrap_inner
    self.run()
    │    └ <function Thread.run at 0x000001F0C29FBD30>
    └ <Thread(ScriptRunner.scriptThread, started 14948)>

  File "C:\Users\abdul\AppData\Local\Programs\Python\Python38\lib\threading.py", line 870, in run
    self._target(*self._args, **self._kwargs)
    │    │        │    │        │    └ {}
    │    │        │    │        └ <Thread(ScriptRunner.scriptThread, started 14948)>
    │    │        │    └ ()
    │    │        └ <Thread(ScriptRunner.scriptThread, started 14948)>
    │    └ <bound method ScriptRunner._run_script_thread of ScriptRunner(_session_id='62598ed6-b195-4212-be80-799fc6afd13f', _main_scrip...
    └ <Thread(ScriptRunner.scriptThread, started 14948)>

  File "C:\Users\abdul\AppData\Local\Programs\Python\Python38\lib\site-packages\streamlit\runtime\scriptrunner\script_runner.py", line 320, in _run_script_thread
    self._run_script(request.rerun_data)
    │    │           │       └ <property object at 0x000001F0C4E27AE0>
    │    │           └ ScriptRequest(type=<ScriptRequestType.RERUN: 'RERUN'>, _rerun_data=RerunData(widget_states=widgets {
    │    │               id: "$$ID-38bab446a52e...
    │    └ <function ScriptRunner._run_script at 0x000001F0C4F033A0>
    └ ScriptRunner(_session_id='62598ed6-b195-4212-be80-799fc6afd13f', _main_script_path='app.py', _session_state={num_chunks: 0, m...

  File "C:\Users\abdul\AppData\Local\Programs\Python\Python38\lib\site-packages\streamlit\runtime\scriptrunner\script_runner.py", line 595, in _run_script
    ) = exec_func_with_error_handling(code_to_exec, ctx)
        │                             │             └ ScriptRunContext(session_id='62598ed6-b195-4212-be80-799fc6afd13f', _enqueue=<bound method ScriptRunner._enqueue_forward_msg ...
        │                             └ <function ScriptRunner._run_script.<locals>.code_to_exec at 0x000001F0EF777550>
        └ <function exec_func_with_error_handling at 0x000001F0C4E76DC0>

  File "C:\Users\abdul\AppData\Local\Programs\Python\Python38\lib\site-packages\streamlit\runtime\scriptrunner\exec_code.py", line 88, in exec_func_with_error_handling
    result = func()
             └ <function ScriptRunner._run_script.<locals>.code_to_exec at 0x000001F0EF777550>

  File "C:\Users\abdul\AppData\Local\Programs\Python\Python38\lib\site-packages\streamlit\runtime\scriptrunner\script_runner.py", line 579, in code_to_exec
    exec(code, module.__dict__)
         │     │      └ <member '__dict__' of 'module' objects>
         │     └ <module '__main__' from 'D:\\OLLAMA\\youtube-chatbot12\\app.py'>
         └ <code object <module> at 0x000001F0C6335BE0, file "D:\OLLAMA\youtube-chatbot12\app.py", line 1>

  File "D:\OLLAMA\youtube-chatbot12\app.py", line 252, in <module>
    handle_video_load(video_url_input)
    │                 └ 'https://www.youtube.com/watch?v=ZzaPdXTrSb8'
    └ <function handle_video_load at 0x000001F0EF777790>

  File "D:\OLLAMA\youtube-chatbot12\app.py", line 226, in handle_video_load
    transcript = get_transcript(video_id)
                 │              └ 'ZzaPdXTrSb8'
                 └ <function get_transcript at 0x000001F0C6343940>

> File "D:\OLLAMA\youtube-chatbot12\chatbot.py", line 77, in get_transcript
    transcript_list = YouTubeTranscriptApi.list_transcripts(video_id)
                      │                                     └ 'ZzaPdXTrSb8'
                      └ <class 'youtube_transcript_api._api.YouTubeTranscriptApi'>

AttributeError: type object 'YouTubeTranscriptApi' has no attribute 'list_transcripts'
2026-06-10 09:34:33.146 | ERROR    | chatbot:get_transcript:104 - Unexpected error fetching transcript for ZzaPdXTrSb8
Traceback (most recent call last):

  File "C:\Users\abdul\AppData\Local\Programs\Python\Python38\lib\threading.py", line 890, in _bootstrap
    self._bootstrap_inner()
    │    └ <function Thread._bootstrap_inner at 0x000001F0C29FC040>
    └ <Thread(ScriptRunner.scriptThread, started 14948)>

  File "C:\Users\abdul\AppData\Local\Programs\Python\Python38\lib\threading.py", line 932, in _bootstrap_inner
    self.run()
    │    └ <function Thread.run at 0x000001F0C29FBD30>
    └ <Thread(ScriptRunner.scriptThread, started 14948)>

  File "C:\Users\abdul\AppData\Local\Programs\Python\Python38\lib\threading.py", line 870, in run
    self._target(*self._args, **self._kwargs)
    │    │        │    │        │    └ {}
    │    │        │    │        └ <Thread(ScriptRunner.scriptThread, started 14948)>
    │    │        │    └ ()
    │    │        └ <Thread(ScriptRunner.scriptThread, started 14948)>
    │    └ <bound method ScriptRunner._run_script_thread of ScriptRunner(_session_id='62598ed6-b195-4212-be80-799fc6afd13f', _main_scrip...
    └ <Thread(ScriptRunner.scriptThread, started 14948)>

  File "C:\Users\abdul\AppData\Local\Programs\Python\Python38\lib\site-packages\streamlit\runtime\scriptrunner\script_runner.py", line 320, in _run_script_thread
    self._run_script(request.rerun_data)
    │    │           │       └ <property object at 0x000001F0C4E27AE0>
    │    │           └ ScriptRequest(type=<ScriptRequestType.RERUN: 'RERUN'>, _rerun_data=RerunData(widget_states=widgets {
    │    │               id: "$$ID-38bab446a52e...
    │    └ <function ScriptRunner._run_script at 0x000001F0C4F033A0>
    └ ScriptRunner(_session_id='62598ed6-b195-4212-be80-799fc6afd13f', _main_script_path='app.py', _session_state={num_chunks: 0, m...

  File "C:\Users\abdul\AppData\Local\Programs\Python\Python38\lib\site-packages\streamlit\runtime\scriptrunner\script_runner.py", line 595, in _run_script
    ) = exec_func_with_error_handling(code_to_exec, ctx)
        │                             │             └ ScriptRunContext(session_id='62598ed6-b195-4212-be80-799fc6afd13f', _enqueue=<bound method ScriptRunner._enqueue_forward_msg ...
        │                             └ <function ScriptRunner._run_script.<locals>.code_to_exec at 0x000001F0EF777550>
        └ <function exec_func_with_error_handling at 0x000001F0C4E76DC0>

  File "C:\Users\abdul\AppData\Local\Programs\Python\Python38\lib\site-packages\streamlit\runtime\scriptrunner\exec_code.py", line 88, in exec_func_with_error_handling
    result = func()
             └ <function ScriptRunner._run_script.<locals>.code_to_exec at 0x000001F0EF777550>

  File "C:\Users\abdul\AppData\Local\Programs\Python\Python38\lib\site-packages\streamlit\runtime\scriptrunner\script_runner.py", line 579, in code_to_exec
    exec(code, module.__dict__)
         │     │      └ <member '__dict__' of 'module' objects>
         │     └ <module '__main__' from 'D:\\OLLAMA\\youtube-chatbot12\\app.py'>
         └ <code object <module> at 0x000001F0C6335BE0, file "D:\OLLAMA\youtube-chatbot12\app.py", line 1>

  File "D:\OLLAMA\youtube-chatbot12\app.py", line 252, in <module>
    handle_video_load(video_url_input)
    │                 └ 'https://www.youtube.com/watch?v=ZzaPdXTrSb8'
    └ <function handle_video_load at 0x000001F0EF777790>

  File "D:\OLLAMA\youtube-chatbot12\app.py", line 226, in handle_video_load
    transcript = get_transcript(video_id)
                 │              └ 'ZzaPdXTrSb8'
                 └ <function get_transcript at 0x000001F0C6343940>

> File "D:\OLLAMA\youtube-chatbot12\chatbot.py", line 77, in get_transcript
    transcript_list = YouTubeTranscriptApi.list_transcripts(video_id)
                      │                                     └ 'ZzaPdXTrSb8'
                      └ <class 'youtube_transcript_api._api.YouTubeTranscriptApi'>

AttributeError: type object 'YouTubeTranscriptApi' has no attribute 'list_transcripts'
2026-06-10 09:34:33.146 | ERROR    | chatbot:get_transcript:104 - Unexpected error fetching transcript for ZzaPdXTrSb8
Traceback (most recent call last):

  File "C:\Users\abdul\AppData\Local\Programs\Python\Python38\lib\threading.py", line 890, in _bootstrap
    self._bootstrap_inner()
    │    └ <function Thread._bootstrap_inner at 0x000001F0C29FC040>
    └ <Thread(ScriptRunner.scriptThread, started 14948)>

  File "C:\Users\abdul\AppData\Local\Programs\Python\Python38\lib\threading.py", line 932, in _bootstrap_inner
    self.run()
    │    └ <function Thread.run at 0x000001F0C29FBD30>
    └ <Thread(ScriptRunner.scriptThread, started 14948)>

  File "C:\Users\abdul\AppData\Local\Programs\Python\Python38\lib\threading.py", line 870, in run
    self._target(*self._args, **self._kwargs)
    │    │        │    │        │    └ {}
    │    │        │    │        └ <Thread(ScriptRunner.scriptThread, started 14948)>
    │    │        │    └ ()
    │    │        └ <Thread(ScriptRunner.scriptThread, started 14948)>
    │    └ <bound method ScriptRunner._run_script_thread of ScriptRunner(_session_id='62598ed6-b195-4212-be80-799fc6afd13f', _main_scrip...
    └ <Thread(ScriptRunner.scriptThread, started 14948)>

  File "C:\Users\abdul\AppData\Local\Programs\Python\Python38\lib\site-packages\streamlit\runtime\scriptrunner\script_runner.py", line 320, in _run_script_thread
    self._run_script(request.rerun_data)
    │    │           │       └ <property object at 0x000001F0C4E27AE0>
    │    │           └ ScriptRequest(type=<ScriptRequestType.RERUN: 'RERUN'>, _rerun_data=RerunData(widget_states=widgets {
    │    │               id: "$$ID-38bab446a52e...
    │    └ <function ScriptRunner._run_script at 0x000001F0C4F033A0>
    └ ScriptRunner(_session_id='62598ed6-b195-4212-be80-799fc6afd13f', _main_script_path='app.py', _session_state={num_chunks: 0, m...

  File "C:\Users\abdul\AppData\Local\Programs\Python\Python38\lib\site-packages\streamlit\runtime\scriptrunner\script_runner.py", line 595, in _run_script
    ) = exec_func_with_error_handling(code_to_exec, ctx)
        │                             │             └ ScriptRunContext(session_id='62598ed6-b195-4212-be80-799fc6afd13f', _enqueue=<bound method ScriptRunner._enqueue_forward_msg ...
        │                             └ <function ScriptRunner._run_script.<locals>.code_to_exec at 0x000001F0EF777550>
        └ <function exec_func_with_error_handling at 0x000001F0C4E76DC0>

  File "C:\Users\abdul\AppData\Local\Programs\Python\Python38\lib\site-packages\streamlit\runtime\scriptrunner\exec_code.py", line 88, in exec_func_with_error_handling
    result = func()
             └ <function ScriptRunner._run_script.<locals>.code_to_exec at 0x000001F0EF777550>

  File "C:\Users\abdul\AppData\Local\Programs\Python\Python38\lib\site-packages\streamlit\runtime\scriptrunner\script_runner.py", line 579, in code_to_exec
    exec(code, module.__dict__)
         │     │      └ <member '__dict__' of 'module' objects>
         │     └ <module '__main__' from 'D:\\OLLAMA\\youtube-chatbot12\\app.py'>
         └ <code object <module> at 0x000001F0C6335BE0, file "D:\OLLAMA\youtube-chatbot12\app.py", line 1>

  File "D:\OLLAMA\youtube-chatbot12\app.py", line 252, in <module>
    handle_video_load(video_url_input)
    │                 └ 'https://www.youtube.com/watch?v=ZzaPdXTrSb8'
    └ <function handle_video_load at 0x000001F0EF777790>

  File "D:\OLLAMA\youtube-chatbot12\app.py", line 226, in handle_video_load
    transcript = get_transcript(video_id)
                 │              └ 'ZzaPdXTrSb8'
                 └ <function get_transcript at 0x000001F0C6343940>

> File "D:\OLLAMA\youtube-chatbot12\chatbot.py", line 77, in get_transcript
    transcript_list = YouTubeTranscriptApi.list_transcripts(video_id)
                      │                                     └ 'ZzaPdXTrSb8'
                      └ <class 'youtube_transcript_api._api.YouTubeTranscriptApi'>

AttributeError: type object 'YouTubeTranscriptApi' has no attribute 'list_transcripts'
2026-06-10 09:34:33.146 | ERROR    | chatbot:get_transcript:104 - Unexpected error fetching transcript for ZzaPdXTrSb8
Traceback (most recent call last):

  File "C:\Users\abdul\AppData\Local\Programs\Python\Python38\lib\threading.py", line 890, in _bootstrap
    self._bootstrap_inner()
    │    └ <function Thread._bootstrap_inner at 0x000001F0C29FC040>
    └ <Thread(ScriptRunner.scriptThread, started 14948)>

  File "C:\Users\abdul\AppData\Local\Programs\Python\Python38\lib\threading.py", line 932, in _bootstrap_inner
    self.run()
    │    └ <function Thread.run at 0x000001F0C29FBD30>
    └ <Thread(ScriptRunner.scriptThread, started 14948)>

  File "C:\Users\abdul\AppData\Local\Programs\Python\Python38\lib\threading.py", line 870, in run
    self._target(*self._args, **self._kwargs)
    │    │        │    │        │    └ {}
    │    │        │    │        └ <Thread(ScriptRunner.scriptThread, started 14948)>
    │    │        │    └ ()
    │    │        └ <Thread(ScriptRunner.scriptThread, started 14948)>
    │    └ <bound method ScriptRunner._run_script_thread of ScriptRunner(_session_id='62598ed6-b195-4212-be80-799fc6afd13f', _main_scrip...
    └ <Thread(ScriptRunner.scriptThread, started 14948)>

  File "C:\Users\abdul\AppData\Local\Programs\Python\Python38\lib\site-packages\streamlit\runtime\scriptrunner\script_runner.py", line 320, in _run_script_thread
    self._run_script(request.rerun_data)
    │    │           │       └ <property object at 0x000001F0C4E27AE0>
    │    │           └ ScriptRequest(type=<ScriptRequestType.RERUN: 'RERUN'>, _rerun_data=RerunData(widget_states=widgets {
    │    │               id: "$$ID-38bab446a52e...
    │    └ <function ScriptRunner._run_script at 0x000001F0C4F033A0>
    └ ScriptRunner(_session_id='62598ed6-b195-4212-be80-799fc6afd13f', _main_script_path='app.py', _session_state={num_chunks: 0, m...

  File "C:\Users\abdul\AppData\Local\Programs\Python\Python38\lib\site-packages\streamlit\runtime\scriptrunner\script_runner.py", line 595, in _run_script
    ) = exec_func_with_error_handling(code_to_exec, ctx)
        │                             │             └ ScriptRunContext(session_id='62598ed6-b195-4212-be80-799fc6afd13f', _enqueue=<bound method ScriptRunner._enqueue_forward_msg ...
        │                             └ <function ScriptRunner._run_script.<locals>.code_to_exec at 0x000001F0EF777550>
        └ <function exec_func_with_error_handling at 0x000001F0C4E76DC0>

  File "C:\Users\abdul\AppData\Local\Programs\Python\Python38\lib\site-packages\streamlit\runtime\scriptrunner\exec_code.py", line 88, in exec_func_with_error_handling
    result = func()
             └ <function ScriptRunner._run_script.<locals>.code_to_exec at 0x000001F0EF777550>

  File "C:\Users\abdul\AppData\Local\Programs\Python\Python38\lib\site-packages\streamlit\runtime\scriptrunner\script_runner.py", line 579, in code_to_exec
    exec(code, module.__dict__)
         │     │      └ <member '__dict__' of 'module' objects>
         │     └ <module '__main__' from 'D:\\OLLAMA\\youtube-chatbot12\\app.py'>
         └ <code object <module> at 0x000001F0C6335BE0, file "D:\OLLAMA\youtube-chatbot12\app.py", line 1>

  File "D:\OLLAMA\youtube-chatbot12\app.py", line 252, in <module>
    handle_video_load(video_url_input)
    │                 └ 'https://www.youtube.com/watch?v=ZzaPdXTrSb8'
    └ <function handle_video_load at 0x000001F0EF777790>

  File "D:\OLLAMA\youtube-chatbot12\app.py", line 226, in handle_video_load
    transcript = get_transcript(video_id)
                 │              └ 'ZzaPdXTrSb8'
                 └ <function get_transcript at 0x000001F0C6343940>

> File "D:\OLLAMA\youtube-chatbot12\chatbot.py", line 77, in get_transcript
    transcript_list = YouTubeTranscriptApi.list_transcripts(video_id)
                      │                                     └ 'ZzaPdXTrSb8'
                      └ <class 'youtube_transcript_api._api.YouTubeTranscriptApi'>

AttributeError: type object 'YouTubeTranscriptApi' has no attribute 'list_transcripts'
2026-06-10 09:34:33.146 | ERROR    | chatbot:get_transcript:104 - Unexpected error fetching transcript for ZzaPdXTrSb8
Traceback (most recent call last):

  File "C:\Users\abdul\AppData\Local\Programs\Python\Python38\lib\threading.py", line 890, in _bootstrap
    self._bootstrap_inner()
    │    └ <function Thread._bootstrap_inner at 0x000001F0C29FC040>
    └ <Thread(ScriptRunner.scriptThread, started 14948)>

  File "C:\Users\abdul\AppData\Local\Programs\Python\Python38\lib\threading.py", line 932, in _bootstrap_inner
    self.run()
    │    └ <function Thread.run at 0x000001F0C29FBD30>
    └ <Thread(ScriptRunner.scriptThread, started 14948)>

  File "C:\Users\abdul\AppData\Local\Programs\Python\Python38\lib\threading.py", line 870, in run
    self._target(*self._args, **self._kwargs)
    │    │        │    │        │    └ {}
    │    │        │    │        └ <Thread(ScriptRunner.scriptThread, started 14948)>
    │    │        │    └ ()
    │    │        └ <Thread(ScriptRunner.scriptThread, started 14948)>
    │    └ <bound method ScriptRunner._run_script_thread of ScriptRunner(_session_id='62598ed6-b195-4212-be80-799fc6afd13f', _main_scrip...
    └ <Thread(ScriptRunner.scriptThread, started 14948)>

  File "C:\Users\abdul\AppData\Local\Programs\Python\Python38\lib\site-packages\streamlit\runtime\scriptrunner\script_runner.py", line 320, in _run_script_thread
    self._run_script(request.rerun_data)
    │    │           │       └ <property object at 0x000001F0C4E27AE0>
    │    │           └ ScriptRequest(type=<ScriptRequestType.RERUN: 'RERUN'>, _rerun_data=RerunData(widget_states=widgets {
    │    │               id: "$$ID-38bab446a52e...
    │    └ <function ScriptRunner._run_script at 0x000001F0C4F033A0>
    └ ScriptRunner(_session_id='62598ed6-b195-4212-be80-799fc6afd13f', _main_script_path='app.py', _session_state={num_chunks: 0, m...

  File "C:\Users\abdul\AppData\Local\Programs\Python\Python38\lib\site-packages\streamlit\runtime\scriptrunner\script_runner.py", line 595, in _run_script
    ) = exec_func_with_error_handling(code_to_exec, ctx)
        │                             │             └ ScriptRunContext(session_id='62598ed6-b195-4212-be80-799fc6afd13f', _enqueue=<bound method ScriptRunner._enqueue_forward_msg ...
        │                             └ <function ScriptRunner._run_script.<locals>.code_to_exec at 0x000001F0EF777550>
        └ <function exec_func_with_error_handling at 0x000001F0C4E76DC0>

  File "C:\Users\abdul\AppData\Local\Programs\Python\Python38\lib\site-packages\streamlit\runtime\scriptrunner\exec_code.py", line 88, in exec_func_with_error_handling
    result = func()
             └ <function ScriptRunner._run_script.<locals>.code_to_exec at 0x000001F0EF777550>

  File "C:\Users\abdul\AppData\Local\Programs\Python\Python38\lib\site-packages\streamlit\runtime\scriptrunner\script_runner.py", line 579, in code_to_exec
    exec(code, module.__dict__)
         │     │      └ <member '__dict__' of 'module' objects>
         │     └ <module '__main__' from 'D:\\OLLAMA\\youtube-chatbot12\\app.py'>
         └ <code object <module> at 0x000001F0C6335BE0, file "D:\OLLAMA\youtube-chatbot12\app.py", line 1>

  File "D:\OLLAMA\youtube-chatbot12\app.py", line 252, in <module>
    handle_video_load(video_url_input)
    │                 └ 'https://www.youtube.com/watch?v=ZzaPdXTrSb8'
    └ <function handle_video_load at 0x000001F0EF777790>

  File "D:\OLLAMA\youtube-chatbot12\app.py", line 226, in handle_video_load
    transcript = get_transcript(video_id)
                 │              └ 'ZzaPdXTrSb8'
                 └ <function get_transcript at 0x000001F0C6343940>

> File "D:\OLLAMA\youtube-chatbot12\chatbot.py", line 77, in get_transcript
    transcript_list = YouTubeTranscriptApi.list_transcripts(video_id)
                      │                                     └ 'ZzaPdXTrSb8'
                      └ <class 'youtube_transcript_api._api.YouTubeTranscriptApi'>

AttributeError: type object 'YouTubeTranscriptApi' has no attribute 'list_transcripts'
2026-06-10 09:34:33.146 | ERROR    | chatbot:get_transcript:104 - Unexpected error fetching transcript for ZzaPdXTrSb8
Traceback (most recent call last):

  File "C:\Users\abdul\AppData\Local\Programs\Python\Python38\lib\threading.py", line 890, in _bootstrap
    self._bootstrap_inner()
    │    └ <function Thread._bootstrap_inner at 0x000001F0C29FC040>
    └ <Thread(ScriptRunner.scriptThread, started 14948)>

  File "C:\Users\abdul\AppData\Local\Programs\Python\Python38\lib\threading.py", line 932, in _bootstrap_inner
    self.run()
    │    └ <function Thread.run at 0x000001F0C29FBD30>
    └ <Thread(ScriptRunner.scriptThread, started 14948)>

  File "C:\Users\abdul\AppData\Local\Programs\Python\Python38\lib\threading.py", line 870, in run
    self._target(*self._args, **self._kwargs)
    │    │        │    │        │    └ {}
    │    │        │    │        └ <Thread(ScriptRunner.scriptThread, started 14948)>
    │    │        │    └ ()
    │    │        └ <Thread(ScriptRunner.scriptThread, started 14948)>
    │    └ <bound method ScriptRunner._run_script_thread of ScriptRunner(_session_id='62598ed6-b195-4212-be80-799fc6afd13f', _main_scrip...
    └ <Thread(ScriptRunner.scriptThread, started 14948)>

  File "C:\Users\abdul\AppData\Local\Programs\Python\Python38\lib\site-packages\streamlit\runtime\scriptrunner\script_runner.py", line 320, in _run_script_thread
    self._run_script(request.rerun_data)
    │    │           │       └ <property object at 0x000001F0C4E27AE0>
    │    │           └ ScriptRequest(type=<ScriptRequestType.RERUN: 'RERUN'>, _rerun_data=RerunData(widget_states=widgets {
    │    │               id: "$$ID-38bab446a52e...
    │    └ <function ScriptRunner._run_script at 0x000001F0C4F033A0>
    └ ScriptRunner(_session_id='62598ed6-b195-4212-be80-799fc6afd13f', _main_script_path='app.py', _session_state={num_chunks: 0, m...

  File "C:\Users\abdul\AppData\Local\Programs\Python\Python38\lib\site-packages\streamlit\runtime\scriptrunner\script_runner.py", line 595, in _run_script
    ) = exec_func_with_error_handling(code_to_exec, ctx)
        │                             │             └ ScriptRunContext(session_id='62598ed6-b195-4212-be80-799fc6afd13f', _enqueue=<bound method ScriptRunner._enqueue_forward_msg ...
        │                             └ <function ScriptRunner._run_script.<locals>.code_to_exec at 0x000001F0EF777550>
        └ <function exec_func_with_error_handling at 0x000001F0C4E76DC0>

  File "C:\Users\abdul\AppData\Local\Programs\Python\Python38\lib\site-packages\streamlit\runtime\scriptrunner\exec_code.py", line 88, in exec_func_with_error_handling
    result = func()
             └ <function ScriptRunner._run_script.<locals>.code_to_exec at 0x000001F0EF777550>

  File "C:\Users\abdul\AppData\Local\Programs\Python\Python38\lib\site-packages\streamlit\runtime\scriptrunner\script_runner.py", line 579, in code_to_exec
    exec(code, module.__dict__)
         │     │      └ <member '__dict__' of 'module' objects>
         │     └ <module '__main__' from 'D:\\OLLAMA\\youtube-chatbot12\\app.py'>
         └ <code object <module> at 0x000001F0C6335BE0, file "D:\OLLAMA\youtube-chatbot12\app.py", line 1>

  File "D:\OLLAMA\youtube-chatbot12\app.py", line 252, in <module>
    handle_video_load(video_url_input)
    │                 └ 'https://www.youtube.com/watch?v=ZzaPdXTrSb8'
    └ <function handle_video_load at 0x000001F0EF777790>

  File "D:\OLLAMA\youtube-chatbot12\app.py", line 226, in handle_video_load
    transcript = get_transcript(video_id)
                 │              └ 'ZzaPdXTrSb8'
                 └ <function get_transcript at 0x000001F0C6343940>

> File "D:\OLLAMA\youtube-chatbot12\chatbot.py", line 77, in get_transcript
    transcript_list = YouTubeTranscriptApi.list_transcripts(video_id)
                      │                                     └ 'ZzaPdXTrSb8'
                      └ <class 'youtube_transcript_api._api.YouTubeTranscriptApi'>

AttributeError: type object 'YouTubeTranscriptApi' has no attribute 'list_transcripts'
2026-06-10 09:34:33.146 | ERROR    | chatbot:get_transcript:104 - Unexpected error fetching transcript for ZzaPdXTrSb8
Traceback (most recent call last):

  File "C:\Users\abdul\AppData\Local\Programs\Python\Python38\lib\threading.py", line 890, in _bootstrap
    self._bootstrap_inner()
    │    └ <function Thread._bootstrap_inner at 0x000001F0C29FC040>
    └ <Thread(ScriptRunner.scriptThread, started 14948)>

  File "C:\Users\abdul\AppData\Local\Programs\Python\Python38\lib\threading.py", line 932, in _bootstrap_inner
    self.run()
    │    └ <function Thread.run at 0x000001F0C29FBD30>
    └ <Thread(ScriptRunner.scriptThread, started 14948)>

  File "C:\Users\abdul\AppData\Local\Programs\Python\Python38\lib\threading.py", line 870, in run
    self._target(*self._args, **self._kwargs)
    │    │        │    │        │    └ {}
    │    │        │    │        └ <Thread(ScriptRunner.scriptThread, started 14948)>
    │    │        │    └ ()
    │    │        └ <Thread(ScriptRunner.scriptThread, started 14948)>
    │    └ <bound method ScriptRunner._run_script_thread of ScriptRunner(_session_id='62598ed6-b195-4212-be80-799fc6afd13f', _main_scrip...
    └ <Thread(ScriptRunner.scriptThread, started 14948)>

  File "C:\Users\abdul\AppData\Local\Programs\Python\Python38\lib\site-packages\streamlit\runtime\scriptrunner\script_runner.py", line 320, in _run_script_thread
    self._run_script(request.rerun_data)
    │    │           │       └ <property object at 0x000001F0C4E27AE0>
    │    │           └ ScriptRequest(type=<ScriptRequestType.RERUN: 'RERUN'>, _rerun_data=RerunData(widget_states=widgets {
    │    │               id: "$$ID-38bab446a52e...
    │    └ <function ScriptRunner._run_script at 0x000001F0C4F033A0>
    └ ScriptRunner(_session_id='62598ed6-b195-4212-be80-799fc6afd13f', _main_script_path='app.py', _session_state={num_chunks: 0, m...

  File "C:\Users\abdul\AppData\Local\Programs\Python\Python38\lib\site-packages\streamlit\runtime\scriptrunner\script_runner.py", line 595, in _run_script
    ) = exec_func_with_error_handling(code_to_exec, ctx)
        │                             │             └ ScriptRunContext(session_id='62598ed6-b195-4212-be80-799fc6afd13f', _enqueue=<bound method ScriptRunner._enqueue_forward_msg ...
        │                             └ <function ScriptRunner._run_script.<locals>.code_to_exec at 0x000001F0EF777550>
        └ <function exec_func_with_error_handling at 0x000001F0C4E76DC0>

  File "C:\Users\abdul\AppData\Local\Programs\Python\Python38\lib\site-packages\streamlit\runtime\scriptrunner\exec_code.py", line 88, in exec_func_with_error_handling
    result = func()
             └ <function ScriptRunner._run_script.<locals>.code_to_exec at 0x000001F0EF777550>

  File "C:\Users\abdul\AppData\Local\Programs\Python\Python38\lib\site-packages\streamlit\runtime\scriptrunner\script_runner.py", line 579, in code_to_exec
    exec(code, module.__dict__)
         │     │      └ <member '__dict__' of 'module' objects>
         │     └ <module '__main__' from 'D:\\OLLAMA\\youtube-chatbot12\\app.py'>
         └ <code object <module> at 0x000001F0C6335BE0, file "D:\OLLAMA\youtube-chatbot12\app.py", line 1>

  File "D:\OLLAMA\youtube-chatbot12\app.py", line 252, in <module>
    handle_video_load(video_url_input)
    │                 └ 'https://www.youtube.com/watch?v=ZzaPdXTrSb8'
    └ <function handle_video_load at 0x000001F0EF777790>

  File "D:\OLLAMA\youtube-chatbot12\app.py", line 226, in handle_video_load
    transcript = get_transcript(video_id)
                 │              └ 'ZzaPdXTrSb8'
                 └ <function get_transcript at 0x000001F0C6343940>

> File "D:\OLLAMA\youtube-chatbot12\chatbot.py", line 77, in get_transcript
    transcript_list = YouTubeTranscriptApi.list_transcripts(video_id)
                      │                                     └ 'ZzaPdXTrSb8'
                      └ <class 'youtube_transcript_api._api.YouTubeTranscriptApi'>

AttributeError: type object 'YouTubeTranscriptApi' has no attribute 'list_transcripts'
2026-06-10 09:34:33.146 | ERROR    | chatbot:get_transcript:104 - Unexpected error fetching transcript for ZzaPdXTrSb8
Traceback (most recent call last):

  File "C:\Users\abdul\AppData\Local\Programs\Python\Python38\lib\threading.py", line 890, in _bootstrap
    self._bootstrap_inner()
    │    └ <function Thread._bootstrap_inner at 0x000001F0C29FC040>
    └ <Thread(ScriptRunner.scriptThread, started 14948)>

  File "C:\Users\abdul\AppData\Local\Programs\Python\Python38\lib\threading.py", line 932, in _bootstrap_inner
    self.run()
    │    └ <function Thread.run at 0x000001F0C29FBD30>
    └ <Thread(ScriptRunner.scriptThread, started 14948)>

  File "C:\Users\abdul\AppData\Local\Programs\Python\Python38\lib\threading.py", line 870, in run
    self._target(*self._args, **self._kwargs)
    │    │        │    │        │    └ {}
    │    │        │    │        └ <Thread(ScriptRunner.scriptThread, started 14948)>
    │    │        │    └ ()
    │    │        └ <Thread(ScriptRunner.scriptThread, started 14948)>
    │    └ <bound method ScriptRunner._run_script_thread of ScriptRunner(_session_id='62598ed6-b195-4212-be80-799fc6afd13f', _main_scrip...
    └ <Thread(ScriptRunner.scriptThread, started 14948)>

  File "C:\Users\abdul\AppData\Local\Programs\Python\Python38\lib\site-packages\streamlit\runtime\scriptrunner\script_runner.py", line 320, in _run_script_thread
    self._run_script(request.rerun_data)
    │    │           │       └ <property object at 0x000001F0C4E27AE0>
    │    │           └ ScriptRequest(type=<ScriptRequestType.RERUN: 'RERUN'>, _rerun_data=RerunData(widget_states=widgets {
    │    │               id: "$$ID-38bab446a52e...
    │    └ <function ScriptRunner._run_script at 0x000001F0C4F033A0>
    └ ScriptRunner(_session_id='62598ed6-b195-4212-be80-799fc6afd13f', _main_script_path='app.py', _session_state={num_chunks: 0, m...

  File "C:\Users\abdul\AppData\Local\Programs\Python\Python38\lib\site-packages\streamlit\runtime\scriptrunner\script_runner.py", line 595, in _run_script
    ) = exec_func_with_error_handling(code_to_exec, ctx)
        │                             │             └ ScriptRunContext(session_id='62598ed6-b195-4212-be80-799fc6afd13f', _enqueue=<bound method ScriptRunner._enqueue_forward_msg ...
        │                             └ <function ScriptRunner._run_script.<locals>.code_to_exec at 0x000001F0EF777550>
        └ <function exec_func_with_error_handling at 0x000001F0C4E76DC0>

  File "C:\Users\abdul\AppData\Local\Programs\Python\Python38\lib\site-packages\streamlit\runtime\scriptrunner\exec_code.py", line 88, in exec_func_with_error_handling
    result = func()
             └ <function ScriptRunner._run_script.<locals>.code_to_exec at 0x000001F0EF777550>

  File "C:\Users\abdul\AppData\Local\Programs\Python\Python38\lib\site-packages\streamlit\runtime\scriptrunner\script_runner.py", line 579, in code_to_exec
    exec(code, module.__dict__)
         │     │      └ <member '__dict__' of 'module' objects>
         │     └ <module '__main__' from 'D:\\OLLAMA\\youtube-chatbot12\\app.py'>
         └ <code object <module> at 0x000001F0C6335BE0, file "D:\OLLAMA\youtube-chatbot12\app.py", line 1>

  File "D:\OLLAMA\youtube-chatbot12\app.py", line 252, in <module>
    handle_video_load(video_url_input)
    │                 └ 'https://www.youtube.com/watch?v=ZzaPdXTrSb8'
    └ <function handle_video_load at 0x000001F0EF777790>

  File "D:\OLLAMA\youtube-chatbot12\app.py", line 226, in handle_video_load
    transcript = get_transcript(video_id)
                 │              └ 'ZzaPdXTrSb8'
                 └ <function get_transcript at 0x000001F0C6343940>

> File "D:\OLLAMA\youtube-chatbot12\chatbot.py", line 77, in get_transcript
    transcript_list = YouTubeTranscriptApi.list_transcripts(video_id)
                      │                                     └ 'ZzaPdXTrSb8'
                      └ <class 'youtube_transcript_api._api.YouTubeTranscriptApi'>

AttributeError: type object 'YouTubeTranscriptApi' has no attribute 'list_transcripts'
2026-06-10 09:34:33.219 | ERROR    | __main__:handle_video_load:235 - Load failed: Transcript retrieval failed: type object 'YouTubeTranscriptApi' has no attribute 'list_transcripts'
2026-06-10 09:34:33.219 | ERROR    | __main__:handle_video_load:235 - Load failed: Transcript retrieval failed: type object 'YouTubeTranscriptApi' has no attribute 'list_transcripts'
2026-06-10 09:34:33.219 | ERROR    | __main__:handle_video_load:235 - Load failed: Transcript retrieval failed: type object 'YouTubeTranscriptApi' has no attribute 'list_transcripts'
2026-06-10 09:34:33.219 | ERROR    | __main__:handle_video_load:235 - Load failed: Transcript retrieval failed: type object 'YouTubeTranscriptApi' has no attribute 'list_transcripts'
2026-06-10 09:34:33.219 | ERROR    | __main__:handle_video_load:235 - Load failed: Transcript retrieval failed: type object 'YouTubeTranscriptApi' has no attribute 'list_transcripts'
2026-06-10 09:34:33.219 | ERROR    | __main__:handle_video_load:235 - Load failed: Transcript retrieval failed: type object 'YouTubeTranscriptApi' has no attribute 'list_transcripts'
2026-06-10 09:34:33.219 | ERROR    | __main__:handle_video_load:235 - Load failed: Transcript retrieval failed: type object 'YouTubeTranscriptApi' has no attribute 'list_transcripts'
2026-06-10 09:34:33.219 | ERROR    | __main__:handle_video_load:235 - Load failed: Transcript retrieval failed: type object 'YouTubeTranscriptApi' has no attribute 'list_transcripts'
2026-06-10 09:36:34.029 | INFO     | chatbot:get_transcript:73 - Fetching transcript for video_id: EerdGm-ehJQ
2026-06-10 09:36:34.029 | INFO     | chatbot:get_transcript:73 - Fetching transcript for video_id: EerdGm-ehJQ
2026-06-10 09:36:34.029 | INFO     | chatbot:get_transcript:73 - Fetching transcript for video_id: EerdGm-ehJQ
2026-06-10 09:36:34.029 | INFO     | chatbot:get_transcript:73 - Fetching transcript for video_id: EerdGm-ehJQ
2026-06-10 09:36:34.029 | INFO     | chatbot:get_transcript:73 - Fetching transcript for video_id: EerdGm-ehJQ
2026-06-10 09:36:34.029 | INFO     | chatbot:get_transcript:73 - Fetching transcript for video_id: EerdGm-ehJQ
2026-06-10 09:36:34.029 | INFO     | chatbot:get_transcript:73 - Fetching transcript for video_id: EerdGm-ehJQ
2026-06-10 09:36:34.029 | INFO     | chatbot:get_transcript:73 - Fetching transcript for video_id: EerdGm-ehJQ
2026-06-10 09:36:34.029 | INFO     | chatbot:get_transcript:73 - Fetching transcript for video_id: EerdGm-ehJQ
2026-06-10 09:36:34.029 | INFO     | chatbot:get_transcript:73 - Fetching transcript for video_id: EerdGm-ehJQ
2026-06-10 09:36:34.034 | ERROR    | chatbot:get_transcript:104 - Unexpected error fetching transcript for EerdGm-ehJQ
Traceback (most recent call last):

  File "C:\Users\abdul\AppData\Local\Programs\Python\Python38\lib\threading.py", line 890, in _bootstrap
    self._bootstrap_inner()
    │    └ <function Thread._bootstrap_inner at 0x000001F0C29FC040>
    └ <Thread(ScriptRunner.scriptThread, started 24192)>

  File "C:\Users\abdul\AppData\Local\Programs\Python\Python38\lib\threading.py", line 932, in _bootstrap_inner
    self.run()
    │    └ <function Thread.run at 0x000001F0C29FBD30>
    └ <Thread(ScriptRunner.scriptThread, started 24192)>

  File "C:\Users\abdul\AppData\Local\Programs\Python\Python38\lib\threading.py", line 870, in run
    self._target(*self._args, **self._kwargs)
    │    │        │    │        │    └ {}
    │    │        │    │        └ <Thread(ScriptRunner.scriptThread, started 24192)>
    │    │        │    └ ()
    │    │        └ <Thread(ScriptRunner.scriptThread, started 24192)>
    │    └ <bound method ScriptRunner._run_script_thread of ScriptRunner(_session_id='62598ed6-b195-4212-be80-799fc6afd13f', _main_scrip...
    └ <Thread(ScriptRunner.scriptThread, started 24192)>

  File "C:\Users\abdul\AppData\Local\Programs\Python\Python38\lib\site-packages\streamlit\runtime\scriptrunner\script_runner.py", line 320, in _run_script_thread
    self._run_script(request.rerun_data)
    │    │           │       └ <property object at 0x000001F0C4E27AE0>
    │    │           └ ScriptRequest(type=<ScriptRequestType.RERUN: 'RERUN'>, _rerun_data=RerunData(widget_states=widgets {
    │    │               id: "$$ID-38bab446a52e...
    │    └ <function ScriptRunner._run_script at 0x000001F0C4F033A0>
    └ ScriptRunner(_session_id='62598ed6-b195-4212-be80-799fc6afd13f', _main_script_path='app.py', _session_state={num_chunks: 0, m...

  File "C:\Users\abdul\AppData\Local\Programs\Python\Python38\lib\site-packages\streamlit\runtime\scriptrunner\script_runner.py", line 595, in _run_script
    ) = exec_func_with_error_handling(code_to_exec, ctx)
        │                             │             └ ScriptRunContext(session_id='62598ed6-b195-4212-be80-799fc6afd13f', _enqueue=<bound method ScriptRunner._enqueue_forward_msg ...
        │                             └ <function ScriptRunner._run_script.<locals>.code_to_exec at 0x000001F0C62CD040>
        └ <function exec_func_with_error_handling at 0x000001F0C4E76DC0>

  File "C:\Users\abdul\AppData\Local\Programs\Python\Python38\lib\site-packages\streamlit\runtime\scriptrunner\exec_code.py", line 88, in exec_func_with_error_handling
    result = func()
             └ <function ScriptRunner._run_script.<locals>.code_to_exec at 0x000001F0C62CD040>

  File "C:\Users\abdul\AppData\Local\Programs\Python\Python38\lib\site-packages\streamlit\runtime\scriptrunner\script_runner.py", line 579, in code_to_exec
    exec(code, module.__dict__)
         │     │      └ <member '__dict__' of 'module' objects>
         │     └ <module '__main__' from 'D:\\OLLAMA\\youtube-chatbot12\\app.py'>
         └ <code object <module> at 0x000001F0C6335BE0, file "D:\OLLAMA\youtube-chatbot12\app.py", line 1>

  File "D:\OLLAMA\youtube-chatbot12\app.py", line 252, in <module>
    handle_video_load(video_url_input)
    │                 └ 'https://youtu.be/EerdGm-ehJQ?si=21sX_5Bc7b6UHqEp'
    └ <function handle_video_load at 0x000001F0EF7B1310>

  File "D:\OLLAMA\youtube-chatbot12\app.py", line 226, in handle_video_load
    transcript = get_transcript(video_id)
                 │              └ 'EerdGm-ehJQ'
                 └ <function get_transcript at 0x000001F0C6343940>

> File "D:\OLLAMA\youtube-chatbot12\chatbot.py", line 77, in get_transcript
    transcript_list = YouTubeTranscriptApi.list_transcripts(video_id)
                      │                                     └ 'EerdGm-ehJQ'
                      └ <class 'youtube_transcript_api._api.YouTubeTranscriptApi'>

AttributeError: type object 'YouTubeTranscriptApi' has no attribute 'list_transcripts'
2026-06-10 09:36:34.034 | ERROR    | chatbot:get_transcript:104 - Unexpected error fetching transcript for EerdGm-ehJQ
Traceback (most recent call last):

  File "C:\Users\abdul\AppData\Local\Programs\Python\Python38\lib\threading.py", line 890, in _bootstrap
    self._bootstrap_inner()
    │    └ <function Thread._bootstrap_inner at 0x000001F0C29FC040>
    └ <Thread(ScriptRunner.scriptThread, started 24192)>

  File "C:\Users\abdul\AppData\Local\Programs\Python\Python38\lib\threading.py", line 932, in _bootstrap_inner
    self.run()
    │    └ <function Thread.run at 0x000001F0C29FBD30>
    └ <Thread(ScriptRunner.scriptThread, started 24192)>

  File "C:\Users\abdul\AppData\Local\Programs\Python\Python38\lib\threading.py", line 870, in run
    self._target(*self._args, **self._kwargs)
    │    │        │    │        │    └ {}
    │    │        │    │        └ <Thread(ScriptRunner.scriptThread, started 24192)>
    │    │        │    └ ()
    │    │        └ <Thread(ScriptRunner.scriptThread, started 24192)>
    │    └ <bound method ScriptRunner._run_script_thread of ScriptRunner(_session_id='62598ed6-b195-4212-be80-799fc6afd13f', _main_scrip...
    └ <Thread(ScriptRunner.scriptThread, started 24192)>

  File "C:\Users\abdul\AppData\Local\Programs\Python\Python38\lib\site-packages\streamlit\runtime\scriptrunner\script_runner.py", line 320, in _run_script_thread
    self._run_script(request.rerun_data)
    │    │           │       └ <property object at 0x000001F0C4E27AE0>
    │    │           └ ScriptRequest(type=<ScriptRequestType.RERUN: 'RERUN'>, _rerun_data=RerunData(widget_states=widgets {
    │    │               id: "$$ID-38bab446a52e...
    │    └ <function ScriptRunner._run_script at 0x000001F0C4F033A0>
    └ ScriptRunner(_session_id='62598ed6-b195-4212-be80-799fc6afd13f', _main_script_path='app.py', _session_state={num_chunks: 0, m...

  File "C:\Users\abdul\AppData\Local\Programs\Python\Python38\lib\site-packages\streamlit\runtime\scriptrunner\script_runner.py", line 595, in _run_script
    ) = exec_func_with_error_handling(code_to_exec, ctx)
        │                             │             └ ScriptRunContext(session_id='62598ed6-b195-4212-be80-799fc6afd13f', _enqueue=<bound method ScriptRunner._enqueue_forward_msg ...
        │                             └ <function ScriptRunner._run_script.<locals>.code_to_exec at 0x000001F0C62CD040>
        └ <function exec_func_with_error_handling at 0x000001F0C4E76DC0>

  File "C:\Users\abdul\AppData\Local\Programs\Python\Python38\lib\site-packages\streamlit\runtime\scriptrunner\exec_code.py", line 88, in exec_func_with_error_handling
    result = func()
             └ <function ScriptRunner._run_script.<locals>.code_to_exec at 0x000001F0C62CD040>

  File "C:\Users\abdul\AppData\Local\Programs\Python\Python38\lib\site-packages\streamlit\runtime\scriptrunner\script_runner.py", line 579, in code_to_exec
    exec(code, module.__dict__)
         │     │      └ <member '__dict__' of 'module' objects>
         │     └ <module '__main__' from 'D:\\OLLAMA\\youtube-chatbot12\\app.py'>
         └ <code object <module> at 0x000001F0C6335BE0, file "D:\OLLAMA\youtube-chatbot12\app.py", line 1>

  File "D:\OLLAMA\youtube-chatbot12\app.py", line 252, in <module>
    handle_video_load(video_url_input)
    │                 └ 'https://youtu.be/EerdGm-ehJQ?si=21sX_5Bc7b6UHqEp'
    └ <function handle_video_load at 0x000001F0EF7B1310>

  File "D:\OLLAMA\youtube-chatbot12\app.py", line 226, in handle_video_load
    transcript = get_transcript(video_id)
                 │              └ 'EerdGm-ehJQ'
                 └ <function get_transcript at 0x000001F0C6343940>

> File "D:\OLLAMA\youtube-chatbot12\chatbot.py", line 77, in get_transcript
    transcript_list = YouTubeTranscriptApi.list_transcripts(video_id)
                      │                                     └ 'EerdGm-ehJQ'
                      └ <class 'youtube_transcript_api._api.YouTubeTranscriptApi'>

AttributeError: type object 'YouTubeTranscriptApi' has no attribute 'list_transcripts'
2026-06-10 09:36:34.034 | ERROR    | chatbot:get_transcript:104 - Unexpected error fetching transcript for EerdGm-ehJQ
Traceback (most recent call last):

  File "C:\Users\abdul\AppData\Local\Programs\Python\Python38\lib\threading.py", line 890, in _bootstrap
    self._bootstrap_inner()
    │    └ <function Thread._bootstrap_inner at 0x000001F0C29FC040>
    └ <Thread(ScriptRunner.scriptThread, started 24192)>

  File "C:\Users\abdul\AppData\Local\Programs\Python\Python38\lib\threading.py", line 932, in _bootstrap_inner
    self.run()
    │    └ <function Thread.run at 0x000001F0C29FBD30>
    └ <Thread(ScriptRunner.scriptThread, started 24192)>

  File "C:\Users\abdul\AppData\Local\Programs\Python\Python38\lib\threading.py", line 870, in run
    self._target(*self._args, **self._kwargs)
    │    │        │    │        │    └ {}
    │    │        │    │        └ <Thread(ScriptRunner.scriptThread, started 24192)>
    │    │        │    └ ()
    │    │        └ <Thread(ScriptRunner.scriptThread, started 24192)>
    │    └ <bound method ScriptRunner._run_script_thread of ScriptRunner(_session_id='62598ed6-b195-4212-be80-799fc6afd13f', _main_scrip...
    └ <Thread(ScriptRunner.scriptThread, started 24192)>

  File "C:\Users\abdul\AppData\Local\Programs\Python\Python38\lib\site-packages\streamlit\runtime\scriptrunner\script_runner.py", line 320, in _run_script_thread
    self._run_script(request.rerun_data)
    │    │           │       └ <property object at 0x000001F0C4E27AE0>
    │    │           └ ScriptRequest(type=<ScriptRequestType.RERUN: 'RERUN'>, _rerun_data=RerunData(widget_states=widgets {
    │    │               id: "$$ID-38bab446a52e...
    │    └ <function ScriptRunner._run_script at 0x000001F0C4F033A0>
    └ ScriptRunner(_session_id='62598ed6-b195-4212-be80-799fc6afd13f', _main_script_path='app.py', _session_state={num_chunks: 0, m...

  File "C:\Users\abdul\AppData\Local\Programs\Python\Python38\lib\site-packages\streamlit\runtime\scriptrunner\script_runner.py", line 595, in _run_script
    ) = exec_func_with_error_handling(code_to_exec, ctx)
        │                             │             └ ScriptRunContext(session_id='62598ed6-b195-4212-be80-799fc6afd13f', _enqueue=<bound method ScriptRunner._enqueue_forward_msg ...
        │                             └ <function ScriptRunner._run_script.<locals>.code_to_exec at 0x000001F0C62CD040>
        └ <function exec_func_with_error_handling at 0x000001F0C4E76DC0>

  File "C:\Users\abdul\AppData\Local\Programs\Python\Python38\lib\site-packages\streamlit\runtime\scriptrunner\exec_code.py", line 88, in exec_func_with_error_handling
    result = func()
             └ <function ScriptRunner._run_script.<locals>.code_to_exec at 0x000001F0C62CD040>

  File "C:\Users\abdul\AppData\Local\Programs\Python\Python38\lib\site-packages\streamlit\runtime\scriptrunner\script_runner.py", line 579, in code_to_exec
    exec(code, module.__dict__)
         │     │      └ <member '__dict__' of 'module' objects>
         │     └ <module '__main__' from 'D:\\OLLAMA\\youtube-chatbot12\\app.py'>
         └ <code object <module> at 0x000001F0C6335BE0, file "D:\OLLAMA\youtube-chatbot12\app.py", line 1>

  File "D:\OLLAMA\youtube-chatbot12\app.py", line 252, in <module>
    handle_video_load(video_url_input)
    │                 └ 'https://youtu.be/EerdGm-ehJQ?si=21sX_5Bc7b6UHqEp'
    └ <function handle_video_load at 0x000001F0EF7B1310>

  File "D:\OLLAMA\youtube-chatbot12\app.py", line 226, in handle_video_load
    transcript = get_transcript(video_id)
                 │              └ 'EerdGm-ehJQ'
                 └ <function get_transcript at 0x000001F0C6343940>

> File "D:\OLLAMA\youtube-chatbot12\chatbot.py", line 77, in get_transcript
    transcript_list = YouTubeTranscriptApi.list_transcripts(video_id)
                      │                                     └ 'EerdGm-ehJQ'
                      └ <class 'youtube_transcript_api._api.YouTubeTranscriptApi'>

AttributeError: type object 'YouTubeTranscriptApi' has no attribute 'list_transcripts'
2026-06-10 09:36:34.034 | ERROR    | chatbot:get_transcript:104 - Unexpected error fetching transcript for EerdGm-ehJQ
Traceback (most recent call last):

  File "C:\Users\abdul\AppData\Local\Programs\Python\Python38\lib\threading.py", line 890, in _bootstrap
    self._bootstrap_inner()
    │    └ <function Thread._bootstrap_inner at 0x000001F0C29FC040>
    └ <Thread(ScriptRunner.scriptThread, started 24192)>

  File "C:\Users\abdul\AppData\Local\Programs\Python\Python38\lib\threading.py", line 932, in _bootstrap_inner
    self.run()
    │    └ <function Thread.run at 0x000001F0C29FBD30>
    └ <Thread(ScriptRunner.scriptThread, started 24192)>

  File "C:\Users\abdul\AppData\Local\Programs\Python\Python38\lib\threading.py", line 870, in run
    self._target(*self._args, **self._kwargs)
    │    │        │    │        │    └ {}
    │    │        │    │        └ <Thread(ScriptRunner.scriptThread, started 24192)>
    │    │        │    └ ()
    │    │        └ <Thread(ScriptRunner.scriptThread, started 24192)>
    │    └ <bound method ScriptRunner._run_script_thread of ScriptRunner(_session_id='62598ed6-b195-4212-be80-799fc6afd13f', _main_scrip...
    └ <Thread(ScriptRunner.scriptThread, started 24192)>

  File "C:\Users\abdul\AppData\Local\Programs\Python\Python38\lib\site-packages\streamlit\runtime\scriptrunner\script_runner.py", line 320, in _run_script_thread
    self._run_script(request.rerun_data)
    │    │           │       └ <property object at 0x000001F0C4E27AE0>
    │    │           └ ScriptRequest(type=<ScriptRequestType.RERUN: 'RERUN'>, _rerun_data=RerunData(widget_states=widgets {
    │    │               id: "$$ID-38bab446a52e...
    │    └ <function ScriptRunner._run_script at 0x000001F0C4F033A0>
    └ ScriptRunner(_session_id='62598ed6-b195-4212-be80-799fc6afd13f', _main_script_path='app.py', _session_state={num_chunks: 0, m...

  File "C:\Users\abdul\AppData\Local\Programs\Python\Python38\lib\site-packages\streamlit\runtime\scriptrunner\script_runner.py", line 595, in _run_script
    ) = exec_func_with_error_handling(code_to_exec, ctx)
        │                             │             └ ScriptRunContext(session_id='62598ed6-b195-4212-be80-799fc6afd13f', _enqueue=<bound method ScriptRunner._enqueue_forward_msg ...
        │                             └ <function ScriptRunner._run_script.<locals>.code_to_exec at 0x000001F0C62CD040>
        └ <function exec_func_with_error_handling at 0x000001F0C4E76DC0>

  File "C:\Users\abdul\AppData\Local\Programs\Python\Python38\lib\site-packages\streamlit\runtime\scriptrunner\exec_code.py", line 88, in exec_func_with_error_handling
    result = func()
             └ <function ScriptRunner._run_script.<locals>.code_to_exec at 0x000001F0C62CD040>

  File "C:\Users\abdul\AppData\Local\Programs\Python\Python38\lib\site-packages\streamlit\runtime\scriptrunner\script_runner.py", line 579, in code_to_exec
    exec(code, module.__dict__)
         │     │      └ <member '__dict__' of 'module' objects>
         │     └ <module '__main__' from 'D:\\OLLAMA\\youtube-chatbot12\\app.py'>
         └ <code object <module> at 0x000001F0C6335BE0, file "D:\OLLAMA\youtube-chatbot12\app.py", line 1>

  File "D:\OLLAMA\youtube-chatbot12\app.py", line 252, in <module>
    handle_video_load(video_url_input)
    │                 └ 'https://youtu.be/EerdGm-ehJQ?si=21sX_5Bc7b6UHqEp'
    └ <function handle_video_load at 0x000001F0EF7B1310>

  File "D:\OLLAMA\youtube-chatbot12\app.py", line 226, in handle_video_load
    transcript = get_transcript(video_id)
                 │              └ 'EerdGm-ehJQ'
                 └ <function get_transcript at 0x000001F0C6343940>

> File "D:\OLLAMA\youtube-chatbot12\chatbot.py", line 77, in get_transcript
    transcript_list = YouTubeTranscriptApi.list_transcripts(video_id)
                      │                                     └ 'EerdGm-ehJQ'
                      └ <class 'youtube_transcript_api._api.YouTubeTranscriptApi'>

AttributeError: type object 'YouTubeTranscriptApi' has no attribute 'list_transcripts'
2026-06-10 09:36:34.034 | ERROR    | chatbot:get_transcript:104 - Unexpected error fetching transcript for EerdGm-ehJQ
Traceback (most recent call last):

  File "C:\Users\abdul\AppData\Local\Programs\Python\Python38\lib\threading.py", line 890, in _bootstrap
    self._bootstrap_inner()
    │    └ <function Thread._bootstrap_inner at 0x000001F0C29FC040>
    └ <Thread(ScriptRunner.scriptThread, started 24192)>

  File "C:\Users\abdul\AppData\Local\Programs\Python\Python38\lib\threading.py", line 932, in _bootstrap_inner
    self.run()
    │    └ <function Thread.run at 0x000001F0C29FBD30>
    └ <Thread(ScriptRunner.scriptThread, started 24192)>

  File "C:\Users\abdul\AppData\Local\Programs\Python\Python38\lib\threading.py", line 870, in run
    self._target(*self._args, **self._kwargs)
    │    │        │    │        │    └ {}
    │    │        │    │        └ <Thread(ScriptRunner.scriptThread, started 24192)>
    │    │        │    └ ()
    │    │        └ <Thread(ScriptRunner.scriptThread, started 24192)>
    │    └ <bound method ScriptRunner._run_script_thread of ScriptRunner(_session_id='62598ed6-b195-4212-be80-799fc6afd13f', _main_scrip...
    └ <Thread(ScriptRunner.scriptThread, started 24192)>

  File "C:\Users\abdul\AppData\Local\Programs\Python\Python38\lib\site-packages\streamlit\runtime\scriptrunner\script_runner.py", line 320, in _run_script_thread
    self._run_script(request.rerun_data)
    │    │           │       └ <property object at 0x000001F0C4E27AE0>
    │    │           └ ScriptRequest(type=<ScriptRequestType.RERUN: 'RERUN'>, _rerun_data=RerunData(widget_states=widgets {
    │    │               id: "$$ID-38bab446a52e...
    │    └ <function ScriptRunner._run_script at 0x000001F0C4F033A0>
    └ ScriptRunner(_session_id='62598ed6-b195-4212-be80-799fc6afd13f', _main_script_path='app.py', _session_state={num_chunks: 0, m...

  File "C:\Users\abdul\AppData\Local\Programs\Python\Python38\lib\site-packages\streamlit\runtime\scriptrunner\script_runner.py", line 595, in _run_script
    ) = exec_func_with_error_handling(code_to_exec, ctx)
        │                             │             └ ScriptRunContext(session_id='62598ed6-b195-4212-be80-799fc6afd13f', _enqueue=<bound method ScriptRunner._enqueue_forward_msg ...
        │                             └ <function ScriptRunner._run_script.<locals>.code_to_exec at 0x000001F0C62CD040>
        └ <function exec_func_with_error_handling at 0x000001F0C4E76DC0>

  File "C:\Users\abdul\AppData\Local\Programs\Python\Python38\lib\site-packages\streamlit\runtime\scriptrunner\exec_code.py", line 88, in exec_func_with_error_handling
    result = func()
             └ <function ScriptRunner._run_script.<locals>.code_to_exec at 0x000001F0C62CD040>

  File "C:\Users\abdul\AppData\Local\Programs\Python\Python38\lib\site-packages\streamlit\runtime\scriptrunner\script_runner.py", line 579, in code_to_exec
    exec(code, module.__dict__)
         │     │      └ <member '__dict__' of 'module' objects>
         │     └ <module '__main__' from 'D:\\OLLAMA\\youtube-chatbot12\\app.py'>
         └ <code object <module> at 0x000001F0C6335BE0, file "D:\OLLAMA\youtube-chatbot12\app.py", line 1>

  File "D:\OLLAMA\youtube-chatbot12\app.py", line 252, in <module>
    handle_video_load(video_url_input)
    │                 └ 'https://youtu.be/EerdGm-ehJQ?si=21sX_5Bc7b6UHqEp'
    └ <function handle_video_load at 0x000001F0EF7B1310>

  File "D:\OLLAMA\youtube-chatbot12\app.py", line 226, in handle_video_load
    transcript = get_transcript(video_id)
                 │              └ 'EerdGm-ehJQ'
                 └ <function get_transcript at 0x000001F0C6343940>

> File "D:\OLLAMA\youtube-chatbot12\chatbot.py", line 77, in get_transcript
    transcript_list = YouTubeTranscriptApi.list_transcripts(video_id)
                      │                                     └ 'EerdGm-ehJQ'
                      └ <class 'youtube_transcript_api._api.YouTubeTranscriptApi'>

AttributeError: type object 'YouTubeTranscriptApi' has no attribute 'list_transcripts'
2026-06-10 09:36:34.034 | ERROR    | chatbot:get_transcript:104 - Unexpected error fetching transcript for EerdGm-ehJQ
Traceback (most recent call last):

  File "C:\Users\abdul\AppData\Local\Programs\Python\Python38\lib\threading.py", line 890, in _bootstrap
    self._bootstrap_inner()
    │    └ <function Thread._bootstrap_inner at 0x000001F0C29FC040>
    └ <Thread(ScriptRunner.scriptThread, started 24192)>

  File "C:\Users\abdul\AppData\Local\Programs\Python\Python38\lib\threading.py", line 932, in _bootstrap_inner
    self.run()
    │    └ <function Thread.run at 0x000001F0C29FBD30>
    └ <Thread(ScriptRunner.scriptThread, started 24192)>

  File "C:\Users\abdul\AppData\Local\Programs\Python\Python38\lib\threading.py", line 870, in run
    self._target(*self._args, **self._kwargs)
    │    │        │    │        │    └ {}
    │    │        │    │        └ <Thread(ScriptRunner.scriptThread, started 24192)>
    │    │        │    └ ()
    │    │        └ <Thread(ScriptRunner.scriptThread, started 24192)>
    │    └ <bound method ScriptRunner._run_script_thread of ScriptRunner(_session_id='62598ed6-b195-4212-be80-799fc6afd13f', _main_scrip...
    └ <Thread(ScriptRunner.scriptThread, started 24192)>

  File "C:\Users\abdul\AppData\Local\Programs\Python\Python38\lib\site-packages\streamlit\runtime\scriptrunner\script_runner.py", line 320, in _run_script_thread
    self._run_script(request.rerun_data)
    │    │           │       └ <property object at 0x000001F0C4E27AE0>
    │    │           └ ScriptRequest(type=<ScriptRequestType.RERUN: 'RERUN'>, _rerun_data=RerunData(widget_states=widgets {
    │    │               id: "$$ID-38bab446a52e...
    │    └ <function ScriptRunner._run_script at 0x000001F0C4F033A0>
    └ ScriptRunner(_session_id='62598ed6-b195-4212-be80-799fc6afd13f', _main_script_path='app.py', _session_state={num_chunks: 0, m...

  File "C:\Users\abdul\AppData\Local\Programs\Python\Python38\lib\site-packages\streamlit\runtime\scriptrunner\script_runner.py", line 595, in _run_script
    ) = exec_func_with_error_handling(code_to_exec, ctx)
        │                             │             └ ScriptRunContext(session_id='62598ed6-b195-4212-be80-799fc6afd13f', _enqueue=<bound method ScriptRunner._enqueue_forward_msg ...
        │                             └ <function ScriptRunner._run_script.<locals>.code_to_exec at 0x000001F0C62CD040>
        └ <function exec_func_with_error_handling at 0x000001F0C4E76DC0>

  File "C:\Users\abdul\AppData\Local\Programs\Python\Python38\lib\site-packages\streamlit\runtime\scriptrunner\exec_code.py", line 88, in exec_func_with_error_handling
    result = func()
             └ <function ScriptRunner._run_script.<locals>.code_to_exec at 0x000001F0C62CD040>

  File "C:\Users\abdul\AppData\Local\Programs\Python\Python38\lib\site-packages\streamlit\runtime\scriptrunner\script_runner.py", line 579, in code_to_exec
    exec(code, module.__dict__)
         │     │      └ <member '__dict__' of 'module' objects>
         │     └ <module '__main__' from 'D:\\OLLAMA\\youtube-chatbot12\\app.py'>
         └ <code object <module> at 0x000001F0C6335BE0, file "D:\OLLAMA\youtube-chatbot12\app.py", line 1>

  File "D:\OLLAMA\youtube-chatbot12\app.py", line 252, in <module>
    handle_video_load(video_url_input)
    │                 └ 'https://youtu.be/EerdGm-ehJQ?si=21sX_5Bc7b6UHqEp'
    └ <function handle_video_load at 0x000001F0EF7B1310>

  File "D:\OLLAMA\youtube-chatbot12\app.py", line 226, in handle_video_load
    transcript = get_transcript(video_id)
                 │              └ 'EerdGm-ehJQ'
                 └ <function get_transcript at 0x000001F0C6343940>

> File "D:\OLLAMA\youtube-chatbot12\chatbot.py", line 77, in get_transcript
    transcript_list = YouTubeTranscriptApi.list_transcripts(video_id)
                      │                                     └ 'EerdGm-ehJQ'
                      └ <class 'youtube_transcript_api._api.YouTubeTranscriptApi'>

AttributeError: type object 'YouTubeTranscriptApi' has no attribute 'list_transcripts'
2026-06-10 09:36:34.034 | ERROR    | chatbot:get_transcript:104 - Unexpected error fetching transcript for EerdGm-ehJQ
Traceback (most recent call last):

  File "C:\Users\abdul\AppData\Local\Programs\Python\Python38\lib\threading.py", line 890, in _bootstrap
    self._bootstrap_inner()
    │    └ <function Thread._bootstrap_inner at 0x000001F0C29FC040>
    └ <Thread(ScriptRunner.scriptThread, started 24192)>

  File "C:\Users\abdul\AppData\Local\Programs\Python\Python38\lib\threading.py", line 932, in _bootstrap_inner
    self.run()
    │    └ <function Thread.run at 0x000001F0C29FBD30>
    └ <Thread(ScriptRunner.scriptThread, started 24192)>

  File "C:\Users\abdul\AppData\Local\Programs\Python\Python38\lib\threading.py", line 870, in run
    self._target(*self._args, **self._kwargs)
    │    │        │    │        │    └ {}
    │    │        │    │        └ <Thread(ScriptRunner.scriptThread, started 24192)>
    │    │        │    └ ()
    │    │        └ <Thread(ScriptRunner.scriptThread, started 24192)>
    │    └ <bound method ScriptRunner._run_script_thread of ScriptRunner(_session_id='62598ed6-b195-4212-be80-799fc6afd13f', _main_scrip...
    └ <Thread(ScriptRunner.scriptThread, started 24192)>

  File "C:\Users\abdul\AppData\Local\Programs\Python\Python38\lib\site-packages\streamlit\runtime\scriptrunner\script_runner.py", line 320, in _run_script_thread
    self._run_script(request.rerun_data)
    │    │           │       └ <property object at 0x000001F0C4E27AE0>
    │    │           └ ScriptRequest(type=<ScriptRequestType.RERUN: 'RERUN'>, _rerun_data=RerunData(widget_states=widgets {
    │    │               id: "$$ID-38bab446a52e...
    │    └ <function ScriptRunner._run_script at 0x000001F0C4F033A0>
    └ ScriptRunner(_session_id='62598ed6-b195-4212-be80-799fc6afd13f', _main_script_path='app.py', _session_state={num_chunks: 0, m...

  File "C:\Users\abdul\AppData\Local\Programs\Python\Python38\lib\site-packages\streamlit\runtime\scriptrunner\script_runner.py", line 595, in _run_script
    ) = exec_func_with_error_handling(code_to_exec, ctx)
        │                             │             └ ScriptRunContext(session_id='62598ed6-b195-4212-be80-799fc6afd13f', _enqueue=<bound method ScriptRunner._enqueue_forward_msg ...
        │                             └ <function ScriptRunner._run_script.<locals>.code_to_exec at 0x000001F0C62CD040>
        └ <function exec_func_with_error_handling at 0x000001F0C4E76DC0>

  File "C:\Users\abdul\AppData\Local\Programs\Python\Python38\lib\site-packages\streamlit\runtime\scriptrunner\exec_code.py", line 88, in exec_func_with_error_handling
    result = func()
             └ <function ScriptRunner._run_script.<locals>.code_to_exec at 0x000001F0C62CD040>

  File "C:\Users\abdul\AppData\Local\Programs\Python\Python38\lib\site-packages\streamlit\runtime\scriptrunner\script_runner.py", line 579, in code_to_exec
    exec(code, module.__dict__)
         │     │      └ <member '__dict__' of 'module' objects>
         │     └ <module '__main__' from 'D:\\OLLAMA\\youtube-chatbot12\\app.py'>
         └ <code object <module> at 0x000001F0C6335BE0, file "D:\OLLAMA\youtube-chatbot12\app.py", line 1>

  File "D:\OLLAMA\youtube-chatbot12\app.py", line 252, in <module>
    handle_video_load(video_url_input)
    │                 └ 'https://youtu.be/EerdGm-ehJQ?si=21sX_5Bc7b6UHqEp'
    └ <function handle_video_load at 0x000001F0EF7B1310>

  File "D:\OLLAMA\youtube-chatbot12\app.py", line 226, in handle_video_load
    transcript = get_transcript(video_id)
                 │              └ 'EerdGm-ehJQ'
                 └ <function get_transcript at 0x000001F0C6343940>

> File "D:\OLLAMA\youtube-chatbot12\chatbot.py", line 77, in get_transcript
    transcript_list = YouTubeTranscriptApi.list_transcripts(video_id)
                      │                                     └ 'EerdGm-ehJQ'
                      └ <class 'youtube_transcript_api._api.YouTubeTranscriptApi'>

AttributeError: type object 'YouTubeTranscriptApi' has no attribute 'list_transcripts'
2026-06-10 09:36:34.034 | ERROR    | chatbot:get_transcript:104 - Unexpected error fetching transcript for EerdGm-ehJQ
Traceback (most recent call last):

  File "C:\Users\abdul\AppData\Local\Programs\Python\Python38\lib\threading.py", line 890, in _bootstrap
    self._bootstrap_inner()
    │    └ <function Thread._bootstrap_inner at 0x000001F0C29FC040>
    └ <Thread(ScriptRunner.scriptThread, started 24192)>

  File "C:\Users\abdul\AppData\Local\Programs\Python\Python38\lib\threading.py", line 932, in _bootstrap_inner
    self.run()
    │    └ <function Thread.run at 0x000001F0C29FBD30>
    └ <Thread(ScriptRunner.scriptThread, started 24192)>

  File "C:\Users\abdul\AppData\Local\Programs\Python\Python38\lib\threading.py", line 870, in run
    self._target(*self._args, **self._kwargs)
    │    │        │    │        │    └ {}
    │    │        │    │        └ <Thread(ScriptRunner.scriptThread, started 24192)>
    │    │        │    └ ()
    │    │        └ <Thread(ScriptRunner.scriptThread, started 24192)>
    │    └ <bound method ScriptRunner._run_script_thread of ScriptRunner(_session_id='62598ed6-b195-4212-be80-799fc6afd13f', _main_scrip...
    └ <Thread(ScriptRunner.scriptThread, started 24192)>

  File "C:\Users\abdul\AppData\Local\Programs\Python\Python38\lib\site-packages\streamlit\runtime\scriptrunner\script_runner.py", line 320, in _run_script_thread
    self._run_script(request.rerun_data)
    │    │           │       └ <property object at 0x000001F0C4E27AE0>
    │    │           └ ScriptRequest(type=<ScriptRequestType.RERUN: 'RERUN'>, _rerun_data=RerunData(widget_states=widgets {
    │    │               id: "$$ID-38bab446a52e...
    │    └ <function ScriptRunner._run_script at 0x000001F0C4F033A0>
    └ ScriptRunner(_session_id='62598ed6-b195-4212-be80-799fc6afd13f', _main_script_path='app.py', _session_state={num_chunks: 0, m...

  File "C:\Users\abdul\AppData\Local\Programs\Python\Python38\lib\site-packages\streamlit\runtime\scriptrunner\script_runner.py", line 595, in _run_script
    ) = exec_func_with_error_handling(code_to_exec, ctx)
        │                             │             └ ScriptRunContext(session_id='62598ed6-b195-4212-be80-799fc6afd13f', _enqueue=<bound method ScriptRunner._enqueue_forward_msg ...
        │                             └ <function ScriptRunner._run_script.<locals>.code_to_exec at 0x000001F0C62CD040>
        └ <function exec_func_with_error_handling at 0x000001F0C4E76DC0>

  File "C:\Users\abdul\AppData\Local\Programs\Python\Python38\lib\site-packages\streamlit\runtime\scriptrunner\exec_code.py", line 88, in exec_func_with_error_handling
    result = func()
             └ <function ScriptRunner._run_script.<locals>.code_to_exec at 0x000001F0C62CD040>

  File "C:\Users\abdul\AppData\Local\Programs\Python\Python38\lib\site-packages\streamlit\runtime\scriptrunner\script_runner.py", line 579, in code_to_exec
    exec(code, module.__dict__)
         │     │      └ <member '__dict__' of 'module' objects>
         │     └ <module '__main__' from 'D:\\OLLAMA\\youtube-chatbot12\\app.py'>
         └ <code object <module> at 0x000001F0C6335BE0, file "D:\OLLAMA\youtube-chatbot12\app.py", line 1>

  File "D:\OLLAMA\youtube-chatbot12\app.py", line 252, in <module>
    handle_video_load(video_url_input)
    │                 └ 'https://youtu.be/EerdGm-ehJQ?si=21sX_5Bc7b6UHqEp'
    └ <function handle_video_load at 0x000001F0EF7B1310>

  File "D:\OLLAMA\youtube-chatbot12\app.py", line 226, in handle_video_load
    transcript = get_transcript(video_id)
                 │              └ 'EerdGm-ehJQ'
                 └ <function get_transcript at 0x000001F0C6343940>

> File "D:\OLLAMA\youtube-chatbot12\chatbot.py", line 77, in get_transcript
    transcript_list = YouTubeTranscriptApi.list_transcripts(video_id)
                      │                                     └ 'EerdGm-ehJQ'
                      └ <class 'youtube_transcript_api._api.YouTubeTranscriptApi'>

AttributeError: type object 'YouTubeTranscriptApi' has no attribute 'list_transcripts'
2026-06-10 09:36:34.034 | ERROR    | chatbot:get_transcript:104 - Unexpected error fetching transcript for EerdGm-ehJQ
Traceback (most recent call last):

  File "C:\Users\abdul\AppData\Local\Programs\Python\Python38\lib\threading.py", line 890, in _bootstrap
    self._bootstrap_inner()
    │    └ <function Thread._bootstrap_inner at 0x000001F0C29FC040>
    └ <Thread(ScriptRunner.scriptThread, started 24192)>

  File "C:\Users\abdul\AppData\Local\Programs\Python\Python38\lib\threading.py", line 932, in _bootstrap_inner
    self.run()
    │    └ <function Thread.run at 0x000001F0C29FBD30>
    └ <Thread(ScriptRunner.scriptThread, started 24192)>

  File "C:\Users\abdul\AppData\Local\Programs\Python\Python38\lib\threading.py", line 870, in run
    self._target(*self._args, **self._kwargs)
    │    │        │    │        │    └ {}
    │    │        │    │        └ <Thread(ScriptRunner.scriptThread, started 24192)>
    │    │        │    └ ()
    │    │        └ <Thread(ScriptRunner.scriptThread, started 24192)>
    │    └ <bound method ScriptRunner._run_script_thread of ScriptRunner(_session_id='62598ed6-b195-4212-be80-799fc6afd13f', _main_scrip...
    └ <Thread(ScriptRunner.scriptThread, started 24192)>

  File "C:\Users\abdul\AppData\Local\Programs\Python\Python38\lib\site-packages\streamlit\runtime\scriptrunner\script_runner.py", line 320, in _run_script_thread
    self._run_script(request.rerun_data)
    │    │           │       └ <property object at 0x000001F0C4E27AE0>
    │    │           └ ScriptRequest(type=<ScriptRequestType.RERUN: 'RERUN'>, _rerun_data=RerunData(widget_states=widgets {
    │    │               id: "$$ID-38bab446a52e...
    │    └ <function ScriptRunner._run_script at 0x000001F0C4F033A0>
    └ ScriptRunner(_session_id='62598ed6-b195-4212-be80-799fc6afd13f', _main_script_path='app.py', _session_state={num_chunks: 0, m...

  File "C:\Users\abdul\AppData\Local\Programs\Python\Python38\lib\site-packages\streamlit\runtime\scriptrunner\script_runner.py", line 595, in _run_script
    ) = exec_func_with_error_handling(code_to_exec, ctx)
        │                             │             └ ScriptRunContext(session_id='62598ed6-b195-4212-be80-799fc6afd13f', _enqueue=<bound method ScriptRunner._enqueue_forward_msg ...
        │                             └ <function ScriptRunner._run_script.<locals>.code_to_exec at 0x000001F0C62CD040>
        └ <function exec_func_with_error_handling at 0x000001F0C4E76DC0>

  File "C:\Users\abdul\AppData\Local\Programs\Python\Python38\lib\site-packages\streamlit\runtime\scriptrunner\exec_code.py", line 88, in exec_func_with_error_handling
    result = func()
             └ <function ScriptRunner._run_script.<locals>.code_to_exec at 0x000001F0C62CD040>

  File "C:\Users\abdul\AppData\Local\Programs\Python\Python38\lib\site-packages\streamlit\runtime\scriptrunner\script_runner.py", line 579, in code_to_exec
    exec(code, module.__dict__)
         │     │      └ <member '__dict__' of 'module' objects>
         │     └ <module '__main__' from 'D:\\OLLAMA\\youtube-chatbot12\\app.py'>
         └ <code object <module> at 0x000001F0C6335BE0, file "D:\OLLAMA\youtube-chatbot12\app.py", line 1>

  File "D:\OLLAMA\youtube-chatbot12\app.py", line 252, in <module>
    handle_video_load(video_url_input)
    │                 └ 'https://youtu.be/EerdGm-ehJQ?si=21sX_5Bc7b6UHqEp'
    └ <function handle_video_load at 0x000001F0EF7B1310>

  File "D:\OLLAMA\youtube-chatbot12\app.py", line 226, in handle_video_load
    transcript = get_transcript(video_id)
                 │              └ 'EerdGm-ehJQ'
                 └ <function get_transcript at 0x000001F0C6343940>

> File "D:\OLLAMA\youtube-chatbot12\chatbot.py", line 77, in get_transcript
    transcript_list = YouTubeTranscriptApi.list_transcripts(video_id)
                      │                                     └ 'EerdGm-ehJQ'
                      └ <class 'youtube_transcript_api._api.YouTubeTranscriptApi'>

AttributeError: type object 'YouTubeTranscriptApi' has no attribute 'list_transcripts'
2026-06-10 09:36:34.034 | ERROR    | chatbot:get_transcript:104 - Unexpected error fetching transcript for EerdGm-ehJQ
Traceback (most recent call last):

  File "C:\Users\abdul\AppData\Local\Programs\Python\Python38\lib\threading.py", line 890, in _bootstrap
    self._bootstrap_inner()
    │    └ <function Thread._bootstrap_inner at 0x000001F0C29FC040>
    └ <Thread(ScriptRunner.scriptThread, started 24192)>

  File "C:\Users\abdul\AppData\Local\Programs\Python\Python38\lib\threading.py", line 932, in _bootstrap_inner
    self.run()
    │    └ <function Thread.run at 0x000001F0C29FBD30>
    └ <Thread(ScriptRunner.scriptThread, started 24192)>

  File "C:\Users\abdul\AppData\Local\Programs\Python\Python38\lib\threading.py", line 870, in run
    self._target(*self._args, **self._kwargs)
    │    │        │    │        │    └ {}
    │    │        │    │        └ <Thread(ScriptRunner.scriptThread, started 24192)>
    │    │        │    └ ()
    │    │        └ <Thread(ScriptRunner.scriptThread, started 24192)>
    │    └ <bound method ScriptRunner._run_script_thread of ScriptRunner(_session_id='62598ed6-b195-4212-be80-799fc6afd13f', _main_scrip...
    └ <Thread(ScriptRunner.scriptThread, started 24192)>

  File "C:\Users\abdul\AppData\Local\Programs\Python\Python38\lib\site-packages\streamlit\runtime\scriptrunner\script_runner.py", line 320, in _run_script_thread
    self._run_script(request.rerun_data)
    │    │           │       └ <property object at 0x000001F0C4E27AE0>
    │    │           └ ScriptRequest(type=<ScriptRequestType.RERUN: 'RERUN'>, _rerun_data=RerunData(widget_states=widgets {
    │    │               id: "$$ID-38bab446a52e...
    │    └ <function ScriptRunner._run_script at 0x000001F0C4F033A0>
    └ ScriptRunner(_session_id='62598ed6-b195-4212-be80-799fc6afd13f', _main_script_path='app.py', _session_state={num_chunks: 0, m...

  File "C:\Users\abdul\AppData\Local\Programs\Python\Python38\lib\site-packages\streamlit\runtime\scriptrunner\script_runner.py", line 595, in _run_script
    ) = exec_func_with_error_handling(code_to_exec, ctx)
        │                             │             └ ScriptRunContext(session_id='62598ed6-b195-4212-be80-799fc6afd13f', _enqueue=<bound method ScriptRunner._enqueue_forward_msg ...
        │                             └ <function ScriptRunner._run_script.<locals>.code_to_exec at 0x000001F0C62CD040>
        └ <function exec_func_with_error_handling at 0x000001F0C4E76DC0>

  File "C:\Users\abdul\AppData\Local\Programs\Python\Python38\lib\site-packages\streamlit\runtime\scriptrunner\exec_code.py", line 88, in exec_func_with_error_handling
    result = func()
             └ <function ScriptRunner._run_script.<locals>.code_to_exec at 0x000001F0C62CD040>

  File "C:\Users\abdul\AppData\Local\Programs\Python\Python38\lib\site-packages\streamlit\runtime\scriptrunner\script_runner.py", line 579, in code_to_exec
    exec(code, module.__dict__)
         │     │      └ <member '__dict__' of 'module' objects>
         │     └ <module '__main__' from 'D:\\OLLAMA\\youtube-chatbot12\\app.py'>
         └ <code object <module> at 0x000001F0C6335BE0, file "D:\OLLAMA\youtube-chatbot12\app.py", line 1>

  File "D:\OLLAMA\youtube-chatbot12\app.py", line 252, in <module>
    handle_video_load(video_url_input)
    │                 └ 'https://youtu.be/EerdGm-ehJQ?si=21sX_5Bc7b6UHqEp'
    └ <function handle_video_load at 0x000001F0EF7B1310>

  File "D:\OLLAMA\youtube-chatbot12\app.py", line 226, in handle_video_load
    transcript = get_transcript(video_id)
                 │              └ 'EerdGm-ehJQ'
                 └ <function get_transcript at 0x000001F0C6343940>

> File "D:\OLLAMA\youtube-chatbot12\chatbot.py", line 77, in get_transcript
    transcript_list = YouTubeTranscriptApi.list_transcripts(video_id)
                      │                                     └ 'EerdGm-ehJQ'
                      └ <class 'youtube_transcript_api._api.YouTubeTranscriptApi'>

AttributeError: type object 'YouTubeTranscriptApi' has no attribute 'list_transcripts'
2026-06-10 09:36:34.114 | ERROR    | __main__:handle_video_load:235 - Load failed: Transcript retrieval failed: type object 'YouTubeTranscriptApi' has no attribute 'list_transcripts'
2026-06-10 09:36:34.114 | ERROR    | __main__:handle_video_load:235 - Load failed: Transcript retrieval failed: type object 'YouTubeTranscriptApi' has no attribute 'list_transcripts'
2026-06-10 09:36:34.114 | ERROR    | __main__:handle_video_load:235 - Load failed: Transcript retrieval failed: type object 'YouTubeTranscriptApi' has no attribute 'list_transcripts'
2026-06-10 09:36:34.114 | ERROR    | __main__:handle_video_load:235 - Load failed: Transcript retrieval failed: type object 'YouTubeTranscriptApi' has no attribute 'list_transcripts'
2026-06-10 09:36:34.114 | ERROR    | __main__:handle_video_load:235 - Load failed: Transcript retrieval failed: type object 'YouTubeTranscriptApi' has no attribute 'list_transcripts'
2026-06-10 09:36:34.114 | ERROR    | __main__:handle_video_load:235 - Load failed: Transcript retrieval failed: type object 'YouTubeTranscriptApi' has no attribute 'list_transcripts'
2026-06-10 09:36:34.114 | ERROR    | __main__:handle_video_load:235 - Load failed: Transcript retrieval failed: type object 'YouTubeTranscriptApi' has no attribute 'list_transcripts'
2026-06-10 09:36:34.114 | ERROR    | __main__:handle_video_load:235 - Load failed: Transcript retrieval failed: type object 'YouTubeTranscriptApi' has no attribute 'list_transcripts'
2026-06-10 09:36:34.114 | ERROR    | __main__:handle_video_load:235 - Load failed: Transcript retrieval failed: type object 'YouTubeTranscriptApi' has no attribute 'list_transcripts'
2026-06-10 09:36:34.114 | ERROR    | __main__:handle_video_load:235 - Load failed: Transcript retrieval failed: type object 'YouTubeTranscriptApi' has no attribute 'list_transcripts'
2026-06-10 09:36:35.340 | INFO     | chatbot:get_transcript:73 - Fetching transcript for video_id: EerdGm-ehJQ
2026-06-10 09:36:35.340 | INFO     | chatbot:get_transcript:73 - Fetching transcript for video_id: EerdGm-ehJQ
2026-06-10 09:36:35.340 | INFO     | chatbot:get_transcript:73 - Fetching transcript for video_id: EerdGm-ehJQ
2026-06-10 09:36:35.340 | INFO     | chatbot:get_transcript:73 - Fetching transcript for video_id: EerdGm-ehJQ
2026-06-10 09:36:35.340 | INFO     | chatbot:get_transcript:73 - Fetching transcript for video_id: EerdGm-ehJQ
2026-06-10 09:36:35.340 | INFO     | chatbot:get_transcript:73 - Fetching transcript for video_id: EerdGm-ehJQ
2026-06-10 09:36:35.340 | INFO     | chatbot:get_transcript:73 - Fetching transcript for video_id: EerdGm-ehJQ
2026-06-10 09:36:35.340 | INFO     | chatbot:get_transcript:73 - Fetching transcript for video_id: EerdGm-ehJQ
2026-06-10 09:36:35.340 | INFO     | chatbot:get_transcript:73 - Fetching transcript for video_id: EerdGm-ehJQ
2026-06-10 09:36:35.340 | INFO     | chatbot:get_transcript:73 - Fetching transcript for video_id: EerdGm-ehJQ
2026-06-10 09:36:35.340 | INFO     | chatbot:get_transcript:73 - Fetching transcript for video_id: EerdGm-ehJQ
2026-06-10 09:36:35.346 | ERROR    | chatbot:get_transcript:104 - Unexpected error fetching transcript for EerdGm-ehJQ
Traceback (most recent call last):

  File "C:\Users\abdul\AppData\Local\Programs\Python\Python38\lib\threading.py", line 890, in _bootstrap
    self._bootstrap_inner()
    │    └ <function Thread._bootstrap_inner at 0x000001F0C29FC040>
    └ <Thread(ScriptRunner.scriptThread, started 30140)>

  File "C:\Users\abdul\AppData\Local\Programs\Python\Python38\lib\threading.py", line 932, in _bootstrap_inner
    self.run()
    │    └ <function Thread.run at 0x000001F0C29FBD30>
    └ <Thread(ScriptRunner.scriptThread, started 30140)>

  File "C:\Users\abdul\AppData\Local\Programs\Python\Python38\lib\threading.py", line 870, in run
    self._target(*self._args, **self._kwargs)
    │    │        │    │        │    └ {}
    │    │        │    │        └ <Thread(ScriptRunner.scriptThread, started 30140)>
    │    │        │    └ ()
    │    │        └ <Thread(ScriptRunner.scriptThread, started 30140)>
    │    └ <bound method ScriptRunner._run_script_thread of ScriptRunner(_session_id='62598ed6-b195-4212-be80-799fc6afd13f', _main_scrip...
    └ <Thread(ScriptRunner.scriptThread, started 30140)>

  File "C:\Users\abdul\AppData\Local\Programs\Python\Python38\lib\site-packages\streamlit\runtime\scriptrunner\script_runner.py", line 320, in _run_script_thread
    self._run_script(request.rerun_data)
    │    │           │       └ <property object at 0x000001F0C4E27AE0>
    │    │           └ ScriptRequest(type=<ScriptRequestType.RERUN: 'RERUN'>, _rerun_data=RerunData(widget_states=widgets {
    │    │               id: "$$ID-38bab446a52e...
    │    └ <function ScriptRunner._run_script at 0x000001F0C4F033A0>
    └ ScriptRunner(_session_id='62598ed6-b195-4212-be80-799fc6afd13f', _main_script_path='app.py', _session_state={num_chunks: 0, m...

  File "C:\Users\abdul\AppData\Local\Programs\Python\Python38\lib\site-packages\streamlit\runtime\scriptrunner\script_runner.py", line 595, in _run_script
    ) = exec_func_with_error_handling(code_to_exec, ctx)
        │                             │             └ ScriptRunContext(session_id='62598ed6-b195-4212-be80-799fc6afd13f', _enqueue=<bound method ScriptRunner._enqueue_forward_msg ...
        │                             └ <function ScriptRunner._run_script.<locals>.code_to_exec at 0x000001F0EF7B15E0>
        └ <function exec_func_with_error_handling at 0x000001F0C4E76DC0>

  File "C:\Users\abdul\AppData\Local\Programs\Python\Python38\lib\site-packages\streamlit\runtime\scriptrunner\exec_code.py", line 88, in exec_func_with_error_handling
    result = func()
             └ <function ScriptRunner._run_script.<locals>.code_to_exec at 0x000001F0EF7B15E0>

  File "C:\Users\abdul\AppData\Local\Programs\Python\Python38\lib\site-packages\streamlit\runtime\scriptrunner\script_runner.py", line 579, in code_to_exec
    exec(code, module.__dict__)
         │     │      └ <member '__dict__' of 'module' objects>
         │     └ <module '__main__' from 'D:\\OLLAMA\\youtube-chatbot12\\app.py'>
         └ <code object <module> at 0x000001F0C6335BE0, file "D:\OLLAMA\youtube-chatbot12\app.py", line 1>

  File "D:\OLLAMA\youtube-chatbot12\app.py", line 252, in <module>
    handle_video_load(video_url_input)
    │                 └ 'https://youtu.be/EerdGm-ehJQ?si=21sX_5Bc7b6UHqEp'
    └ <function handle_video_load at 0x000001F0EF7B1790>

  File "D:\OLLAMA\youtube-chatbot12\app.py", line 226, in handle_video_load
    transcript = get_transcript(video_id)
                 │              └ 'EerdGm-ehJQ'
                 └ <function get_transcript at 0x000001F0C6343940>

> File "D:\OLLAMA\youtube-chatbot12\chatbot.py", line 77, in get_transcript
    transcript_list = YouTubeTranscriptApi.list_transcripts(video_id)
                      │                                     └ 'EerdGm-ehJQ'
                      └ <class 'youtube_transcript_api._api.YouTubeTranscriptApi'>

AttributeError: type object 'YouTubeTranscriptApi' has no attribute 'list_transcripts'
2026-06-10 09:36:35.346 | ERROR    | chatbot:get_transcript:104 - Unexpected error fetching transcript for EerdGm-ehJQ
Traceback (most recent call last):

  File "C:\Users\abdul\AppData\Local\Programs\Python\Python38\lib\threading.py", line 890, in _bootstrap
    self._bootstrap_inner()
    │    └ <function Thread._bootstrap_inner at 0x000001F0C29FC040>
    └ <Thread(ScriptRunner.scriptThread, started 30140)>

  File "C:\Users\abdul\AppData\Local\Programs\Python\Python38\lib\threading.py", line 932, in _bootstrap_inner
    self.run()
    │    └ <function Thread.run at 0x000001F0C29FBD30>
    └ <Thread(ScriptRunner.scriptThread, started 30140)>

  File "C:\Users\abdul\AppData\Local\Programs\Python\Python38\lib\threading.py", line 870, in run
    self._target(*self._args, **self._kwargs)
    │    │        │    │        │    └ {}
    │    │        │    │        └ <Thread(ScriptRunner.scriptThread, started 30140)>
    │    │        │    └ ()
    │    │        └ <Thread(ScriptRunner.scriptThread, started 30140)>
    │    └ <bound method ScriptRunner._run_script_thread of ScriptRunner(_session_id='62598ed6-b195-4212-be80-799fc6afd13f', _main_scrip...
    └ <Thread(ScriptRunner.scriptThread, started 30140)>

  File "C:\Users\abdul\AppData\Local\Programs\Python\Python38\lib\site-packages\streamlit\runtime\scriptrunner\script_runner.py", line 320, in _run_script_thread
    self._run_script(request.rerun_data)
    │    │           │       └ <property object at 0x000001F0C4E27AE0>
    │    │           └ ScriptRequest(type=<ScriptRequestType.RERUN: 'RERUN'>, _rerun_data=RerunData(widget_states=widgets {
    │    │               id: "$$ID-38bab446a52e...
    │    └ <function ScriptRunner._run_script at 0x000001F0C4F033A0>
    └ ScriptRunner(_session_id='62598ed6-b195-4212-be80-799fc6afd13f', _main_script_path='app.py', _session_state={num_chunks: 0, m...

  File "C:\Users\abdul\AppData\Local\Programs\Python\Python38\lib\site-packages\streamlit\runtime\scriptrunner\script_runner.py", line 595, in _run_script
    ) = exec_func_with_error_handling(code_to_exec, ctx)
        │                             │             └ ScriptRunContext(session_id='62598ed6-b195-4212-be80-799fc6afd13f', _enqueue=<bound method ScriptRunner._enqueue_forward_msg ...
        │                             └ <function ScriptRunner._run_script.<locals>.code_to_exec at 0x000001F0EF7B15E0>
        └ <function exec_func_with_error_handling at 0x000001F0C4E76DC0>

  File "C:\Users\abdul\AppData\Local\Programs\Python\Python38\lib\site-packages\streamlit\runtime\scriptrunner\exec_code.py", line 88, in exec_func_with_error_handling
    result = func()
             └ <function ScriptRunner._run_script.<locals>.code_to_exec at 0x000001F0EF7B15E0>

  File "C:\Users\abdul\AppData\Local\Programs\Python\Python38\lib\site-packages\streamlit\runtime\scriptrunner\script_runner.py", line 579, in code_to_exec
    exec(code, module.__dict__)
         │     │      └ <member '__dict__' of 'module' objects>
         │     └ <module '__main__' from 'D:\\OLLAMA\\youtube-chatbot12\\app.py'>
         └ <code object <module> at 0x000001F0C6335BE0, file "D:\OLLAMA\youtube-chatbot12\app.py", line 1>

  File "D:\OLLAMA\youtube-chatbot12\app.py", line 252, in <module>
    handle_video_load(video_url_input)
    │                 └ 'https://youtu.be/EerdGm-ehJQ?si=21sX_5Bc7b6UHqEp'
    └ <function handle_video_load at 0x000001F0EF7B1790>

  File "D:\OLLAMA\youtube-chatbot12\app.py", line 226, in handle_video_load
    transcript = get_transcript(video_id)
                 │              └ 'EerdGm-ehJQ'
                 └ <function get_transcript at 0x000001F0C6343940>

> File "D:\OLLAMA\youtube-chatbot12\chatbot.py", line 77, in get_transcript
    transcript_list = YouTubeTranscriptApi.list_transcripts(video_id)
                      │                                     └ 'EerdGm-ehJQ'
                      └ <class 'youtube_transcript_api._api.YouTubeTranscriptApi'>

AttributeError: type object 'YouTubeTranscriptApi' has no attribute 'list_transcripts'
2026-06-10 09:36:35.346 | ERROR    | chatbot:get_transcript:104 - Unexpected error fetching transcript for EerdGm-ehJQ
Traceback (most recent call last):

  File "C:\Users\abdul\AppData\Local\Programs\Python\Python38\lib\threading.py", line 890, in _bootstrap
    self._bootstrap_inner()
    │    └ <function Thread._bootstrap_inner at 0x000001F0C29FC040>
    └ <Thread(ScriptRunner.scriptThread, started 30140)>

  File "C:\Users\abdul\AppData\Local\Programs\Python\Python38\lib\threading.py", line 932, in _bootstrap_inner
    self.run()
    │    └ <function Thread.run at 0x000001F0C29FBD30>
    └ <Thread(ScriptRunner.scriptThread, started 30140)>

  File "C:\Users\abdul\AppData\Local\Programs\Python\Python38\lib\threading.py", line 870, in run
    self._target(*self._args, **self._kwargs)
    │    │        │    │        │    └ {}
    │    │        │    │        └ <Thread(ScriptRunner.scriptThread, started 30140)>
    │    │        │    └ ()
    │    │        └ <Thread(ScriptRunner.scriptThread, started 30140)>
    │    └ <bound method ScriptRunner._run_script_thread of ScriptRunner(_session_id='62598ed6-b195-4212-be80-799fc6afd13f', _main_scrip...
    └ <Thread(ScriptRunner.scriptThread, started 30140)>

  File "C:\Users\abdul\AppData\Local\Programs\Python\Python38\lib\site-packages\streamlit\runtime\scriptrunner\script_runner.py", line 320, in _run_script_thread
    self._run_script(request.rerun_data)
    │    │           │       └ <property object at 0x000001F0C4E27AE0>
    │    │           └ ScriptRequest(type=<ScriptRequestType.RERUN: 'RERUN'>, _rerun_data=RerunData(widget_states=widgets {
    │    │               id: "$$ID-38bab446a52e...
    │    └ <function ScriptRunner._run_script at 0x000001F0C4F033A0>
    └ ScriptRunner(_session_id='62598ed6-b195-4212-be80-799fc6afd13f', _main_script_path='app.py', _session_state={num_chunks: 0, m...

  File "C:\Users\abdul\AppData\Local\Programs\Python\Python38\lib\site-packages\streamlit\runtime\scriptrunner\script_runner.py", line 595, in _run_script
    ) = exec_func_with_error_handling(code_to_exec, ctx)
        │                             │             └ ScriptRunContext(session_id='62598ed6-b195-4212-be80-799fc6afd13f', _enqueue=<bound method ScriptRunner._enqueue_forward_msg ...
        │                             └ <function ScriptRunner._run_script.<locals>.code_to_exec at 0x000001F0EF7B15E0>
        └ <function exec_func_with_error_handling at 0x000001F0C4E76DC0>

  File "C:\Users\abdul\AppData\Local\Programs\Python\Python38\lib\site-packages\streamlit\runtime\scriptrunner\exec_code.py", line 88, in exec_func_with_error_handling
    result = func()
             └ <function ScriptRunner._run_script.<locals>.code_to_exec at 0x000001F0EF7B15E0>

  File "C:\Users\abdul\AppData\Local\Programs\Python\Python38\lib\site-packages\streamlit\runtime\scriptrunner\script_runner.py", line 579, in code_to_exec
    exec(code, module.__dict__)
         │     │      └ <member '__dict__' of 'module' objects>
         │     └ <module '__main__' from 'D:\\OLLAMA\\youtube-chatbot12\\app.py'>
         └ <code object <module> at 0x000001F0C6335BE0, file "D:\OLLAMA\youtube-chatbot12\app.py", line 1>

  File "D:\OLLAMA\youtube-chatbot12\app.py", line 252, in <module>
    handle_video_load(video_url_input)
    │                 └ 'https://youtu.be/EerdGm-ehJQ?si=21sX_5Bc7b6UHqEp'
    └ <function handle_video_load at 0x000001F0EF7B1790>

  File "D:\OLLAMA\youtube-chatbot12\app.py", line 226, in handle_video_load
    transcript = get_transcript(video_id)
                 │              └ 'EerdGm-ehJQ'
                 └ <function get_transcript at 0x000001F0C6343940>

> File "D:\OLLAMA\youtube-chatbot12\chatbot.py", line 77, in get_transcript
    transcript_list = YouTubeTranscriptApi.list_transcripts(video_id)
                      │                                     └ 'EerdGm-ehJQ'
                      └ <class 'youtube_transcript_api._api.YouTubeTranscriptApi'>

AttributeError: type object 'YouTubeTranscriptApi' has no attribute 'list_transcripts'
2026-06-10 09:36:35.346 | ERROR    | chatbot:get_transcript:104 - Unexpected error fetching transcript for EerdGm-ehJQ
Traceback (most recent call last):

  File "C:\Users\abdul\AppData\Local\Programs\Python\Python38\lib\threading.py", line 890, in _bootstrap
    self._bootstrap_inner()
    │    └ <function Thread._bootstrap_inner at 0x000001F0C29FC040>
    └ <Thread(ScriptRunner.scriptThread, started 30140)>

  File "C:\Users\abdul\AppData\Local\Programs\Python\Python38\lib\threading.py", line 932, in _bootstrap_inner
    self.run()
    │    └ <function Thread.run at 0x000001F0C29FBD30>
    └ <Thread(ScriptRunner.scriptThread, started 30140)>

  File "C:\Users\abdul\AppData\Local\Programs\Python\Python38\lib\threading.py", line 870, in run
    self._target(*self._args, **self._kwargs)
    │    │        │    │        │    └ {}
    │    │        │    │        └ <Thread(ScriptRunner.scriptThread, started 30140)>
    │    │        │    └ ()
    │    │        └ <Thread(ScriptRunner.scriptThread, started 30140)>
    │    └ <bound method ScriptRunner._run_script_thread of ScriptRunner(_session_id='62598ed6-b195-4212-be80-799fc6afd13f', _main_scrip...
    └ <Thread(ScriptRunner.scriptThread, started 30140)>

  File "C:\Users\abdul\AppData\Local\Programs\Python\Python38\lib\site-packages\streamlit\runtime\scriptrunner\script_runner.py", line 320, in _run_script_thread
    self._run_script(request.rerun_data)
    │    │           │       └ <property object at 0x000001F0C4E27AE0>
    │    │           └ ScriptRequest(type=<ScriptRequestType.RERUN: 'RERUN'>, _rerun_data=RerunData(widget_states=widgets {
    │    │               id: "$$ID-38bab446a52e...
    │    └ <function ScriptRunner._run_script at 0x000001F0C4F033A0>
    └ ScriptRunner(_session_id='62598ed6-b195-4212-be80-799fc6afd13f', _main_script_path='app.py', _session_state={num_chunks: 0, m...

  File "C:\Users\abdul\AppData\Local\Programs\Python\Python38\lib\site-packages\streamlit\runtime\scriptrunner\script_runner.py", line 595, in _run_script
    ) = exec_func_with_error_handling(code_to_exec, ctx)
        │                             │             └ ScriptRunContext(session_id='62598ed6-b195-4212-be80-799fc6afd13f', _enqueue=<bound method ScriptRunner._enqueue_forward_msg ...
        │                             └ <function ScriptRunner._run_script.<locals>.code_to_exec at 0x000001F0EF7B15E0>
        └ <function exec_func_with_error_handling at 0x000001F0C4E76DC0>

  File "C:\Users\abdul\AppData\Local\Programs\Python\Python38\lib\site-packages\streamlit\runtime\scriptrunner\exec_code.py", line 88, in exec_func_with_error_handling
    result = func()
             └ <function ScriptRunner._run_script.<locals>.code_to_exec at 0x000001F0EF7B15E0>

  File "C:\Users\abdul\AppData\Local\Programs\Python\Python38\lib\site-packages\streamlit\runtime\scriptrunner\script_runner.py", line 579, in code_to_exec
    exec(code, module.__dict__)
         │     │      └ <member '__dict__' of 'module' objects>
         │     └ <module '__main__' from 'D:\\OLLAMA\\youtube-chatbot12\\app.py'>
         └ <code object <module> at 0x000001F0C6335BE0, file "D:\OLLAMA\youtube-chatbot12\app.py", line 1>

  File "D:\OLLAMA\youtube-chatbot12\app.py", line 252, in <module>
    handle_video_load(video_url_input)
    │                 └ 'https://youtu.be/EerdGm-ehJQ?si=21sX_5Bc7b6UHqEp'
    └ <function handle_video_load at 0x000001F0EF7B1790>

  File "D:\OLLAMA\youtube-chatbot12\app.py", line 226, in handle_video_load
    transcript = get_transcript(video_id)
                 │              └ 'EerdGm-ehJQ'
                 └ <function get_transcript at 0x000001F0C6343940>

> File "D:\OLLAMA\youtube-chatbot12\chatbot.py", line 77, in get_transcript
    transcript_list = YouTubeTranscriptApi.list_transcripts(video_id)
                      │                                     └ 'EerdGm-ehJQ'
                      └ <class 'youtube_transcript_api._api.YouTubeTranscriptApi'>

AttributeError: type object 'YouTubeTranscriptApi' has no attribute 'list_transcripts'
2026-06-10 09:36:35.346 | ERROR    | chatbot:get_transcript:104 - Unexpected error fetching transcript for EerdGm-ehJQ
Traceback (most recent call last):

  File "C:\Users\abdul\AppData\Local\Programs\Python\Python38\lib\threading.py", line 890, in _bootstrap
    self._bootstrap_inner()
    │    └ <function Thread._bootstrap_inner at 0x000001F0C29FC040>
    └ <Thread(ScriptRunner.scriptThread, started 30140)>

  File "C:\Users\abdul\AppData\Local\Programs\Python\Python38\lib\threading.py", line 932, in _bootstrap_inner
    self.run()
    │    └ <function Thread.run at 0x000001F0C29FBD30>
    └ <Thread(ScriptRunner.scriptThread, started 30140)>

  File "C:\Users\abdul\AppData\Local\Programs\Python\Python38\lib\threading.py", line 870, in run
    self._target(*self._args, **self._kwargs)
    │    │        │    │        │    └ {}
    │    │        │    │        └ <Thread(ScriptRunner.scriptThread, started 30140)>
    │    │        │    └ ()
    │    │        └ <Thread(ScriptRunner.scriptThread, started 30140)>
    │    └ <bound method ScriptRunner._run_script_thread of ScriptRunner(_session_id='62598ed6-b195-4212-be80-799fc6afd13f', _main_scrip...
    └ <Thread(ScriptRunner.scriptThread, started 30140)>

  File "C:\Users\abdul\AppData\Local\Programs\Python\Python38\lib\site-packages\streamlit\runtime\scriptrunner\script_runner.py", line 320, in _run_script_thread
    self._run_script(request.rerun_data)
    │    │           │       └ <property object at 0x000001F0C4E27AE0>
    │    │           └ ScriptRequest(type=<ScriptRequestType.RERUN: 'RERUN'>, _rerun_data=RerunData(widget_states=widgets {
    │    │               id: "$$ID-38bab446a52e...
    │    └ <function ScriptRunner._run_script at 0x000001F0C4F033A0>
    └ ScriptRunner(_session_id='62598ed6-b195-4212-be80-799fc6afd13f', _main_script_path='app.py', _session_state={num_chunks: 0, m...

  File "C:\Users\abdul\AppData\Local\Programs\Python\Python38\lib\site-packages\streamlit\runtime\scriptrunner\script_runner.py", line 595, in _run_script
    ) = exec_func_with_error_handling(code_to_exec, ctx)
        │                             │             └ ScriptRunContext(session_id='62598ed6-b195-4212-be80-799fc6afd13f', _enqueue=<bound method ScriptRunner._enqueue_forward_msg ...
        │                             └ <function ScriptRunner._run_script.<locals>.code_to_exec at 0x000001F0EF7B15E0>
        └ <function exec_func_with_error_handling at 0x000001F0C4E76DC0>

  File "C:\Users\abdul\AppData\Local\Programs\Python\Python38\lib\site-packages\streamlit\runtime\scriptrunner\exec_code.py", line 88, in exec_func_with_error_handling
    result = func()
             └ <function ScriptRunner._run_script.<locals>.code_to_exec at 0x000001F0EF7B15E0>

  File "C:\Users\abdul\AppData\Local\Programs\Python\Python38\lib\site-packages\streamlit\runtime\scriptrunner\script_runner.py", line 579, in code_to_exec
    exec(code, module.__dict__)
         │     │      └ <member '__dict__' of 'module' objects>
         │     └ <module '__main__' from 'D:\\OLLAMA\\youtube-chatbot12\\app.py'>
         └ <code object <module> at 0x000001F0C6335BE0, file "D:\OLLAMA\youtube-chatbot12\app.py", line 1>

  File "D:\OLLAMA\youtube-chatbot12\app.py", line 252, in <module>
    handle_video_load(video_url_input)
    │                 └ 'https://youtu.be/EerdGm-ehJQ?si=21sX_5Bc7b6UHqEp'
    └ <function handle_video_load at 0x000001F0EF7B1790>

  File "D:\OLLAMA\youtube-chatbot12\app.py", line 226, in handle_video_load
    transcript = get_transcript(video_id)
                 │              └ 'EerdGm-ehJQ'
                 └ <function get_transcript at 0x000001F0C6343940>

> File "D:\OLLAMA\youtube-chatbot12\chatbot.py", line 77, in get_transcript
    transcript_list = YouTubeTranscriptApi.list_transcripts(video_id)
                      │                                     └ 'EerdGm-ehJQ'
                      └ <class 'youtube_transcript_api._api.YouTubeTranscriptApi'>

AttributeError: type object 'YouTubeTranscriptApi' has no attribute 'list_transcripts'
2026-06-10 09:36:35.346 | ERROR    | chatbot:get_transcript:104 - Unexpected error fetching transcript for EerdGm-ehJQ
Traceback (most recent call last):

  File "C:\Users\abdul\AppData\Local\Programs\Python\Python38\lib\threading.py", line 890, in _bootstrap
    self._bootstrap_inner()
    │    └ <function Thread._bootstrap_inner at 0x000001F0C29FC040>
    └ <Thread(ScriptRunner.scriptThread, started 30140)>

  File "C:\Users\abdul\AppData\Local\Programs\Python\Python38\lib\threading.py", line 932, in _bootstrap_inner
    self.run()
    │    └ <function Thread.run at 0x000001F0C29FBD30>
    └ <Thread(ScriptRunner.scriptThread, started 30140)>

  File "C:\Users\abdul\AppData\Local\Programs\Python\Python38\lib\threading.py", line 870, in run
    self._target(*self._args, **self._kwargs)
    │    │        │    │        │    └ {}
    │    │        │    │        └ <Thread(ScriptRunner.scriptThread, started 30140)>
    │    │        │    └ ()
    │    │        └ <Thread(ScriptRunner.scriptThread, started 30140)>
    │    └ <bound method ScriptRunner._run_script_thread of ScriptRunner(_session_id='62598ed6-b195-4212-be80-799fc6afd13f', _main_scrip...
    └ <Thread(ScriptRunner.scriptThread, started 30140)>

  File "C:\Users\abdul\AppData\Local\Programs\Python\Python38\lib\site-packages\streamlit\runtime\scriptrunner\script_runner.py", line 320, in _run_script_thread
    self._run_script(request.rerun_data)
    │    │           │       └ <property object at 0x000001F0C4E27AE0>
    │    │           └ ScriptRequest(type=<ScriptRequestType.RERUN: 'RERUN'>, _rerun_data=RerunData(widget_states=widgets {
    │    │               id: "$$ID-38bab446a52e...
    │    └ <function ScriptRunner._run_script at 0x000001F0C4F033A0>
    └ ScriptRunner(_session_id='62598ed6-b195-4212-be80-799fc6afd13f', _main_script_path='app.py', _session_state={num_chunks: 0, m...

  File "C:\Users\abdul\AppData\Local\Programs\Python\Python38\lib\site-packages\streamlit\runtime\scriptrunner\script_runner.py", line 595, in _run_script
    ) = exec_func_with_error_handling(code_to_exec, ctx)
        │                             │             └ ScriptRunContext(session_id='62598ed6-b195-4212-be80-799fc6afd13f', _enqueue=<bound method ScriptRunner._enqueue_forward_msg ...
        │                             └ <function ScriptRunner._run_script.<locals>.code_to_exec at 0x000001F0EF7B15E0>
        └ <function exec_func_with_error_handling at 0x000001F0C4E76DC0>

  File "C:\Users\abdul\AppData\Local\Programs\Python\Python38\lib\site-packages\streamlit\runtime\scriptrunner\exec_code.py", line 88, in exec_func_with_error_handling
    result = func()
             └ <function ScriptRunner._run_script.<locals>.code_to_exec at 0x000001F0EF7B15E0>

  File "C:\Users\abdul\AppData\Local\Programs\Python\Python38\lib\site-packages\streamlit\runtime\scriptrunner\script_runner.py", line 579, in code_to_exec
    exec(code, module.__dict__)
         │     │      └ <member '__dict__' of 'module' objects>
         │     └ <module '__main__' from 'D:\\OLLAMA\\youtube-chatbot12\\app.py'>
         └ <code object <module> at 0x000001F0C6335BE0, file "D:\OLLAMA\youtube-chatbot12\app.py", line 1>

  File "D:\OLLAMA\youtube-chatbot12\app.py", line 252, in <module>
    handle_video_load(video_url_input)
    │                 └ 'https://youtu.be/EerdGm-ehJQ?si=21sX_5Bc7b6UHqEp'
    └ <function handle_video_load at 0x000001F0EF7B1790>

  File "D:\OLLAMA\youtube-chatbot12\app.py", line 226, in handle_video_load
    transcript = get_transcript(video_id)
                 │              └ 'EerdGm-ehJQ'
                 └ <function get_transcript at 0x000001F0C6343940>

> File "D:\OLLAMA\youtube-chatbot12\chatbot.py", line 77, in get_transcript
    transcript_list = YouTubeTranscriptApi.list_transcripts(video_id)
                      │                                     └ 'EerdGm-ehJQ'
                      └ <class 'youtube_transcript_api._api.YouTubeTranscriptApi'>

AttributeError: type object 'YouTubeTranscriptApi' has no attribute 'list_transcripts'
2026-06-10 09:36:35.346 | ERROR    | chatbot:get_transcript:104 - Unexpected error fetching transcript for EerdGm-ehJQ
Traceback (most recent call last):

  File "C:\Users\abdul\AppData\Local\Programs\Python\Python38\lib\threading.py", line 890, in _bootstrap
    self._bootstrap_inner()
    │    └ <function Thread._bootstrap_inner at 0x000001F0C29FC040>
    └ <Thread(ScriptRunner.scriptThread, started 30140)>

  File "C:\Users\abdul\AppData\Local\Programs\Python\Python38\lib\threading.py", line 932, in _bootstrap_inner
    self.run()
    │    └ <function Thread.run at 0x000001F0C29FBD30>
    └ <Thread(ScriptRunner.scriptThread, started 30140)>

  File "C:\Users\abdul\AppData\Local\Programs\Python\Python38\lib\threading.py", line 870, in run
    self._target(*self._args, **self._kwargs)
    │    │        │    │        │    └ {}
    │    │        │    │        └ <Thread(ScriptRunner.scriptThread, started 30140)>
    │    │        │    └ ()
    │    │        └ <Thread(ScriptRunner.scriptThread, started 30140)>
    │    └ <bound method ScriptRunner._run_script_thread of ScriptRunner(_session_id='62598ed6-b195-4212-be80-799fc6afd13f', _main_scrip...
    └ <Thread(ScriptRunner.scriptThread, started 30140)>

  File "C:\Users\abdul\AppData\Local\Programs\Python\Python38\lib\site-packages\streamlit\runtime\scriptrunner\script_runner.py", line 320, in _run_script_thread
    self._run_script(request.rerun_data)
    │    │           │       └ <property object at 0x000001F0C4E27AE0>
    │    │           └ ScriptRequest(type=<ScriptRequestType.RERUN: 'RERUN'>, _rerun_data=RerunData(widget_states=widgets {
    │    │               id: "$$ID-38bab446a52e...
    │    └ <function ScriptRunner._run_script at 0x000001F0C4F033A0>
    └ ScriptRunner(_session_id='62598ed6-b195-4212-be80-799fc6afd13f', _main_script_path='app.py', _session_state={num_chunks: 0, m...

  File "C:\Users\abdul\AppData\Local\Programs\Python\Python38\lib\site-packages\streamlit\runtime\scriptrunner\script_runner.py", line 595, in _run_script
    ) = exec_func_with_error_handling(code_to_exec, ctx)
        │                             │             └ ScriptRunContext(session_id='62598ed6-b195-4212-be80-799fc6afd13f', _enqueue=<bound method ScriptRunner._enqueue_forward_msg ...
        │                             └ <function ScriptRunner._run_script.<locals>.code_to_exec at 0x000001F0EF7B15E0>
        └ <function exec_func_with_error_handling at 0x000001F0C4E76DC0>

  File "C:\Users\abdul\AppData\Local\Programs\Python\Python38\lib\site-packages\streamlit\runtime\scriptrunner\exec_code.py", line 88, in exec_func_with_error_handling
    result = func()
             └ <function ScriptRunner._run_script.<locals>.code_to_exec at 0x000001F0EF7B15E0>

  File "C:\Users\abdul\AppData\Local\Programs\Python\Python38\lib\site-packages\streamlit\runtime\scriptrunner\script_runner.py", line 579, in code_to_exec
    exec(code, module.__dict__)
         │     │      └ <member '__dict__' of 'module' objects>
         │     └ <module '__main__' from 'D:\\OLLAMA\\youtube-chatbot12\\app.py'>
         └ <code object <module> at 0x000001F0C6335BE0, file "D:\OLLAMA\youtube-chatbot12\app.py", line 1>

  File "D:\OLLAMA\youtube-chatbot12\app.py", line 252, in <module>
    handle_video_load(video_url_input)
    │                 └ 'https://youtu.be/EerdGm-ehJQ?si=21sX_5Bc7b6UHqEp'
    └ <function handle_video_load at 0x000001F0EF7B1790>

  File "D:\OLLAMA\youtube-chatbot12\app.py", line 226, in handle_video_load
    transcript = get_transcript(video_id)
                 │              └ 'EerdGm-ehJQ'
                 └ <function get_transcript at 0x000001F0C6343940>

> File "D:\OLLAMA\youtube-chatbot12\chatbot.py", line 77, in get_transcript
    transcript_list = YouTubeTranscriptApi.list_transcripts(video_id)
                      │                                     └ 'EerdGm-ehJQ'
                      └ <class 'youtube_transcript_api._api.YouTubeTranscriptApi'>

AttributeError: type object 'YouTubeTranscriptApi' has no attribute 'list_transcripts'
2026-06-10 09:36:35.346 | ERROR    | chatbot:get_transcript:104 - Unexpected error fetching transcript for EerdGm-ehJQ
Traceback (most recent call last):

  File "C:\Users\abdul\AppData\Local\Programs\Python\Python38\lib\threading.py", line 890, in _bootstrap
    self._bootstrap_inner()
    │    └ <function Thread._bootstrap_inner at 0x000001F0C29FC040>
    └ <Thread(ScriptRunner.scriptThread, started 30140)>

  File "C:\Users\abdul\AppData\Local\Programs\Python\Python38\lib\threading.py", line 932, in _bootstrap_inner
    self.run()
    │    └ <function Thread.run at 0x000001F0C29FBD30>
    └ <Thread(ScriptRunner.scriptThread, started 30140)>

  File "C:\Users\abdul\AppData\Local\Programs\Python\Python38\lib\threading.py", line 870, in run
    self._target(*self._args, **self._kwargs)
    │    │        │    │        │    └ {}
    │    │        │    │        └ <Thread(ScriptRunner.scriptThread, started 30140)>
    │    │        │    └ ()
    │    │        └ <Thread(ScriptRunner.scriptThread, started 30140)>
    │    └ <bound method ScriptRunner._run_script_thread of ScriptRunner(_session_id='62598ed6-b195-4212-be80-799fc6afd13f', _main_scrip...
    └ <Thread(ScriptRunner.scriptThread, started 30140)>

  File "C:\Users\abdul\AppData\Local\Programs\Python\Python38\lib\site-packages\streamlit\runtime\scriptrunner\script_runner.py", line 320, in _run_script_thread
    self._run_script(request.rerun_data)
    │    │           │       └ <property object at 0x000001F0C4E27AE0>
    │    │           └ ScriptRequest(type=<ScriptRequestType.RERUN: 'RERUN'>, _rerun_data=RerunData(widget_states=widgets {
    │    │               id: "$$ID-38bab446a52e...
    │    └ <function ScriptRunner._run_script at 0x000001F0C4F033A0>
    └ ScriptRunner(_session_id='62598ed6-b195-4212-be80-799fc6afd13f', _main_script_path='app.py', _session_state={num_chunks: 0, m...

  File "C:\Users\abdul\AppData\Local\Programs\Python\Python38\lib\site-packages\streamlit\runtime\scriptrunner\script_runner.py", line 595, in _run_script
    ) = exec_func_with_error_handling(code_to_exec, ctx)
        │                             │             └ ScriptRunContext(session_id='62598ed6-b195-4212-be80-799fc6afd13f', _enqueue=<bound method ScriptRunner._enqueue_forward_msg ...
        │                             └ <function ScriptRunner._run_script.<locals>.code_to_exec at 0x000001F0EF7B15E0>
        └ <function exec_func_with_error_handling at 0x000001F0C4E76DC0>

  File "C:\Users\abdul\AppData\Local\Programs\Python\Python38\lib\site-packages\streamlit\runtime\scriptrunner\exec_code.py", line 88, in exec_func_with_error_handling
    result = func()
             └ <function ScriptRunner._run_script.<locals>.code_to_exec at 0x000001F0EF7B15E0>

  File "C:\Users\abdul\AppData\Local\Programs\Python\Python38\lib\site-packages\streamlit\runtime\scriptrunner\script_runner.py", line 579, in code_to_exec
    exec(code, module.__dict__)
         │     │      └ <member '__dict__' of 'module' objects>
         │     └ <module '__main__' from 'D:\\OLLAMA\\youtube-chatbot12\\app.py'>
         └ <code object <module> at 0x000001F0C6335BE0, file "D:\OLLAMA\youtube-chatbot12\app.py", line 1>

  File "D:\OLLAMA\youtube-chatbot12\app.py", line 252, in <module>
    handle_video_load(video_url_input)
    │                 └ 'https://youtu.be/EerdGm-ehJQ?si=21sX_5Bc7b6UHqEp'
    └ <function handle_video_load at 0x000001F0EF7B1790>

  File "D:\OLLAMA\youtube-chatbot12\app.py", line 226, in handle_video_load
    transcript = get_transcript(video_id)
                 │              └ 'EerdGm-ehJQ'
                 └ <function get_transcript at 0x000001F0C6343940>

> File "D:\OLLAMA\youtube-chatbot12\chatbot.py", line 77, in get_transcript
    transcript_list = YouTubeTranscriptApi.list_transcripts(video_id)
                      │                                     └ 'EerdGm-ehJQ'
                      └ <class 'youtube_transcript_api._api.YouTubeTranscriptApi'>

AttributeError: type object 'YouTubeTranscriptApi' has no attribute 'list_transcripts'
2026-06-10 09:36:35.346 | ERROR    | chatbot:get_transcript:104 - Unexpected error fetching transcript for EerdGm-ehJQ
Traceback (most recent call last):

  File "C:\Users\abdul\AppData\Local\Programs\Python\Python38\lib\threading.py", line 890, in _bootstrap
    self._bootstrap_inner()
    │    └ <function Thread._bootstrap_inner at 0x000001F0C29FC040>
    └ <Thread(ScriptRunner.scriptThread, started 30140)>

  File "C:\Users\abdul\AppData\Local\Programs\Python\Python38\lib\threading.py", line 932, in _bootstrap_inner
    self.run()
    │    └ <function Thread.run at 0x000001F0C29FBD30>
    └ <Thread(ScriptRunner.scriptThread, started 30140)>

  File "C:\Users\abdul\AppData\Local\Programs\Python\Python38\lib\threading.py", line 870, in run
    self._target(*self._args, **self._kwargs)
    │    │        │    │        │    └ {}
    │    │        │    │        └ <Thread(ScriptRunner.scriptThread, started 30140)>
    │    │        │    └ ()
    │    │        └ <Thread(ScriptRunner.scriptThread, started 30140)>
    │    └ <bound method ScriptRunner._run_script_thread of ScriptRunner(_session_id='62598ed6-b195-4212-be80-799fc6afd13f', _main_scrip...
    └ <Thread(ScriptRunner.scriptThread, started 30140)>

  File "C:\Users\abdul\AppData\Local\Programs\Python\Python38\lib\site-packages\streamlit\runtime\scriptrunner\script_runner.py", line 320, in _run_script_thread
    self._run_script(request.rerun_data)
    │    │           │       └ <property object at 0x000001F0C4E27AE0>
    │    │           └ ScriptRequest(type=<ScriptRequestType.RERUN: 'RERUN'>, _rerun_data=RerunData(widget_states=widgets {
    │    │               id: "$$ID-38bab446a52e...
    │    └ <function ScriptRunner._run_script at 0x000001F0C4F033A0>
    └ ScriptRunner(_session_id='62598ed6-b195-4212-be80-799fc6afd13f', _main_script_path='app.py', _session_state={num_chunks: 0, m...

  File "C:\Users\abdul\AppData\Local\Programs\Python\Python38\lib\site-packages\streamlit\runtime\scriptrunner\script_runner.py", line 595, in _run_script
    ) = exec_func_with_error_handling(code_to_exec, ctx)
        │                             │             └ ScriptRunContext(session_id='62598ed6-b195-4212-be80-799fc6afd13f', _enqueue=<bound method ScriptRunner._enqueue_forward_msg ...
        │                             └ <function ScriptRunner._run_script.<locals>.code_to_exec at 0x000001F0EF7B15E0>
        └ <function exec_func_with_error_handling at 0x000001F0C4E76DC0>

  File "C:\Users\abdul\AppData\Local\Programs\Python\Python38\lib\site-packages\streamlit\runtime\scriptrunner\exec_code.py", line 88, in exec_func_with_error_handling
    result = func()
             └ <function ScriptRunner._run_script.<locals>.code_to_exec at 0x000001F0EF7B15E0>

  File "C:\Users\abdul\AppData\Local\Programs\Python\Python38\lib\site-packages\streamlit\runtime\scriptrunner\script_runner.py", line 579, in code_to_exec
    exec(code, module.__dict__)
         │     │      └ <member '__dict__' of 'module' objects>
         │     └ <module '__main__' from 'D:\\OLLAMA\\youtube-chatbot12\\app.py'>
         └ <code object <module> at 0x000001F0C6335BE0, file "D:\OLLAMA\youtube-chatbot12\app.py", line 1>

  File "D:\OLLAMA\youtube-chatbot12\app.py", line 252, in <module>
    handle_video_load(video_url_input)
    │                 └ 'https://youtu.be/EerdGm-ehJQ?si=21sX_5Bc7b6UHqEp'
    └ <function handle_video_load at 0x000001F0EF7B1790>

  File "D:\OLLAMA\youtube-chatbot12\app.py", line 226, in handle_video_load
    transcript = get_transcript(video_id)
                 │              └ 'EerdGm-ehJQ'
                 └ <function get_transcript at 0x000001F0C6343940>

> File "D:\OLLAMA\youtube-chatbot12\chatbot.py", line 77, in get_transcript
    transcript_list = YouTubeTranscriptApi.list_transcripts(video_id)
                      │                                     └ 'EerdGm-ehJQ'
                      └ <class 'youtube_transcript_api._api.YouTubeTranscriptApi'>

AttributeError: type object 'YouTubeTranscriptApi' has no attribute 'list_transcripts'
2026-06-10 09:36:35.346 | ERROR    | chatbot:get_transcript:104 - Unexpected error fetching transcript for EerdGm-ehJQ
Traceback (most recent call last):

  File "C:\Users\abdul\AppData\Local\Programs\Python\Python38\lib\threading.py", line 890, in _bootstrap
    self._bootstrap_inner()
    │    └ <function Thread._bootstrap_inner at 0x000001F0C29FC040>
    └ <Thread(ScriptRunner.scriptThread, started 30140)>

  File "C:\Users\abdul\AppData\Local\Programs\Python\Python38\lib\threading.py", line 932, in _bootstrap_inner
    self.run()
    │    └ <function Thread.run at 0x000001F0C29FBD30>
    └ <Thread(ScriptRunner.scriptThread, started 30140)>

  File "C:\Users\abdul\AppData\Local\Programs\Python\Python38\lib\threading.py", line 870, in run
    self._target(*self._args, **self._kwargs)
    │    │        │    │        │    └ {}
    │    │        │    │        └ <Thread(ScriptRunner.scriptThread, started 30140)>
    │    │        │    └ ()
    │    │        └ <Thread(ScriptRunner.scriptThread, started 30140)>
    │    └ <bound method ScriptRunner._run_script_thread of ScriptRunner(_session_id='62598ed6-b195-4212-be80-799fc6afd13f', _main_scrip...
    └ <Thread(ScriptRunner.scriptThread, started 30140)>

  File "C:\Users\abdul\AppData\Local\Programs\Python\Python38\lib\site-packages\streamlit\runtime\scriptrunner\script_runner.py", line 320, in _run_script_thread
    self._run_script(request.rerun_data)
    │    │           │       └ <property object at 0x000001F0C4E27AE0>
    │    │           └ ScriptRequest(type=<ScriptRequestType.RERUN: 'RERUN'>, _rerun_data=RerunData(widget_states=widgets {
    │    │               id: "$$ID-38bab446a52e...
    │    └ <function ScriptRunner._run_script at 0x000001F0C4F033A0>
    └ ScriptRunner(_session_id='62598ed6-b195-4212-be80-799fc6afd13f', _main_script_path='app.py', _session_state={num_chunks: 0, m...

  File "C:\Users\abdul\AppData\Local\Programs\Python\Python38\lib\site-packages\streamlit\runtime\scriptrunner\script_runner.py", line 595, in _run_script
    ) = exec_func_with_error_handling(code_to_exec, ctx)
        │                             │             └ ScriptRunContext(session_id='62598ed6-b195-4212-be80-799fc6afd13f', _enqueue=<bound method ScriptRunner._enqueue_forward_msg ...
        │                             └ <function ScriptRunner._run_script.<locals>.code_to_exec at 0x000001F0EF7B15E0>
        └ <function exec_func_with_error_handling at 0x000001F0C4E76DC0>

  File "C:\Users\abdul\AppData\Local\Programs\Python\Python38\lib\site-packages\streamlit\runtime\scriptrunner\exec_code.py", line 88, in exec_func_with_error_handling
    result = func()
             └ <function ScriptRunner._run_script.<locals>.code_to_exec at 0x000001F0EF7B15E0>

  File "C:\Users\abdul\AppData\Local\Programs\Python\Python38\lib\site-packages\streamlit\runtime\scriptrunner\script_runner.py", line 579, in code_to_exec
    exec(code, module.__dict__)
         │     │      └ <member '__dict__' of 'module' objects>
         │     └ <module '__main__' from 'D:\\OLLAMA\\youtube-chatbot12\\app.py'>
         └ <code object <module> at 0x000001F0C6335BE0, file "D:\OLLAMA\youtube-chatbot12\app.py", line 1>

  File "D:\OLLAMA\youtube-chatbot12\app.py", line 252, in <module>
    handle_video_load(video_url_input)
    │                 └ 'https://youtu.be/EerdGm-ehJQ?si=21sX_5Bc7b6UHqEp'
    └ <function handle_video_load at 0x000001F0EF7B1790>

  File "D:\OLLAMA\youtube-chatbot12\app.py", line 226, in handle_video_load
    transcript = get_transcript(video_id)
                 │              └ 'EerdGm-ehJQ'
                 └ <function get_transcript at 0x000001F0C6343940>

> File "D:\OLLAMA\youtube-chatbot12\chatbot.py", line 77, in get_transcript
    transcript_list = YouTubeTranscriptApi.list_transcripts(video_id)
                      │                                     └ 'EerdGm-ehJQ'
                      └ <class 'youtube_transcript_api._api.YouTubeTranscriptApi'>

AttributeError: type object 'YouTubeTranscriptApi' has no attribute 'list_transcripts'
2026-06-10 09:36:35.346 | ERROR    | chatbot:get_transcript:104 - Unexpected error fetching transcript for EerdGm-ehJQ
Traceback (most recent call last):

  File "C:\Users\abdul\AppData\Local\Programs\Python\Python38\lib\threading.py", line 890, in _bootstrap
    self._bootstrap_inner()
    │    └ <function Thread._bootstrap_inner at 0x000001F0C29FC040>
    └ <Thread(ScriptRunner.scriptThread, started 30140)>

  File "C:\Users\abdul\AppData\Local\Programs\Python\Python38\lib\threading.py", line 932, in _bootstrap_inner
    self.run()
    │    └ <function Thread.run at 0x000001F0C29FBD30>
    └ <Thread(ScriptRunner.scriptThread, started 30140)>

  File "C:\Users\abdul\AppData\Local\Programs\Python\Python38\lib\threading.py", line 870, in run
    self._target(*self._args, **self._kwargs)
    │    │        │    │        │    └ {}
    │    │        │    │        └ <Thread(ScriptRunner.scriptThread, started 30140)>
    │    │        │    └ ()
    │    │        └ <Thread(ScriptRunner.scriptThread, started 30140)>
    │    └ <bound method ScriptRunner._run_script_thread of ScriptRunner(_session_id='62598ed6-b195-4212-be80-799fc6afd13f', _main_scrip...
    └ <Thread(ScriptRunner.scriptThread, started 30140)>

  File "C:\Users\abdul\AppData\Local\Programs\Python\Python38\lib\site-packages\streamlit\runtime\scriptrunner\script_runner.py", line 320, in _run_script_thread
    self._run_script(request.rerun_data)
    │    │           │       └ <property object at 0x000001F0C4E27AE0>
    │    │           └ ScriptRequest(type=<ScriptRequestType.RERUN: 'RERUN'>, _rerun_data=RerunData(widget_states=widgets {
    │    │               id: "$$ID-38bab446a52e...
    │    └ <function ScriptRunner._run_script at 0x000001F0C4F033A0>
    └ ScriptRunner(_session_id='62598ed6-b195-4212-be80-799fc6afd13f', _main_script_path='app.py', _session_state={num_chunks: 0, m...

  File "C:\Users\abdul\AppData\Local\Programs\Python\Python38\lib\site-packages\streamlit\runtime\scriptrunner\script_runner.py", line 595, in _run_script
    ) = exec_func_with_error_handling(code_to_exec, ctx)
        │                             │             └ ScriptRunContext(session_id='62598ed6-b195-4212-be80-799fc6afd13f', _enqueue=<bound method ScriptRunner._enqueue_forward_msg ...
        │                             └ <function ScriptRunner._run_script.<locals>.code_to_exec at 0x000001F0EF7B15E0>
        └ <function exec_func_with_error_handling at 0x000001F0C4E76DC0>

  File "C:\Users\abdul\AppData\Local\Programs\Python\Python38\lib\site-packages\streamlit\runtime\scriptrunner\exec_code.py", line 88, in exec_func_with_error_handling
    result = func()
             └ <function ScriptRunner._run_script.<locals>.code_to_exec at 0x000001F0EF7B15E0>

  File "C:\Users\abdul\AppData\Local\Programs\Python\Python38\lib\site-packages\streamlit\runtime\scriptrunner\script_runner.py", line 579, in code_to_exec
    exec(code, module.__dict__)
         │     │      └ <member '__dict__' of 'module' objects>
         │     └ <module '__main__' from 'D:\\OLLAMA\\youtube-chatbot12\\app.py'>
         └ <code object <module> at 0x000001F0C6335BE0, file "D:\OLLAMA\youtube-chatbot12\app.py", line 1>

  File "D:\OLLAMA\youtube-chatbot12\app.py", line 252, in <module>
    handle_video_load(video_url_input)
    │                 └ 'https://youtu.be/EerdGm-ehJQ?si=21sX_5Bc7b6UHqEp'
    └ <function handle_video_load at 0x000001F0EF7B1790>

  File "D:\OLLAMA\youtube-chatbot12\app.py", line 226, in handle_video_load
    transcript = get_transcript(video_id)
                 │              └ 'EerdGm-ehJQ'
                 └ <function get_transcript at 0x000001F0C6343940>

> File "D:\OLLAMA\youtube-chatbot12\chatbot.py", line 77, in get_transcript
    transcript_list = YouTubeTranscriptApi.list_transcripts(video_id)
                      │                                     └ 'EerdGm-ehJQ'
                      └ <class 'youtube_transcript_api._api.YouTubeTranscriptApi'>

AttributeError: type object 'YouTubeTranscriptApi' has no attribute 'list_transcripts'
2026-06-10 09:36:35.427 | ERROR    | __main__:handle_video_load:235 - Load failed: Transcript retrieval failed: type object 'YouTubeTranscriptApi' has no attribute 'list_transcripts'
2026-06-10 09:36:35.427 | ERROR    | __main__:handle_video_load:235 - Load failed: Transcript retrieval failed: type object 'YouTubeTranscriptApi' has no attribute 'list_transcripts'
2026-06-10 09:36:35.427 | ERROR    | __main__:handle_video_load:235 - Load failed: Transcript retrieval failed: type object 'YouTubeTranscriptApi' has no attribute 'list_transcripts'
2026-06-10 09:36:35.427 | ERROR    | __main__:handle_video_load:235 - Load failed: Transcript retrieval failed: type object 'YouTubeTranscriptApi' has no attribute 'list_transcripts'
2026-06-10 09:36:35.427 | ERROR    | __main__:handle_video_load:235 - Load failed: Transcript retrieval failed: type object 'YouTubeTranscriptApi' has no attribute 'list_transcripts'
2026-06-10 09:36:35.427 | ERROR    | __main__:handle_video_load:235 - Load failed: Transcript retrieval failed: type object 'YouTubeTranscriptApi' has no attribute 'list_transcripts'
2026-06-10 09:36:35.427 | ERROR    | __main__:handle_video_load:235 - Load failed: Transcript retrieval failed: type object 'YouTubeTranscriptApi' has no attribute 'list_transcripts'
2026-06-10 09:36:35.427 | ERROR    | __main__:handle_video_load:235 - Load failed: Transcript retrieval failed: type object 'YouTubeTranscriptApi' has no attribute 'list_transcripts'
2026-06-10 09:36:35.427 | ERROR    | __main__:handle_video_load:235 - Load failed: Transcript retrieval failed: type object 'YouTubeTranscriptApi' has no attribute 'list_transcripts'
2026-06-10 09:36:35.427 | ERROR    | __main__:handle_video_load:235 - Load failed: Transcript retrieval failed: type object 'YouTubeTranscriptApi' has no attribute 'list_transcripts'
2026-06-10 09:36:35.427 | ERROR    | __main__:handle_video_load:235 - Load failed: Transcript retrieval failed: type object 'YouTubeTranscriptApi' has no attribute 'list_transcripts'
2026-06-10 09:39:18.414 | INFO     | chatbot:get_transcript:73 - Fetching transcript for video_id: ZzaPdXTrSb8
2026-06-10 09:39:18.414 | INFO     | chatbot:get_transcript:73 - Fetching transcript for video_id: ZzaPdXTrSb8
2026-06-10 09:39:18.414 | INFO     | chatbot:get_transcript:73 - Fetching transcript for video_id: ZzaPdXTrSb8
2026-06-10 09:39:18.414 | INFO     | chatbot:get_transcript:73 - Fetching transcript for video_id: ZzaPdXTrSb8
2026-06-10 09:39:18.414 | INFO     | chatbot:get_transcript:73 - Fetching transcript for video_id: ZzaPdXTrSb8
2026-06-10 09:39:18.414 | INFO     | chatbot:get_transcript:73 - Fetching transcript for video_id: ZzaPdXTrSb8
2026-06-10 09:39:18.414 | INFO     | chatbot:get_transcript:73 - Fetching transcript for video_id: ZzaPdXTrSb8
2026-06-10 09:39:18.414 | INFO     | chatbot:get_transcript:73 - Fetching transcript for video_id: ZzaPdXTrSb8
2026-06-10 09:39:18.414 | INFO     | chatbot:get_transcript:73 - Fetching transcript for video_id: ZzaPdXTrSb8
2026-06-10 09:39:18.414 | INFO     | chatbot:get_transcript:73 - Fetching transcript for video_id: ZzaPdXTrSb8
2026-06-10 09:39:18.414 | INFO     | chatbot:get_transcript:73 - Fetching transcript for video_id: ZzaPdXTrSb8
2026-06-10 09:39:18.414 | INFO     | chatbot:get_transcript:73 - Fetching transcript for video_id: ZzaPdXTrSb8
2026-06-10 09:39:18.414 | INFO     | chatbot:get_transcript:73 - Fetching transcript for video_id: ZzaPdXTrSb8
2026-06-10 09:39:18.414 | INFO     | chatbot:get_transcript:73 - Fetching transcript for video_id: ZzaPdXTrSb8
2026-06-10 09:39:18.418 | ERROR    | chatbot:get_transcript:104 - Unexpected error fetching transcript for ZzaPdXTrSb8
Traceback (most recent call last):

  File "C:\Users\abdul\AppData\Local\Programs\Python\Python38\lib\threading.py", line 890, in _bootstrap
    self._bootstrap_inner()
    │    └ <function Thread._bootstrap_inner at 0x000001F0C29FC040>
    └ <Thread(ScriptRunner.scriptThread, started 8856)>

  File "C:\Users\abdul\AppData\Local\Programs\Python\Python38\lib\threading.py", line 932, in _bootstrap_inner
    self.run()
    │    └ <function Thread.run at 0x000001F0C29FBD30>
    └ <Thread(ScriptRunner.scriptThread, started 8856)>

  File "C:\Users\abdul\AppData\Local\Programs\Python\Python38\lib\threading.py", line 870, in run
    self._target(*self._args, **self._kwargs)
    │    │        │    │        │    └ {}
    │    │        │    │        └ <Thread(ScriptRunner.scriptThread, started 8856)>
    │    │        │    └ ()
    │    │        └ <Thread(ScriptRunner.scriptThread, started 8856)>
    │    └ <bound method ScriptRunner._run_script_thread of ScriptRunner(_session_id='e046047c-0409-44dc-ac03-934ca8134b68', _main_scrip...
    └ <Thread(ScriptRunner.scriptThread, started 8856)>

  File "C:\Users\abdul\AppData\Local\Programs\Python\Python38\lib\site-packages\streamlit\runtime\scriptrunner\script_runner.py", line 320, in _run_script_thread
    self._run_script(request.rerun_data)
    │    │           │       └ <property object at 0x000001F0C4E27AE0>
    │    │           └ ScriptRequest(type=<ScriptRequestType.RERUN: 'RERUN'>, _rerun_data=RerunData(widget_states=widgets {
    │    │               id: "$$ID-38bab446a52e...
    │    └ <function ScriptRunner._run_script at 0x000001F0C4F033A0>
    └ ScriptRunner(_session_id='e046047c-0409-44dc-ac03-934ca8134b68', _main_script_path='app.py', _session_state={num_chunks: 0, m...

  File "C:\Users\abdul\AppData\Local\Programs\Python\Python38\lib\site-packages\streamlit\runtime\scriptrunner\script_runner.py", line 595, in _run_script
    ) = exec_func_with_error_handling(code_to_exec, ctx)
        │                             │             └ ScriptRunContext(session_id='e046047c-0409-44dc-ac03-934ca8134b68', _enqueue=<bound method ScriptRunner._enqueue_forward_msg ...
        │                             └ <function ScriptRunner._run_script.<locals>.code_to_exec at 0x000001F0C62CD310>
        └ <function exec_func_with_error_handling at 0x000001F0C4E76DC0>

  File "C:\Users\abdul\AppData\Local\Programs\Python\Python38\lib\site-packages\streamlit\runtime\scriptrunner\exec_code.py", line 88, in exec_func_with_error_handling
    result = func()
             └ <function ScriptRunner._run_script.<locals>.code_to_exec at 0x000001F0C62CD310>

  File "C:\Users\abdul\AppData\Local\Programs\Python\Python38\lib\site-packages\streamlit\runtime\scriptrunner\script_runner.py", line 579, in code_to_exec
    exec(code, module.__dict__)
         │     │      └ <member '__dict__' of 'module' objects>
         │     └ <module '__main__' from 'D:\\OLLAMA\\youtube-chatbot12\\app.py'>
         └ <code object <module> at 0x000001F0C6335BE0, file "D:\OLLAMA\youtube-chatbot12\app.py", line 1>

  File "D:\OLLAMA\youtube-chatbot12\app.py", line 252, in <module>
    handle_video_load(video_url_input)
    │                 └ 'https://www.youtube.com/watch?v=ZzaPdXTrSb8'
    └ <function handle_video_load at 0x000001F0C62CD4C0>

  File "D:\OLLAMA\youtube-chatbot12\app.py", line 226, in handle_video_load
    transcript = get_transcript(video_id)
                 │              └ 'ZzaPdXTrSb8'
                 └ <function get_transcript at 0x000001F0C6343940>

> File "D:\OLLAMA\youtube-chatbot12\chatbot.py", line 77, in get_transcript
    transcript_list = YouTubeTranscriptApi.list_transcripts(video_id)
                      │                                     └ 'ZzaPdXTrSb8'
                      └ <class 'youtube_transcript_api._api.YouTubeTranscriptApi'>

AttributeError: type object 'YouTubeTranscriptApi' has no attribute 'list_transcripts'
2026-06-10 09:39:18.418 | ERROR    | chatbot:get_transcript:104 - Unexpected error fetching transcript for ZzaPdXTrSb8
Traceback (most recent call last):

  File "C:\Users\abdul\AppData\Local\Programs\Python\Python38\lib\threading.py", line 890, in _bootstrap
    self._bootstrap_inner()
    │    └ <function Thread._bootstrap_inner at 0x000001F0C29FC040>
    └ <Thread(ScriptRunner.scriptThread, started 8856)>

  File "C:\Users\abdul\AppData\Local\Programs\Python\Python38\lib\threading.py", line 932, in _bootstrap_inner
    self.run()
    │    └ <function Thread.run at 0x000001F0C29FBD30>
    └ <Thread(ScriptRunner.scriptThread, started 8856)>

  File "C:\Users\abdul\AppData\Local\Programs\Python\Python38\lib\threading.py", line 870, in run
    self._target(*self._args, **self._kwargs)
    │    │        │    │        │    └ {}
    │    │        │    │        └ <Thread(ScriptRunner.scriptThread, started 8856)>
    │    │        │    └ ()
    │    │        └ <Thread(ScriptRunner.scriptThread, started 8856)>
    │    └ <bound method ScriptRunner._run_script_thread of ScriptRunner(_session_id='e046047c-0409-44dc-ac03-934ca8134b68', _main_scrip...
    └ <Thread(ScriptRunner.scriptThread, started 8856)>

  File "C:\Users\abdul\AppData\Local\Programs\Python\Python38\lib\site-packages\streamlit\runtime\scriptrunner\script_runner.py", line 320, in _run_script_thread
    self._run_script(request.rerun_data)
    │    │           │       └ <property object at 0x000001F0C4E27AE0>
    │    │           └ ScriptRequest(type=<ScriptRequestType.RERUN: 'RERUN'>, _rerun_data=RerunData(widget_states=widgets {
    │    │               id: "$$ID-38bab446a52e...
    │    └ <function ScriptRunner._run_script at 0x000001F0C4F033A0>
    └ ScriptRunner(_session_id='e046047c-0409-44dc-ac03-934ca8134b68', _main_script_path='app.py', _session_state={num_chunks: 0, m...

  File "C:\Users\abdul\AppData\Local\Programs\Python\Python38\lib\site-packages\streamlit\runtime\scriptrunner\script_runner.py", line 595, in _run_script
    ) = exec_func_with_error_handling(code_to_exec, ctx)
        │                             │             └ ScriptRunContext(session_id='e046047c-0409-44dc-ac03-934ca8134b68', _enqueue=<bound method ScriptRunner._enqueue_forward_msg ...
        │                             └ <function ScriptRunner._run_script.<locals>.code_to_exec at 0x000001F0C62CD310>
        └ <function exec_func_with_error_handling at 0x000001F0C4E76DC0>

  File "C:\Users\abdul\AppData\Local\Programs\Python\Python38\lib\site-packages\streamlit\runtime\scriptrunner\exec_code.py", line 88, in exec_func_with_error_handling
    result = func()
             └ <function ScriptRunner._run_script.<locals>.code_to_exec at 0x000001F0C62CD310>

  File "C:\Users\abdul\AppData\Local\Programs\Python\Python38\lib\site-packages\streamlit\runtime\scriptrunner\script_runner.py", line 579, in code_to_exec
    exec(code, module.__dict__)
         │     │      └ <member '__dict__' of 'module' objects>
         │     └ <module '__main__' from 'D:\\OLLAMA\\youtube-chatbot12\\app.py'>
         └ <code object <module> at 0x000001F0C6335BE0, file "D:\OLLAMA\youtube-chatbot12\app.py", line 1>

  File "D:\OLLAMA\youtube-chatbot12\app.py", line 252, in <module>
    handle_video_load(video_url_input)
    │                 └ 'https://www.youtube.com/watch?v=ZzaPdXTrSb8'
    └ <function handle_video_load at 0x000001F0C62CD4C0>

  File "D:\OLLAMA\youtube-chatbot12\app.py", line 226, in handle_video_load
    transcript = get_transcript(video_id)
                 │              └ 'ZzaPdXTrSb8'
                 └ <function get_transcript at 0x000001F0C6343940>

> File "D:\OLLAMA\youtube-chatbot12\chatbot.py", line 77, in get_transcript
    transcript_list = YouTubeTranscriptApi.list_transcripts(video_id)
                      │                                     └ 'ZzaPdXTrSb8'
                      └ <class 'youtube_transcript_api._api.YouTubeTranscriptApi'>

AttributeError: type object 'YouTubeTranscriptApi' has no attribute 'list_transcripts'
2026-06-10 09:39:18.418 | ERROR    | chatbot:get_transcript:104 - Unexpected error fetching transcript for ZzaPdXTrSb8
Traceback (most recent call last):

  File "C:\Users\abdul\AppData\Local\Programs\Python\Python38\lib\threading.py", line 890, in _bootstrap
    self._bootstrap_inner()
    │    └ <function Thread._bootstrap_inner at 0x000001F0C29FC040>
    └ <Thread(ScriptRunner.scriptThread, started 8856)>

  File "C:\Users\abdul\AppData\Local\Programs\Python\Python38\lib\threading.py", line 932, in _bootstrap_inner
    self.run()
    │    └ <function Thread.run at 0x000001F0C29FBD30>
    └ <Thread(ScriptRunner.scriptThread, started 8856)>

  File "C:\Users\abdul\AppData\Local\Programs\Python\Python38\lib\threading.py", line 870, in run
    self._target(*self._args, **self._kwargs)
    │    │        │    │        │    └ {}
    │    │        │    │        └ <Thread(ScriptRunner.scriptThread, started 8856)>
    │    │        │    └ ()
    │    │        └ <Thread(ScriptRunner.scriptThread, started 8856)>
    │    └ <bound method ScriptRunner._run_script_thread of ScriptRunner(_session_id='e046047c-0409-44dc-ac03-934ca8134b68', _main_scrip...
    └ <Thread(ScriptRunner.scriptThread, started 8856)>

  File "C:\Users\abdul\AppData\Local\Programs\Python\Python38\lib\site-packages\streamlit\runtime\scriptrunner\script_runner.py", line 320, in _run_script_thread
    self._run_script(request.rerun_data)
    │    │           │       └ <property object at 0x000001F0C4E27AE0>
    │    │           └ ScriptRequest(type=<ScriptRequestType.RERUN: 'RERUN'>, _rerun_data=RerunData(widget_states=widgets {
    │    │               id: "$$ID-38bab446a52e...
    │    └ <function ScriptRunner._run_script at 0x000001F0C4F033A0>
    └ ScriptRunner(_session_id='e046047c-0409-44dc-ac03-934ca8134b68', _main_script_path='app.py', _session_state={num_chunks: 0, m...

  File "C:\Users\abdul\AppData\Local\Programs\Python\Python38\lib\site-packages\streamlit\runtime\scriptrunner\script_runner.py", line 595, in _run_script
    ) = exec_func_with_error_handling(code_to_exec, ctx)
        │                             │             └ ScriptRunContext(session_id='e046047c-0409-44dc-ac03-934ca8134b68', _enqueue=<bound method ScriptRunner._enqueue_forward_msg ...
        │                             └ <function ScriptRunner._run_script.<locals>.code_to_exec at 0x000001F0C62CD310>
        └ <function exec_func_with_error_handling at 0x000001F0C4E76DC0>

  File "C:\Users\abdul\AppData\Local\Programs\Python\Python38\lib\site-packages\streamlit\runtime\scriptrunner\exec_code.py", line 88, in exec_func_with_error_handling
    result = func()
             └ <function ScriptRunner._run_script.<locals>.code_to_exec at 0x000001F0C62CD310>

  File "C:\Users\abdul\AppData\Local\Programs\Python\Python38\lib\site-packages\streamlit\runtime\scriptrunner\script_runner.py", line 579, in code_to_exec
    exec(code, module.__dict__)
         │     │      └ <member '__dict__' of 'module' objects>
         │     └ <module '__main__' from 'D:\\OLLAMA\\youtube-chatbot12\\app.py'>
         └ <code object <module> at 0x000001F0C6335BE0, file "D:\OLLAMA\youtube-chatbot12\app.py", line 1>

  File "D:\OLLAMA\youtube-chatbot12\app.py", line 252, in <module>
    handle_video_load(video_url_input)
    │                 └ 'https://www.youtube.com/watch?v=ZzaPdXTrSb8'
    └ <function handle_video_load at 0x000001F0C62CD4C0>

  File "D:\OLLAMA\youtube-chatbot12\app.py", line 226, in handle_video_load
    transcript = get_transcript(video_id)
                 │              └ 'ZzaPdXTrSb8'
                 └ <function get_transcript at 0x000001F0C6343940>

> File "D:\OLLAMA\youtube-chatbot12\chatbot.py", line 77, in get_transcript
    transcript_list = YouTubeTranscriptApi.list_transcripts(video_id)
                      │                                     └ 'ZzaPdXTrSb8'
                      └ <class 'youtube_transcript_api._api.YouTubeTranscriptApi'>

AttributeError: type object 'YouTubeTranscriptApi' has no attribute 'list_transcripts'
2026-06-10 09:39:18.418 | ERROR    | chatbot:get_transcript:104 - Unexpected error fetching transcript for ZzaPdXTrSb8
Traceback (most recent call last):

  File "C:\Users\abdul\AppData\Local\Programs\Python\Python38\lib\threading.py", line 890, in _bootstrap
    self._bootstrap_inner()
    │    └ <function Thread._bootstrap_inner at 0x000001F0C29FC040>
    └ <Thread(ScriptRunner.scriptThread, started 8856)>

  File "C:\Users\abdul\AppData\Local\Programs\Python\Python38\lib\threading.py", line 932, in _bootstrap_inner
    self.run()
    │    └ <function Thread.run at 0x000001F0C29FBD30>
    └ <Thread(ScriptRunner.scriptThread, started 8856)>

  File "C:\Users\abdul\AppData\Local\Programs\Python\Python38\lib\threading.py", line 870, in run
    self._target(*self._args, **self._kwargs)
    │    │        │    │        │    └ {}
    │    │        │    │        └ <Thread(ScriptRunner.scriptThread, started 8856)>
    │    │        │    └ ()
    │    │        └ <Thread(ScriptRunner.scriptThread, started 8856)>
    │    └ <bound method ScriptRunner._run_script_thread of ScriptRunner(_session_id='e046047c-0409-44dc-ac03-934ca8134b68', _main_scrip...
    └ <Thread(ScriptRunner.scriptThread, started 8856)>

  File "C:\Users\abdul\AppData\Local\Programs\Python\Python38\lib\site-packages\streamlit\runtime\scriptrunner\script_runner.py", line 320, in _run_script_thread
    self._run_script(request.rerun_data)
    │    │           │       └ <property object at 0x000001F0C4E27AE0>
    │    │           └ ScriptRequest(type=<ScriptRequestType.RERUN: 'RERUN'>, _rerun_data=RerunData(widget_states=widgets {
    │    │               id: "$$ID-38bab446a52e...
    │    └ <function ScriptRunner._run_script at 0x000001F0C4F033A0>
    └ ScriptRunner(_session_id='e046047c-0409-44dc-ac03-934ca8134b68', _main_script_path='app.py', _session_state={num_chunks: 0, m...

  File "C:\Users\abdul\AppData\Local\Programs\Python\Python38\lib\site-packages\streamlit\runtime\scriptrunner\script_runner.py", line 595, in _run_script
    ) = exec_func_with_error_handling(code_to_exec, ctx)
        │                             │             └ ScriptRunContext(session_id='e046047c-0409-44dc-ac03-934ca8134b68', _enqueue=<bound method ScriptRunner._enqueue_forward_msg ...
        │                             └ <function ScriptRunner._run_script.<locals>.code_to_exec at 0x000001F0C62CD310>
        └ <function exec_func_with_error_handling at 0x000001F0C4E76DC0>

  File "C:\Users\abdul\AppData\Local\Programs\Python\Python38\lib\site-packages\streamlit\runtime\scriptrunner\exec_code.py", line 88, in exec_func_with_error_handling
    result = func()
             └ <function ScriptRunner._run_script.<locals>.code_to_exec at 0x000001F0C62CD310>

  File "C:\Users\abdul\AppData\Local\Programs\Python\Python38\lib\site-packages\streamlit\runtime\scriptrunner\script_runner.py", line 579, in code_to_exec
    exec(code, module.__dict__)
         │     │      └ <member '__dict__' of 'module' objects>
         │     └ <module '__main__' from 'D:\\OLLAMA\\youtube-chatbot12\\app.py'>
         └ <code object <module> at 0x000001F0C6335BE0, file "D:\OLLAMA\youtube-chatbot12\app.py", line 1>

  File "D:\OLLAMA\youtube-chatbot12\app.py", line 252, in <module>
    handle_video_load(video_url_input)
    │                 └ 'https://www.youtube.com/watch?v=ZzaPdXTrSb8'
    └ <function handle_video_load at 0x000001F0C62CD4C0>

  File "D:\OLLAMA\youtube-chatbot12\app.py", line 226, in handle_video_load
    transcript = get_transcript(video_id)
                 │              └ 'ZzaPdXTrSb8'
                 └ <function get_transcript at 0x000001F0C6343940>

> File "D:\OLLAMA\youtube-chatbot12\chatbot.py", line 77, in get_transcript
    transcript_list = YouTubeTranscriptApi.list_transcripts(video_id)
                      │                                     └ 'ZzaPdXTrSb8'
                      └ <class 'youtube_transcript_api._api.YouTubeTranscriptApi'>

AttributeError: type object 'YouTubeTranscriptApi' has no attribute 'list_transcripts'
2026-06-10 09:39:18.418 | ERROR    | chatbot:get_transcript:104 - Unexpected error fetching transcript for ZzaPdXTrSb8
Traceback (most recent call last):

  File "C:\Users\abdul\AppData\Local\Programs\Python\Python38\lib\threading.py", line 890, in _bootstrap
    self._bootstrap_inner()
    │    └ <function Thread._bootstrap_inner at 0x000001F0C29FC040>
    └ <Thread(ScriptRunner.scriptThread, started 8856)>

  File "C:\Users\abdul\AppData\Local\Programs\Python\Python38\lib\threading.py", line 932, in _bootstrap_inner
    self.run()
    │    └ <function Thread.run at 0x000001F0C29FBD30>
    └ <Thread(ScriptRunner.scriptThread, started 8856)>

  File "C:\Users\abdul\AppData\Local\Programs\Python\Python38\lib\threading.py", line 870, in run
    self._target(*self._args, **self._kwargs)
    │    │        │    │        │    └ {}
    │    │        │    │        └ <Thread(ScriptRunner.scriptThread, started 8856)>
    │    │        │    └ ()
    │    │        └ <Thread(ScriptRunner.scriptThread, started 8856)>
    │    └ <bound method ScriptRunner._run_script_thread of ScriptRunner(_session_id='e046047c-0409-44dc-ac03-934ca8134b68', _main_scrip...
    └ <Thread(ScriptRunner.scriptThread, started 8856)>

  File "C:\Users\abdul\AppData\Local\Programs\Python\Python38\lib\site-packages\streamlit\runtime\scriptrunner\script_runner.py", line 320, in _run_script_thread
    self._run_script(request.rerun_data)
    │    │           │       └ <property object at 0x000001F0C4E27AE0>
    │    │           └ ScriptRequest(type=<ScriptRequestType.RERUN: 'RERUN'>, _rerun_data=RerunData(widget_states=widgets {
    │    │               id: "$$ID-38bab446a52e...
    │    └ <function ScriptRunner._run_script at 0x000001F0C4F033A0>
    └ ScriptRunner(_session_id='e046047c-0409-44dc-ac03-934ca8134b68', _main_script_path='app.py', _session_state={num_chunks: 0, m...

  File "C:\Users\abdul\AppData\Local\Programs\Python\Python38\lib\site-packages\streamlit\runtime\scriptrunner\script_runner.py", line 595, in _run_script
    ) = exec_func_with_error_handling(code_to_exec, ctx)
        │                             │             └ ScriptRunContext(session_id='e046047c-0409-44dc-ac03-934ca8134b68', _enqueue=<bound method ScriptRunner._enqueue_forward_msg ...
        │                             └ <function ScriptRunner._run_script.<locals>.code_to_exec at 0x000001F0C62CD310>
        └ <function exec_func_with_error_handling at 0x000001F0C4E76DC0>

  File "C:\Users\abdul\AppData\Local\Programs\Python\Python38\lib\site-packages\streamlit\runtime\scriptrunner\exec_code.py", line 88, in exec_func_with_error_handling
    result = func()
             └ <function ScriptRunner._run_script.<locals>.code_to_exec at 0x000001F0C62CD310>

  File "C:\Users\abdul\AppData\Local\Programs\Python\Python38\lib\site-packages\streamlit\runtime\scriptrunner\script_runner.py", line 579, in code_to_exec
    exec(code, module.__dict__)
         │     │      └ <member '__dict__' of 'module' objects>
         │     └ <module '__main__' from 'D:\\OLLAMA\\youtube-chatbot12\\app.py'>
         └ <code object <module> at 0x000001F0C6335BE0, file "D:\OLLAMA\youtube-chatbot12\app.py", line 1>

  File "D:\OLLAMA\youtube-chatbot12\app.py", line 252, in <module>
    handle_video_load(video_url_input)
    │                 └ 'https://www.youtube.com/watch?v=ZzaPdXTrSb8'
    └ <function handle_video_load at 0x000001F0C62CD4C0>

  File "D:\OLLAMA\youtube-chatbot12\app.py", line 226, in handle_video_load
    transcript = get_transcript(video_id)
                 │              └ 'ZzaPdXTrSb8'
                 └ <function get_transcript at 0x000001F0C6343940>

> File "D:\OLLAMA\youtube-chatbot12\chatbot.py", line 77, in get_transcript
    transcript_list = YouTubeTranscriptApi.list_transcripts(video_id)
                      │                                     └ 'ZzaPdXTrSb8'
                      └ <class 'youtube_transcript_api._api.YouTubeTranscriptApi'>

AttributeError: type object 'YouTubeTranscriptApi' has no attribute 'list_transcripts'
2026-06-10 09:39:18.418 | ERROR    | chatbot:get_transcript:104 - Unexpected error fetching transcript for ZzaPdXTrSb8
Traceback (most recent call last):

  File "C:\Users\abdul\AppData\Local\Programs\Python\Python38\lib\threading.py", line 890, in _bootstrap
    self._bootstrap_inner()
    │    └ <function Thread._bootstrap_inner at 0x000001F0C29FC040>
    └ <Thread(ScriptRunner.scriptThread, started 8856)>

  File "C:\Users\abdul\AppData\Local\Programs\Python\Python38\lib\threading.py", line 932, in _bootstrap_inner
    self.run()
    │    └ <function Thread.run at 0x000001F0C29FBD30>
    └ <Thread(ScriptRunner.scriptThread, started 8856)>

  File "C:\Users\abdul\AppData\Local\Programs\Python\Python38\lib\threading.py", line 870, in run
    self._target(*self._args, **self._kwargs)
    │    │        │    │        │    └ {}
    │    │        │    │        └ <Thread(ScriptRunner.scriptThread, started 8856)>
    │    │        │    └ ()
    │    │        └ <Thread(ScriptRunner.scriptThread, started 8856)>
    │    └ <bound method ScriptRunner._run_script_thread of ScriptRunner(_session_id='e046047c-0409-44dc-ac03-934ca8134b68', _main_scrip...
    └ <Thread(ScriptRunner.scriptThread, started 8856)>

  File "C:\Users\abdul\AppData\Local\Programs\Python\Python38\lib\site-packages\streamlit\runtime\scriptrunner\script_runner.py", line 320, in _run_script_thread
    self._run_script(request.rerun_data)
    │    │           │       └ <property object at 0x000001F0C4E27AE0>
    │    │           └ ScriptRequest(type=<ScriptRequestType.RERUN: 'RERUN'>, _rerun_data=RerunData(widget_states=widgets {
    │    │               id: "$$ID-38bab446a52e...
    │    └ <function ScriptRunner._run_script at 0x000001F0C4F033A0>
    └ ScriptRunner(_session_id='e046047c-0409-44dc-ac03-934ca8134b68', _main_script_path='app.py', _session_state={num_chunks: 0, m...

  File "C:\Users\abdul\AppData\Local\Programs\Python\Python38\lib\site-packages\streamlit\runtime\scriptrunner\script_runner.py", line 595, in _run_script
    ) = exec_func_with_error_handling(code_to_exec, ctx)
        │                             │             └ ScriptRunContext(session_id='e046047c-0409-44dc-ac03-934ca8134b68', _enqueue=<bound method ScriptRunner._enqueue_forward_msg ...
        │                             └ <function ScriptRunner._run_script.<locals>.code_to_exec at 0x000001F0C62CD310>
        └ <function exec_func_with_error_handling at 0x000001F0C4E76DC0>

  File "C:\Users\abdul\AppData\Local\Programs\Python\Python38\lib\site-packages\streamlit\runtime\scriptrunner\exec_code.py", line 88, in exec_func_with_error_handling
    result = func()
             └ <function ScriptRunner._run_script.<locals>.code_to_exec at 0x000001F0C62CD310>

  File "C:\Users\abdul\AppData\Local\Programs\Python\Python38\lib\site-packages\streamlit\runtime\scriptrunner\script_runner.py", line 579, in code_to_exec
    exec(code, module.__dict__)
         │     │      └ <member '__dict__' of 'module' objects>
         │     └ <module '__main__' from 'D:\\OLLAMA\\youtube-chatbot12\\app.py'>
         └ <code object <module> at 0x000001F0C6335BE0, file "D:\OLLAMA\youtube-chatbot12\app.py", line 1>

  File "D:\OLLAMA\youtube-chatbot12\app.py", line 252, in <module>
    handle_video_load(video_url_input)
    │                 └ 'https://www.youtube.com/watch?v=ZzaPdXTrSb8'
    └ <function handle_video_load at 0x000001F0C62CD4C0>

  File "D:\OLLAMA\youtube-chatbot12\app.py", line 226, in handle_video_load
    transcript = get_transcript(video_id)
                 │              └ 'ZzaPdXTrSb8'
                 └ <function get_transcript at 0x000001F0C6343940>

> File "D:\OLLAMA\youtube-chatbot12\chatbot.py", line 77, in get_transcript
    transcript_list = YouTubeTranscriptApi.list_transcripts(video_id)
                      │                                     └ 'ZzaPdXTrSb8'
                      └ <class 'youtube_transcript_api._api.YouTubeTranscriptApi'>

AttributeError: type object 'YouTubeTranscriptApi' has no attribute 'list_transcripts'
2026-06-10 09:39:18.418 | ERROR    | chatbot:get_transcript:104 - Unexpected error fetching transcript for ZzaPdXTrSb8
Traceback (most recent call last):

  File "C:\Users\abdul\AppData\Local\Programs\Python\Python38\lib\threading.py", line 890, in _bootstrap
    self._bootstrap_inner()
    │    └ <function Thread._bootstrap_inner at 0x000001F0C29FC040>
    └ <Thread(ScriptRunner.scriptThread, started 8856)>

  File "C:\Users\abdul\AppData\Local\Programs\Python\Python38\lib\threading.py", line 932, in _bootstrap_inner
    self.run()
    │    └ <function Thread.run at 0x000001F0C29FBD30>
    └ <Thread(ScriptRunner.scriptThread, started 8856)>

  File "C:\Users\abdul\AppData\Local\Programs\Python\Python38\lib\threading.py", line 870, in run
    self._target(*self._args, **self._kwargs)
    │    │        │    │        │    └ {}
    │    │        │    │        └ <Thread(ScriptRunner.scriptThread, started 8856)>
    │    │        │    └ ()
    │    │        └ <Thread(ScriptRunner.scriptThread, started 8856)>
    │    └ <bound method ScriptRunner._run_script_thread of ScriptRunner(_session_id='e046047c-0409-44dc-ac03-934ca8134b68', _main_scrip...
    └ <Thread(ScriptRunner.scriptThread, started 8856)>

  File "C:\Users\abdul\AppData\Local\Programs\Python\Python38\lib\site-packages\streamlit\runtime\scriptrunner\script_runner.py", line 320, in _run_script_thread
    self._run_script(request.rerun_data)
    │    │           │       └ <property object at 0x000001F0C4E27AE0>
    │    │           └ ScriptRequest(type=<ScriptRequestType.RERUN: 'RERUN'>, _rerun_data=RerunData(widget_states=widgets {
    │    │               id: "$$ID-38bab446a52e...
    │    └ <function ScriptRunner._run_script at 0x000001F0C4F033A0>
    └ ScriptRunner(_session_id='e046047c-0409-44dc-ac03-934ca8134b68', _main_script_path='app.py', _session_state={num_chunks: 0, m...

  File "C:\Users\abdul\AppData\Local\Programs\Python\Python38\lib\site-packages\streamlit\runtime\scriptrunner\script_runner.py", line 595, in _run_script
    ) = exec_func_with_error_handling(code_to_exec, ctx)
        │                             │             └ ScriptRunContext(session_id='e046047c-0409-44dc-ac03-934ca8134b68', _enqueue=<bound method ScriptRunner._enqueue_forward_msg ...
        │                             └ <function ScriptRunner._run_script.<locals>.code_to_exec at 0x000001F0C62CD310>
        └ <function exec_func_with_error_handling at 0x000001F0C4E76DC0>

  File "C:\Users\abdul\AppData\Local\Programs\Python\Python38\lib\site-packages\streamlit\runtime\scriptrunner\exec_code.py", line 88, in exec_func_with_error_handling
    result = func()
             └ <function ScriptRunner._run_script.<locals>.code_to_exec at 0x000001F0C62CD310>

  File "C:\Users\abdul\AppData\Local\Programs\Python\Python38\lib\site-packages\streamlit\runtime\scriptrunner\script_runner.py", line 579, in code_to_exec
    exec(code, module.__dict__)
         │     │      └ <member '__dict__' of 'module' objects>
         │     └ <module '__main__' from 'D:\\OLLAMA\\youtube-chatbot12\\app.py'>
         └ <code object <module> at 0x000001F0C6335BE0, file "D:\OLLAMA\youtube-chatbot12\app.py", line 1>

  File "D:\OLLAMA\youtube-chatbot12\app.py", line 252, in <module>
    handle_video_load(video_url_input)
    │                 └ 'https://www.youtube.com/watch?v=ZzaPdXTrSb8'
    └ <function handle_video_load at 0x000001F0C62CD4C0>

  File "D:\OLLAMA\youtube-chatbot12\app.py", line 226, in handle_video_load
    transcript = get_transcript(video_id)
                 │              └ 'ZzaPdXTrSb8'
                 └ <function get_transcript at 0x000001F0C6343940>

> File "D:\OLLAMA\youtube-chatbot12\chatbot.py", line 77, in get_transcript
    transcript_list = YouTubeTranscriptApi.list_transcripts(video_id)
                      │                                     └ 'ZzaPdXTrSb8'
                      └ <class 'youtube_transcript_api._api.YouTubeTranscriptApi'>

AttributeError: type object 'YouTubeTranscriptApi' has no attribute 'list_transcripts'
2026-06-10 09:39:18.418 | ERROR    | chatbot:get_transcript:104 - Unexpected error fetching transcript for ZzaPdXTrSb8
Traceback (most recent call last):

  File "C:\Users\abdul\AppData\Local\Programs\Python\Python38\lib\threading.py", line 890, in _bootstrap
    self._bootstrap_inner()
    │    └ <function Thread._bootstrap_inner at 0x000001F0C29FC040>
    └ <Thread(ScriptRunner.scriptThread, started 8856)>

  File "C:\Users\abdul\AppData\Local\Programs\Python\Python38\lib\threading.py", line 932, in _bootstrap_inner
    self.run()
    │    └ <function Thread.run at 0x000001F0C29FBD30>
    └ <Thread(ScriptRunner.scriptThread, started 8856)>

  File "C:\Users\abdul\AppData\Local\Programs\Python\Python38\lib\threading.py", line 870, in run
    self._target(*self._args, **self._kwargs)
    │    │        │    │        │    └ {}
    │    │        │    │        └ <Thread(ScriptRunner.scriptThread, started 8856)>
    │    │        │    └ ()
    │    │        └ <Thread(ScriptRunner.scriptThread, started 8856)>
    │    └ <bound method ScriptRunner._run_script_thread of ScriptRunner(_session_id='e046047c-0409-44dc-ac03-934ca8134b68', _main_scrip...
    └ <Thread(ScriptRunner.scriptThread, started 8856)>

  File "C:\Users\abdul\AppData\Local\Programs\Python\Python38\lib\site-packages\streamlit\runtime\scriptrunner\script_runner.py", line 320, in _run_script_thread
    self._run_script(request.rerun_data)
    │    │           │       └ <property object at 0x000001F0C4E27AE0>
    │    │           └ ScriptRequest(type=<ScriptRequestType.RERUN: 'RERUN'>, _rerun_data=RerunData(widget_states=widgets {
    │    │               id: "$$ID-38bab446a52e...
    │    └ <function ScriptRunner._run_script at 0x000001F0C4F033A0>
    └ ScriptRunner(_session_id='e046047c-0409-44dc-ac03-934ca8134b68', _main_script_path='app.py', _session_state={num_chunks: 0, m...

  File "C:\Users\abdul\AppData\Local\Programs\Python\Python38\lib\site-packages\streamlit\runtime\scriptrunner\script_runner.py", line 595, in _run_script
    ) = exec_func_with_error_handling(code_to_exec, ctx)
        │                             │             └ ScriptRunContext(session_id='e046047c-0409-44dc-ac03-934ca8134b68', _enqueue=<bound method ScriptRunner._enqueue_forward_msg ...
        │                             └ <function ScriptRunner._run_script.<locals>.code_to_exec at 0x000001F0C62CD310>
        └ <function exec_func_with_error_handling at 0x000001F0C4E76DC0>

  File "C:\Users\abdul\AppData\Local\Programs\Python\Python38\lib\site-packages\streamlit\runtime\scriptrunner\exec_code.py", line 88, in exec_func_with_error_handling
    result = func()
             └ <function ScriptRunner._run_script.<locals>.code_to_exec at 0x000001F0C62CD310>

  File "C:\Users\abdul\AppData\Local\Programs\Python\Python38\lib\site-packages\streamlit\runtime\scriptrunner\script_runner.py", line 579, in code_to_exec
    exec(code, module.__dict__)
         │     │      └ <member '__dict__' of 'module' objects>
         │     └ <module '__main__' from 'D:\\OLLAMA\\youtube-chatbot12\\app.py'>
         └ <code object <module> at 0x000001F0C6335BE0, file "D:\OLLAMA\youtube-chatbot12\app.py", line 1>

  File "D:\OLLAMA\youtube-chatbot12\app.py", line 252, in <module>
    handle_video_load(video_url_input)
    │                 └ 'https://www.youtube.com/watch?v=ZzaPdXTrSb8'
    └ <function handle_video_load at 0x000001F0C62CD4C0>

  File "D:\OLLAMA\youtube-chatbot12\app.py", line 226, in handle_video_load
    transcript = get_transcript(video_id)
                 │              └ 'ZzaPdXTrSb8'
                 └ <function get_transcript at 0x000001F0C6343940>

> File "D:\OLLAMA\youtube-chatbot12\chatbot.py", line 77, in get_transcript
    transcript_list = YouTubeTranscriptApi.list_transcripts(video_id)
                      │                                     └ 'ZzaPdXTrSb8'
                      └ <class 'youtube_transcript_api._api.YouTubeTranscriptApi'>

AttributeError: type object 'YouTubeTranscriptApi' has no attribute 'list_transcripts'
2026-06-10 09:39:18.418 | ERROR    | chatbot:get_transcript:104 - Unexpected error fetching transcript for ZzaPdXTrSb8
Traceback (most recent call last):

  File "C:\Users\abdul\AppData\Local\Programs\Python\Python38\lib\threading.py", line 890, in _bootstrap
    self._bootstrap_inner()
    │    └ <function Thread._bootstrap_inner at 0x000001F0C29FC040>
    └ <Thread(ScriptRunner.scriptThread, started 8856)>

  File "C:\Users\abdul\AppData\Local\Programs\Python\Python38\lib\threading.py", line 932, in _bootstrap_inner
    self.run()
    │    └ <function Thread.run at 0x000001F0C29FBD30>
    └ <Thread(ScriptRunner.scriptThread, started 8856)>

  File "C:\Users\abdul\AppData\Local\Programs\Python\Python38\lib\threading.py", line 870, in run
    self._target(*self._args, **self._kwargs)
    │    │        │    │        │    └ {}
    │    │        │    │        └ <Thread(ScriptRunner.scriptThread, started 8856)>
    │    │        │    └ ()
    │    │        └ <Thread(ScriptRunner.scriptThread, started 8856)>
    │    └ <bound method ScriptRunner._run_script_thread of ScriptRunner(_session_id='e046047c-0409-44dc-ac03-934ca8134b68', _main_scrip...
    └ <Thread(ScriptRunner.scriptThread, started 8856)>

  File "C:\Users\abdul\AppData\Local\Programs\Python\Python38\lib\site-packages\streamlit\runtime\scriptrunner\script_runner.py", line 320, in _run_script_thread
    self._run_script(request.rerun_data)
    │    │           │       └ <property object at 0x000001F0C4E27AE0>
    │    │           └ ScriptRequest(type=<ScriptRequestType.RERUN: 'RERUN'>, _rerun_data=RerunData(widget_states=widgets {
    │    │               id: "$$ID-38bab446a52e...
    │    └ <function ScriptRunner._run_script at 0x000001F0C4F033A0>
    └ ScriptRunner(_session_id='e046047c-0409-44dc-ac03-934ca8134b68', _main_script_path='app.py', _session_state={num_chunks: 0, m...

  File "C:\Users\abdul\AppData\Local\Programs\Python\Python38\lib\site-packages\streamlit\runtime\scriptrunner\script_runner.py", line 595, in _run_script
    ) = exec_func_with_error_handling(code_to_exec, ctx)
        │                             │             └ ScriptRunContext(session_id='e046047c-0409-44dc-ac03-934ca8134b68', _enqueue=<bound method ScriptRunner._enqueue_forward_msg ...
        │                             └ <function ScriptRunner._run_script.<locals>.code_to_exec at 0x000001F0C62CD310>
        └ <function exec_func_with_error_handling at 0x000001F0C4E76DC0>

  File "C:\Users\abdul\AppData\Local\Programs\Python\Python38\lib\site-packages\streamlit\runtime\scriptrunner\exec_code.py", line 88, in exec_func_with_error_handling
    result = func()
             └ <function ScriptRunner._run_script.<locals>.code_to_exec at 0x000001F0C62CD310>

  File "C:\Users\abdul\AppData\Local\Programs\Python\Python38\lib\site-packages\streamlit\runtime\scriptrunner\script_runner.py", line 579, in code_to_exec
    exec(code, module.__dict__)
         │     │      └ <member '__dict__' of 'module' objects>
         │     └ <module '__main__' from 'D:\\OLLAMA\\youtube-chatbot12\\app.py'>
         └ <code object <module> at 0x000001F0C6335BE0, file "D:\OLLAMA\youtube-chatbot12\app.py", line 1>

  File "D:\OLLAMA\youtube-chatbot12\app.py", line 252, in <module>
    handle_video_load(video_url_input)
    │                 └ 'https://www.youtube.com/watch?v=ZzaPdXTrSb8'
    └ <function handle_video_load at 0x000001F0C62CD4C0>

  File "D:\OLLAMA\youtube-chatbot12\app.py", line 226, in handle_video_load
    transcript = get_transcript(video_id)
                 │              └ 'ZzaPdXTrSb8'
                 └ <function get_transcript at 0x000001F0C6343940>

> File "D:\OLLAMA\youtube-chatbot12\chatbot.py", line 77, in get_transcript
    transcript_list = YouTubeTranscriptApi.list_transcripts(video_id)
                      │                                     └ 'ZzaPdXTrSb8'
                      └ <class 'youtube_transcript_api._api.YouTubeTranscriptApi'>

AttributeError: type object 'YouTubeTranscriptApi' has no attribute 'list_transcripts'
2026-06-10 09:39:18.418 | ERROR    | chatbot:get_transcript:104 - Unexpected error fetching transcript for ZzaPdXTrSb8
Traceback (most recent call last):

  File "C:\Users\abdul\AppData\Local\Programs\Python\Python38\lib\threading.py", line 890, in _bootstrap
    self._bootstrap_inner()
    │    └ <function Thread._bootstrap_inner at 0x000001F0C29FC040>
    └ <Thread(ScriptRunner.scriptThread, started 8856)>

  File "C:\Users\abdul\AppData\Local\Programs\Python\Python38\lib\threading.py", line 932, in _bootstrap_inner
    self.run()
    │    └ <function Thread.run at 0x000001F0C29FBD30>
    └ <Thread(ScriptRunner.scriptThread, started 8856)>

  File "C:\Users\abdul\AppData\Local\Programs\Python\Python38\lib\threading.py", line 870, in run
    self._target(*self._args, **self._kwargs)
    │    │        │    │        │    └ {}
    │    │        │    │        └ <Thread(ScriptRunner.scriptThread, started 8856)>
    │    │        │    └ ()
    │    │        └ <Thread(ScriptRunner.scriptThread, started 8856)>
    │    └ <bound method ScriptRunner._run_script_thread of ScriptRunner(_session_id='e046047c-0409-44dc-ac03-934ca8134b68', _main_scrip...
    └ <Thread(ScriptRunner.scriptThread, started 8856)>

  File "C:\Users\abdul\AppData\Local\Programs\Python\Python38\lib\site-packages\streamlit\runtime\scriptrunner\script_runner.py", line 320, in _run_script_thread
    self._run_script(request.rerun_data)
    │    │           │       └ <property object at 0x000001F0C4E27AE0>
    │    │           └ ScriptRequest(type=<ScriptRequestType.RERUN: 'RERUN'>, _rerun_data=RerunData(widget_states=widgets {
    │    │               id: "$$ID-38bab446a52e...
    │    └ <function ScriptRunner._run_script at 0x000001F0C4F033A0>
    └ ScriptRunner(_session_id='e046047c-0409-44dc-ac03-934ca8134b68', _main_script_path='app.py', _session_state={num_chunks: 0, m...

  File "C:\Users\abdul\AppData\Local\Programs\Python\Python38\lib\site-packages\streamlit\runtime\scriptrunner\script_runner.py", line 595, in _run_script
    ) = exec_func_with_error_handling(code_to_exec, ctx)
        │                             │             └ ScriptRunContext(session_id='e046047c-0409-44dc-ac03-934ca8134b68', _enqueue=<bound method ScriptRunner._enqueue_forward_msg ...
        │                             └ <function ScriptRunner._run_script.<locals>.code_to_exec at 0x000001F0C62CD310>
        └ <function exec_func_with_error_handling at 0x000001F0C4E76DC0>

  File "C:\Users\abdul\AppData\Local\Programs\Python\Python38\lib\site-packages\streamlit\runtime\scriptrunner\exec_code.py", line 88, in exec_func_with_error_handling
    result = func()
             └ <function ScriptRunner._run_script.<locals>.code_to_exec at 0x000001F0C62CD310>

  File "C:\Users\abdul\AppData\Local\Programs\Python\Python38\lib\site-packages\streamlit\runtime\scriptrunner\script_runner.py", line 579, in code_to_exec
    exec(code, module.__dict__)
         │     │      └ <member '__dict__' of 'module' objects>
         │     └ <module '__main__' from 'D:\\OLLAMA\\youtube-chatbot12\\app.py'>
         └ <code object <module> at 0x000001F0C6335BE0, file "D:\OLLAMA\youtube-chatbot12\app.py", line 1>

  File "D:\OLLAMA\youtube-chatbot12\app.py", line 252, in <module>
    handle_video_load(video_url_input)
    │                 └ 'https://www.youtube.com/watch?v=ZzaPdXTrSb8'
    └ <function handle_video_load at 0x000001F0C62CD4C0>

  File "D:\OLLAMA\youtube-chatbot12\app.py", line 226, in handle_video_load
    transcript = get_transcript(video_id)
                 │              └ 'ZzaPdXTrSb8'
                 └ <function get_transcript at 0x000001F0C6343940>

> File "D:\OLLAMA\youtube-chatbot12\chatbot.py", line 77, in get_transcript
    transcript_list = YouTubeTranscriptApi.list_transcripts(video_id)
                      │                                     └ 'ZzaPdXTrSb8'
                      └ <class 'youtube_transcript_api._api.YouTubeTranscriptApi'>

AttributeError: type object 'YouTubeTranscriptApi' has no attribute 'list_transcripts'
2026-06-10 09:39:18.418 | ERROR    | chatbot:get_transcript:104 - Unexpected error fetching transcript for ZzaPdXTrSb8
Traceback (most recent call last):

  File "C:\Users\abdul\AppData\Local\Programs\Python\Python38\lib\threading.py", line 890, in _bootstrap
    self._bootstrap_inner()
    │    └ <function Thread._bootstrap_inner at 0x000001F0C29FC040>
    └ <Thread(ScriptRunner.scriptThread, started 8856)>

  File "C:\Users\abdul\AppData\Local\Programs\Python\Python38\lib\threading.py", line 932, in _bootstrap_inner
    self.run()
    │    └ <function Thread.run at 0x000001F0C29FBD30>
    └ <Thread(ScriptRunner.scriptThread, started 8856)>

  File "C:\Users\abdul\AppData\Local\Programs\Python\Python38\lib\threading.py", line 870, in run
    self._target(*self._args, **self._kwargs)
    │    │        │    │        │    └ {}
    │    │        │    │        └ <Thread(ScriptRunner.scriptThread, started 8856)>
    │    │        │    └ ()
    │    │        └ <Thread(ScriptRunner.scriptThread, started 8856)>
    │    └ <bound method ScriptRunner._run_script_thread of ScriptRunner(_session_id='e046047c-0409-44dc-ac03-934ca8134b68', _main_scrip...
    └ <Thread(ScriptRunner.scriptThread, started 8856)>

  File "C:\Users\abdul\AppData\Local\Programs\Python\Python38\lib\site-packages\streamlit\runtime\scriptrunner\script_runner.py", line 320, in _run_script_thread
    self._run_script(request.rerun_data)
    │    │           │       └ <property object at 0x000001F0C4E27AE0>
    │    │           └ ScriptRequest(type=<ScriptRequestType.RERUN: 'RERUN'>, _rerun_data=RerunData(widget_states=widgets {
    │    │               id: "$$ID-38bab446a52e...
    │    └ <function ScriptRunner._run_script at 0x000001F0C4F033A0>
    └ ScriptRunner(_session_id='e046047c-0409-44dc-ac03-934ca8134b68', _main_script_path='app.py', _session_state={num_chunks: 0, m...

  File "C:\Users\abdul\AppData\Local\Programs\Python\Python38\lib\site-packages\streamlit\runtime\scriptrunner\script_runner.py", line 595, in _run_script
    ) = exec_func_with_error_handling(code_to_exec, ctx)
        │                             │             └ ScriptRunContext(session_id='e046047c-0409-44dc-ac03-934ca8134b68', _enqueue=<bound method ScriptRunner._enqueue_forward_msg ...
        │                             └ <function ScriptRunner._run_script.<locals>.code_to_exec at 0x000001F0C62CD310>
        └ <function exec_func_with_error_handling at 0x000001F0C4E76DC0>

  File "C:\Users\abdul\AppData\Local\Programs\Python\Python38\lib\site-packages\streamlit\runtime\scriptrunner\exec_code.py", line 88, in exec_func_with_error_handling
    result = func()
             └ <function ScriptRunner._run_script.<locals>.code_to_exec at 0x000001F0C62CD310>

  File "C:\Users\abdul\AppData\Local\Programs\Python\Python38\lib\site-packages\streamlit\runtime\scriptrunner\script_runner.py", line 579, in code_to_exec
    exec(code, module.__dict__)
         │     │      └ <member '__dict__' of 'module' objects>
         │     └ <module '__main__' from 'D:\\OLLAMA\\youtube-chatbot12\\app.py'>
         └ <code object <module> at 0x000001F0C6335BE0, file "D:\OLLAMA\youtube-chatbot12\app.py", line 1>

  File "D:\OLLAMA\youtube-chatbot12\app.py", line 252, in <module>
    handle_video_load(video_url_input)
    │                 └ 'https://www.youtube.com/watch?v=ZzaPdXTrSb8'
    └ <function handle_video_load at 0x000001F0C62CD4C0>

  File "D:\OLLAMA\youtube-chatbot12\app.py", line 226, in handle_video_load
    transcript = get_transcript(video_id)
                 │              └ 'ZzaPdXTrSb8'
                 └ <function get_transcript at 0x000001F0C6343940>

> File "D:\OLLAMA\youtube-chatbot12\chatbot.py", line 77, in get_transcript
    transcript_list = YouTubeTranscriptApi.list_transcripts(video_id)
                      │                                     └ 'ZzaPdXTrSb8'
                      └ <class 'youtube_transcript_api._api.YouTubeTranscriptApi'>

AttributeError: type object 'YouTubeTranscriptApi' has no attribute 'list_transcripts'
2026-06-10 09:39:18.418 | ERROR    | chatbot:get_transcript:104 - Unexpected error fetching transcript for ZzaPdXTrSb8
Traceback (most recent call last):

  File "C:\Users\abdul\AppData\Local\Programs\Python\Python38\lib\threading.py", line 890, in _bootstrap
    self._bootstrap_inner()
    │    └ <function Thread._bootstrap_inner at 0x000001F0C29FC040>
    └ <Thread(ScriptRunner.scriptThread, started 8856)>

  File "C:\Users\abdul\AppData\Local\Programs\Python\Python38\lib\threading.py", line 932, in _bootstrap_inner
    self.run()
    │    └ <function Thread.run at 0x000001F0C29FBD30>
    └ <Thread(ScriptRunner.scriptThread, started 8856)>

  File "C:\Users\abdul\AppData\Local\Programs\Python\Python38\lib\threading.py", line 870, in run
    self._target(*self._args, **self._kwargs)
    │    │        │    │        │    └ {}
    │    │        │    │        └ <Thread(ScriptRunner.scriptThread, started 8856)>
    │    │        │    └ ()
    │    │        └ <Thread(ScriptRunner.scriptThread, started 8856)>
    │    └ <bound method ScriptRunner._run_script_thread of ScriptRunner(_session_id='e046047c-0409-44dc-ac03-934ca8134b68', _main_scrip...
    └ <Thread(ScriptRunner.scriptThread, started 8856)>

  File "C:\Users\abdul\AppData\Local\Programs\Python\Python38\lib\site-packages\streamlit\runtime\scriptrunner\script_runner.py", line 320, in _run_script_thread
    self._run_script(request.rerun_data)
    │    │           │       └ <property object at 0x000001F0C4E27AE0>
    │    │           └ ScriptRequest(type=<ScriptRequestType.RERUN: 'RERUN'>, _rerun_data=RerunData(widget_states=widgets {
    │    │               id: "$$ID-38bab446a52e...
    │    └ <function ScriptRunner._run_script at 0x000001F0C4F033A0>
    └ ScriptRunner(_session_id='e046047c-0409-44dc-ac03-934ca8134b68', _main_script_path='app.py', _session_state={num_chunks: 0, m...

  File "C:\Users\abdul\AppData\Local\Programs\Python\Python38\lib\site-packages\streamlit\runtime\scriptrunner\script_runner.py", line 595, in _run_script
    ) = exec_func_with_error_handling(code_to_exec, ctx)
        │                             │             └ ScriptRunContext(session_id='e046047c-0409-44dc-ac03-934ca8134b68', _enqueue=<bound method ScriptRunner._enqueue_forward_msg ...
        │                             └ <function ScriptRunner._run_script.<locals>.code_to_exec at 0x000001F0C62CD310>
        └ <function exec_func_with_error_handling at 0x000001F0C4E76DC0>

  File "C:\Users\abdul\AppData\Local\Programs\Python\Python38\lib\site-packages\streamlit\runtime\scriptrunner\exec_code.py", line 88, in exec_func_with_error_handling
    result = func()
             └ <function ScriptRunner._run_script.<locals>.code_to_exec at 0x000001F0C62CD310>

  File "C:\Users\abdul\AppData\Local\Programs\Python\Python38\lib\site-packages\streamlit\runtime\scriptrunner\script_runner.py", line 579, in code_to_exec
    exec(code, module.__dict__)
         │     │      └ <member '__dict__' of 'module' objects>
         │     └ <module '__main__' from 'D:\\OLLAMA\\youtube-chatbot12\\app.py'>
         └ <code object <module> at 0x000001F0C6335BE0, file "D:\OLLAMA\youtube-chatbot12\app.py", line 1>

  File "D:\OLLAMA\youtube-chatbot12\app.py", line 252, in <module>
    handle_video_load(video_url_input)
    │                 └ 'https://www.youtube.com/watch?v=ZzaPdXTrSb8'
    └ <function handle_video_load at 0x000001F0C62CD4C0>

  File "D:\OLLAMA\youtube-chatbot12\app.py", line 226, in handle_video_load
    transcript = get_transcript(video_id)
                 │              └ 'ZzaPdXTrSb8'
                 └ <function get_transcript at 0x000001F0C6343940>

> File "D:\OLLAMA\youtube-chatbot12\chatbot.py", line 77, in get_transcript
    transcript_list = YouTubeTranscriptApi.list_transcripts(video_id)
                      │                                     └ 'ZzaPdXTrSb8'
                      └ <class 'youtube_transcript_api._api.YouTubeTranscriptApi'>

AttributeError: type object 'YouTubeTranscriptApi' has no attribute 'list_transcripts'
2026-06-10 09:39:18.418 | ERROR    | chatbot:get_transcript:104 - Unexpected error fetching transcript for ZzaPdXTrSb8
Traceback (most recent call last):

  File "C:\Users\abdul\AppData\Local\Programs\Python\Python38\lib\threading.py", line 890, in _bootstrap
    self._bootstrap_inner()
    │    └ <function Thread._bootstrap_inner at 0x000001F0C29FC040>
    └ <Thread(ScriptRunner.scriptThread, started 8856)>

  File "C:\Users\abdul\AppData\Local\Programs\Python\Python38\lib\threading.py", line 932, in _bootstrap_inner
    self.run()
    │    └ <function Thread.run at 0x000001F0C29FBD30>
    └ <Thread(ScriptRunner.scriptThread, started 8856)>

  File "C:\Users\abdul\AppData\Local\Programs\Python\Python38\lib\threading.py", line 870, in run
    self._target(*self._args, **self._kwargs)
    │    │        │    │        │    └ {}
    │    │        │    │        └ <Thread(ScriptRunner.scriptThread, started 8856)>
    │    │        │    └ ()
    │    │        └ <Thread(ScriptRunner.scriptThread, started 8856)>
    │    └ <bound method ScriptRunner._run_script_thread of ScriptRunner(_session_id='e046047c-0409-44dc-ac03-934ca8134b68', _main_scrip...
    └ <Thread(ScriptRunner.scriptThread, started 8856)>

  File "C:\Users\abdul\AppData\Local\Programs\Python\Python38\lib\site-packages\streamlit\runtime\scriptrunner\script_runner.py", line 320, in _run_script_thread
    self._run_script(request.rerun_data)
    │    │           │       └ <property object at 0x000001F0C4E27AE0>
    │    │           └ ScriptRequest(type=<ScriptRequestType.RERUN: 'RERUN'>, _rerun_data=RerunData(widget_states=widgets {
    │    │               id: "$$ID-38bab446a52e...
    │    └ <function ScriptRunner._run_script at 0x000001F0C4F033A0>
    └ ScriptRunner(_session_id='e046047c-0409-44dc-ac03-934ca8134b68', _main_script_path='app.py', _session_state={num_chunks: 0, m...

  File "C:\Users\abdul\AppData\Local\Programs\Python\Python38\lib\site-packages\streamlit\runtime\scriptrunner\script_runner.py", line 595, in _run_script
    ) = exec_func_with_error_handling(code_to_exec, ctx)
        │                             │             └ ScriptRunContext(session_id='e046047c-0409-44dc-ac03-934ca8134b68', _enqueue=<bound method ScriptRunner._enqueue_forward_msg ...
        │                             └ <function ScriptRunner._run_script.<locals>.code_to_exec at 0x000001F0C62CD310>
        └ <function exec_func_with_error_handling at 0x000001F0C4E76DC0>

  File "C:\Users\abdul\AppData\Local\Programs\Python\Python38\lib\site-packages\streamlit\runtime\scriptrunner\exec_code.py", line 88, in exec_func_with_error_handling
    result = func()
             └ <function ScriptRunner._run_script.<locals>.code_to_exec at 0x000001F0C62CD310>

  File "C:\Users\abdul\AppData\Local\Programs\Python\Python38\lib\site-packages\streamlit\runtime\scriptrunner\script_runner.py", line 579, in code_to_exec
    exec(code, module.__dict__)
         │     │      └ <member '__dict__' of 'module' objects>
         │     └ <module '__main__' from 'D:\\OLLAMA\\youtube-chatbot12\\app.py'>
         └ <code object <module> at 0x000001F0C6335BE0, file "D:\OLLAMA\youtube-chatbot12\app.py", line 1>

  File "D:\OLLAMA\youtube-chatbot12\app.py", line 252, in <module>
    handle_video_load(video_url_input)
    │                 └ 'https://www.youtube.com/watch?v=ZzaPdXTrSb8'
    └ <function handle_video_load at 0x000001F0C62CD4C0>

  File "D:\OLLAMA\youtube-chatbot12\app.py", line 226, in handle_video_load
    transcript = get_transcript(video_id)
                 │              └ 'ZzaPdXTrSb8'
                 └ <function get_transcript at 0x000001F0C6343940>

> File "D:\OLLAMA\youtube-chatbot12\chatbot.py", line 77, in get_transcript
    transcript_list = YouTubeTranscriptApi.list_transcripts(video_id)
                      │                                     └ 'ZzaPdXTrSb8'
                      └ <class 'youtube_transcript_api._api.YouTubeTranscriptApi'>

AttributeError: type object 'YouTubeTranscriptApi' has no attribute 'list_transcripts'
2026-06-10 09:39:18.418 | ERROR    | chatbot:get_transcript:104 - Unexpected error fetching transcript for ZzaPdXTrSb8
Traceback (most recent call last):

  File "C:\Users\abdul\AppData\Local\Programs\Python\Python38\lib\threading.py", line 890, in _bootstrap
    self._bootstrap_inner()
    │    └ <function Thread._bootstrap_inner at 0x000001F0C29FC040>
    └ <Thread(ScriptRunner.scriptThread, started 8856)>

  File "C:\Users\abdul\AppData\Local\Programs\Python\Python38\lib\threading.py", line 932, in _bootstrap_inner
    self.run()
    │    └ <function Thread.run at 0x000001F0C29FBD30>
    └ <Thread(ScriptRunner.scriptThread, started 8856)>

  File "C:\Users\abdul\AppData\Local\Programs\Python\Python38\lib\threading.py", line 870, in run
    self._target(*self._args, **self._kwargs)
    │    │        │    │        │    └ {}
    │    │        │    │        └ <Thread(ScriptRunner.scriptThread, started 8856)>
    │    │        │    └ ()
    │    │        └ <Thread(ScriptRunner.scriptThread, started 8856)>
    │    └ <bound method ScriptRunner._run_script_thread of ScriptRunner(_session_id='e046047c-0409-44dc-ac03-934ca8134b68', _main_scrip...
    └ <Thread(ScriptRunner.scriptThread, started 8856)>

  File "C:\Users\abdul\AppData\Local\Programs\Python\Python38\lib\site-packages\streamlit\runtime\scriptrunner\script_runner.py", line 320, in _run_script_thread
    self._run_script(request.rerun_data)
    │    │           │       └ <property object at 0x000001F0C4E27AE0>
    │    │           └ ScriptRequest(type=<ScriptRequestType.RERUN: 'RERUN'>, _rerun_data=RerunData(widget_states=widgets {
    │    │               id: "$$ID-38bab446a52e...
    │    └ <function ScriptRunner._run_script at 0x000001F0C4F033A0>
    └ ScriptRunner(_session_id='e046047c-0409-44dc-ac03-934ca8134b68', _main_script_path='app.py', _session_state={num_chunks: 0, m...

  File "C:\Users\abdul\AppData\Local\Programs\Python\Python38\lib\site-packages\streamlit\runtime\scriptrunner\script_runner.py", line 595, in _run_script
    ) = exec_func_with_error_handling(code_to_exec, ctx)
        │                             │             └ ScriptRunContext(session_id='e046047c-0409-44dc-ac03-934ca8134b68', _enqueue=<bound method ScriptRunner._enqueue_forward_msg ...
        │                             └ <function ScriptRunner._run_script.<locals>.code_to_exec at 0x000001F0C62CD310>
        └ <function exec_func_with_error_handling at 0x000001F0C4E76DC0>

  File "C:\Users\abdul\AppData\Local\Programs\Python\Python38\lib\site-packages\streamlit\runtime\scriptrunner\exec_code.py", line 88, in exec_func_with_error_handling
    result = func()
             └ <function ScriptRunner._run_script.<locals>.code_to_exec at 0x000001F0C62CD310>

  File "C:\Users\abdul\AppData\Local\Programs\Python\Python38\lib\site-packages\streamlit\runtime\scriptrunner\script_runner.py", line 579, in code_to_exec
    exec(code, module.__dict__)
         │     │      └ <member '__dict__' of 'module' objects>
         │     └ <module '__main__' from 'D:\\OLLAMA\\youtube-chatbot12\\app.py'>
         └ <code object <module> at 0x000001F0C6335BE0, file "D:\OLLAMA\youtube-chatbot12\app.py", line 1>

  File "D:\OLLAMA\youtube-chatbot12\app.py", line 252, in <module>
    handle_video_load(video_url_input)
    │                 └ 'https://www.youtube.com/watch?v=ZzaPdXTrSb8'
    └ <function handle_video_load at 0x000001F0C62CD4C0>

  File "D:\OLLAMA\youtube-chatbot12\app.py", line 226, in handle_video_load
    transcript = get_transcript(video_id)
                 │              └ 'ZzaPdXTrSb8'
                 └ <function get_transcript at 0x000001F0C6343940>

> File "D:\OLLAMA\youtube-chatbot12\chatbot.py", line 77, in get_transcript
    transcript_list = YouTubeTranscriptApi.list_transcripts(video_id)
                      │                                     └ 'ZzaPdXTrSb8'
                      └ <class 'youtube_transcript_api._api.YouTubeTranscriptApi'>

AttributeError: type object 'YouTubeTranscriptApi' has no attribute 'list_transcripts'
2026-06-10 09:39:18.522 | ERROR    | __main__:handle_video_load:235 - Load failed: Transcript retrieval failed: type object 'YouTubeTranscriptApi' has no attribute 'list_transcripts'
2026-06-10 09:39:18.522 | ERROR    | __main__:handle_video_load:235 - Load failed: Transcript retrieval failed: type object 'YouTubeTranscriptApi' has no attribute 'list_transcripts'
2026-06-10 09:39:18.522 | ERROR    | __main__:handle_video_load:235 - Load failed: Transcript retrieval failed: type object 'YouTubeTranscriptApi' has no attribute 'list_transcripts'
2026-06-10 09:39:18.522 | ERROR    | __main__:handle_video_load:235 - Load failed: Transcript retrieval failed: type object 'YouTubeTranscriptApi' has no attribute 'list_transcripts'
2026-06-10 09:39:18.522 | ERROR    | __main__:handle_video_load:235 - Load failed: Transcript retrieval failed: type object 'YouTubeTranscriptApi' has no attribute 'list_transcripts'
2026-06-10 09:39:18.522 | ERROR    | __main__:handle_video_load:235 - Load failed: Transcript retrieval failed: type object 'YouTubeTranscriptApi' has no attribute 'list_transcripts'
2026-06-10 09:39:18.522 | ERROR    | __main__:handle_video_load:235 - Load failed: Transcript retrieval failed: type object 'YouTubeTranscriptApi' has no attribute 'list_transcripts'
2026-06-10 09:39:18.522 | ERROR    | __main__:handle_video_load:235 - Load failed: Transcript retrieval failed: type object 'YouTubeTranscriptApi' has no attribute 'list_transcripts'
2026-06-10 09:39:18.522 | ERROR    | __main__:handle_video_load:235 - Load failed: Transcript retrieval failed: type object 'YouTubeTranscriptApi' has no attribute 'list_transcripts'
2026-06-10 09:39:18.522 | ERROR    | __main__:handle_video_load:235 - Load failed: Transcript retrieval failed: type object 'YouTubeTranscriptApi' has no attribute 'list_transcripts'
2026-06-10 09:39:18.522 | ERROR    | __main__:handle_video_load:235 - Load failed: Transcript retrieval failed: type object 'YouTubeTranscriptApi' has no attribute 'list_transcripts'
2026-06-10 09:39:18.522 | ERROR    | __main__:handle_video_load:235 - Load failed: Transcript retrieval failed: type object 'YouTubeTranscriptApi' has no attribute 'list_transcripts'
2026-06-10 09:39:18.522 | ERROR    | __main__:handle_video_load:235 - Load failed: Transcript retrieval failed: type object 'YouTubeTranscriptApi' has no attribute 'list_transcripts'
2026-06-10 09:39:18.522 | ERROR    | __main__:handle_video_load:235 - Load failed: Transcript retrieval failed: type object 'YouTubeTranscriptApi' has no attribute 'list_transcripts'
2026-06-10 09:39:19.682 | INFO     | chatbot:get_transcript:73 - Fetching transcript for video_id: ZzaPdXTrSb8
2026-06-10 09:39:19.682 | INFO     | chatbot:get_transcript:73 - Fetching transcript for video_id: ZzaPdXTrSb8
2026-06-10 09:39:19.682 | INFO     | chatbot:get_transcript:73 - Fetching transcript for video_id: ZzaPdXTrSb8
2026-06-10 09:39:19.682 | INFO     | chatbot:get_transcript:73 - Fetching transcript for video_id: ZzaPdXTrSb8
2026-06-10 09:39:19.682 | INFO     | chatbot:get_transcript:73 - Fetching transcript for video_id: ZzaPdXTrSb8
2026-06-10 09:39:19.682 | INFO     | chatbot:get_transcript:73 - Fetching transcript for video_id: ZzaPdXTrSb8
2026-06-10 09:39:19.682 | INFO     | chatbot:get_transcript:73 - Fetching transcript for video_id: ZzaPdXTrSb8
2026-06-10 09:39:19.682 | INFO     | chatbot:get_transcript:73 - Fetching transcript for video_id: ZzaPdXTrSb8
2026-06-10 09:39:19.682 | INFO     | chatbot:get_transcript:73 - Fetching transcript for video_id: ZzaPdXTrSb8
2026-06-10 09:39:19.682 | INFO     | chatbot:get_transcript:73 - Fetching transcript for video_id: ZzaPdXTrSb8
2026-06-10 09:39:19.682 | INFO     | chatbot:get_transcript:73 - Fetching transcript for video_id: ZzaPdXTrSb8
2026-06-10 09:39:19.682 | INFO     | chatbot:get_transcript:73 - Fetching transcript for video_id: ZzaPdXTrSb8
2026-06-10 09:39:19.682 | INFO     | chatbot:get_transcript:73 - Fetching transcript for video_id: ZzaPdXTrSb8
2026-06-10 09:39:19.682 | INFO     | chatbot:get_transcript:73 - Fetching transcript for video_id: ZzaPdXTrSb8
2026-06-10 09:39:19.682 | INFO     | chatbot:get_transcript:73 - Fetching transcript for video_id: ZzaPdXTrSb8
2026-06-10 09:39:19.686 | ERROR    | chatbot:get_transcript:104 - Unexpected error fetching transcript for ZzaPdXTrSb8
Traceback (most recent call last):

  File "C:\Users\abdul\AppData\Local\Programs\Python\Python38\lib\threading.py", line 890, in _bootstrap
    self._bootstrap_inner()
    │    └ <function Thread._bootstrap_inner at 0x000001F0C29FC040>
    └ <Thread(ScriptRunner.scriptThread, started 3724)>

  File "C:\Users\abdul\AppData\Local\Programs\Python\Python38\lib\threading.py", line 932, in _bootstrap_inner
    self.run()
    │    └ <function Thread.run at 0x000001F0C29FBD30>
    └ <Thread(ScriptRunner.scriptThread, started 3724)>

  File "C:\Users\abdul\AppData\Local\Programs\Python\Python38\lib\threading.py", line 870, in run
    self._target(*self._args, **self._kwargs)
    │    │        │    │        │    └ {}
    │    │        │    │        └ <Thread(ScriptRunner.scriptThread, started 3724)>
    │    │        │    └ ()
    │    │        └ <Thread(ScriptRunner.scriptThread, started 3724)>
    │    └ <bound method ScriptRunner._run_script_thread of ScriptRunner(_session_id='e046047c-0409-44dc-ac03-934ca8134b68', _main_scrip...
    └ <Thread(ScriptRunner.scriptThread, started 3724)>

  File "C:\Users\abdul\AppData\Local\Programs\Python\Python38\lib\site-packages\streamlit\runtime\scriptrunner\script_runner.py", line 320, in _run_script_thread
    self._run_script(request.rerun_data)
    │    │           │       └ <property object at 0x000001F0C4E27AE0>
    │    │           └ ScriptRequest(type=<ScriptRequestType.RERUN: 'RERUN'>, _rerun_data=RerunData(widget_states=widgets {
    │    │               id: "$$ID-38bab446a52e...
    │    └ <function ScriptRunner._run_script at 0x000001F0C4F033A0>
    └ ScriptRunner(_session_id='e046047c-0409-44dc-ac03-934ca8134b68', _main_script_path='app.py', _session_state={num_chunks: 0, m...

  File "C:\Users\abdul\AppData\Local\Programs\Python\Python38\lib\site-packages\streamlit\runtime\scriptrunner\script_runner.py", line 595, in _run_script
    ) = exec_func_with_error_handling(code_to_exec, ctx)
        │                             │             └ ScriptRunContext(session_id='e046047c-0409-44dc-ac03-934ca8134b68', _enqueue=<bound method ScriptRunner._enqueue_forward_msg ...
        │                             └ <function ScriptRunner._run_script.<locals>.code_to_exec at 0x000001F0EF7B1AF0>
        └ <function exec_func_with_error_handling at 0x000001F0C4E76DC0>

  File "C:\Users\abdul\AppData\Local\Programs\Python\Python38\lib\site-packages\streamlit\runtime\scriptrunner\exec_code.py", line 88, in exec_func_with_error_handling
    result = func()
             └ <function ScriptRunner._run_script.<locals>.code_to_exec at 0x000001F0EF7B1AF0>

  File "C:\Users\abdul\AppData\Local\Programs\Python\Python38\lib\site-packages\streamlit\runtime\scriptrunner\script_runner.py", line 579, in code_to_exec
    exec(code, module.__dict__)
         │     │      └ <member '__dict__' of 'module' objects>
         │     └ <module '__main__' from 'D:\\OLLAMA\\youtube-chatbot12\\app.py'>
         └ <code object <module> at 0x000001F0C6335BE0, file "D:\OLLAMA\youtube-chatbot12\app.py", line 1>

  File "D:\OLLAMA\youtube-chatbot12\app.py", line 252, in <module>
    handle_video_load(video_url_input)
    │                 └ 'https://www.youtube.com/watch?v=ZzaPdXTrSb8'
    └ <function handle_video_load at 0x000001F0EF7B1820>

  File "D:\OLLAMA\youtube-chatbot12\app.py", line 226, in handle_video_load
    transcript = get_transcript(video_id)
                 │              └ 'ZzaPdXTrSb8'
                 └ <function get_transcript at 0x000001F0C6343940>

> File "D:\OLLAMA\youtube-chatbot12\chatbot.py", line 77, in get_transcript
    transcript_list = YouTubeTranscriptApi.list_transcripts(video_id)
                      │                                     └ 'ZzaPdXTrSb8'
                      └ <class 'youtube_transcript_api._api.YouTubeTranscriptApi'>

AttributeError: type object 'YouTubeTranscriptApi' has no attribute 'list_transcripts'
2026-06-10 09:39:19.686 | ERROR    | chatbot:get_transcript:104 - Unexpected error fetching transcript for ZzaPdXTrSb8
Traceback (most recent call last):

  File "C:\Users\abdul\AppData\Local\Programs\Python\Python38\lib\threading.py", line 890, in _bootstrap
    self._bootstrap_inner()
    │    └ <function Thread._bootstrap_inner at 0x000001F0C29FC040>
    └ <Thread(ScriptRunner.scriptThread, started 3724)>

  File "C:\Users\abdul\AppData\Local\Programs\Python\Python38\lib\threading.py", line 932, in _bootstrap_inner
    self.run()
    │    └ <function Thread.run at 0x000001F0C29FBD30>
    └ <Thread(ScriptRunner.scriptThread, started 3724)>

  File "C:\Users\abdul\AppData\Local\Programs\Python\Python38\lib\threading.py", line 870, in run
    self._target(*self._args, **self._kwargs)
    │    │        │    │        │    └ {}
    │    │        │    │        └ <Thread(ScriptRunner.scriptThread, started 3724)>
    │    │        │    └ ()
    │    │        └ <Thread(ScriptRunner.scriptThread, started 3724)>
    │    └ <bound method ScriptRunner._run_script_thread of ScriptRunner(_session_id='e046047c-0409-44dc-ac03-934ca8134b68', _main_scrip...
    └ <Thread(ScriptRunner.scriptThread, started 3724)>

  File "C:\Users\abdul\AppData\Local\Programs\Python\Python38\lib\site-packages\streamlit\runtime\scriptrunner\script_runner.py", line 320, in _run_script_thread
    self._run_script(request.rerun_data)
    │    │           │       └ <property object at 0x000001F0C4E27AE0>
    │    │           └ ScriptRequest(type=<ScriptRequestType.RERUN: 'RERUN'>, _rerun_data=RerunData(widget_states=widgets {
    │    │               id: "$$ID-38bab446a52e...
    │    └ <function ScriptRunner._run_script at 0x000001F0C4F033A0>
    └ ScriptRunner(_session_id='e046047c-0409-44dc-ac03-934ca8134b68', _main_script_path='app.py', _session_state={num_chunks: 0, m...

  File "C:\Users\abdul\AppData\Local\Programs\Python\Python38\lib\site-packages\streamlit\runtime\scriptrunner\script_runner.py", line 595, in _run_script
    ) = exec_func_with_error_handling(code_to_exec, ctx)
        │                             │             └ ScriptRunContext(session_id='e046047c-0409-44dc-ac03-934ca8134b68', _enqueue=<bound method ScriptRunner._enqueue_forward_msg ...
        │                             └ <function ScriptRunner._run_script.<locals>.code_to_exec at 0x000001F0EF7B1AF0>
        └ <function exec_func_with_error_handling at 0x000001F0C4E76DC0>

  File "C:\Users\abdul\AppData\Local\Programs\Python\Python38\lib\site-packages\streamlit\runtime\scriptrunner\exec_code.py", line 88, in exec_func_with_error_handling
    result = func()
             └ <function ScriptRunner._run_script.<locals>.code_to_exec at 0x000001F0EF7B1AF0>

  File "C:\Users\abdul\AppData\Local\Programs\Python\Python38\lib\site-packages\streamlit\runtime\scriptrunner\script_runner.py", line 579, in code_to_exec
    exec(code, module.__dict__)
         │     │      └ <member '__dict__' of 'module' objects>
         │     └ <module '__main__' from 'D:\\OLLAMA\\youtube-chatbot12\\app.py'>
         └ <code object <module> at 0x000001F0C6335BE0, file "D:\OLLAMA\youtube-chatbot12\app.py", line 1>

  File "D:\OLLAMA\youtube-chatbot12\app.py", line 252, in <module>
    handle_video_load(video_url_input)
    │                 └ 'https://www.youtube.com/watch?v=ZzaPdXTrSb8'
    └ <function handle_video_load at 0x000001F0EF7B1820>

  File "D:\OLLAMA\youtube-chatbot12\app.py", line 226, in handle_video_load
    transcript = get_transcript(video_id)
                 │              └ 'ZzaPdXTrSb8'
                 └ <function get_transcript at 0x000001F0C6343940>

> File "D:\OLLAMA\youtube-chatbot12\chatbot.py", line 77, in get_transcript
    transcript_list = YouTubeTranscriptApi.list_transcripts(video_id)
                      │                                     └ 'ZzaPdXTrSb8'
                      └ <class 'youtube_transcript_api._api.YouTubeTranscriptApi'>

AttributeError: type object 'YouTubeTranscriptApi' has no attribute 'list_transcripts'
2026-06-10 09:39:19.686 | ERROR    | chatbot:get_transcript:104 - Unexpected error fetching transcript for ZzaPdXTrSb8
Traceback (most recent call last):

  File "C:\Users\abdul\AppData\Local\Programs\Python\Python38\lib\threading.py", line 890, in _bootstrap
    self._bootstrap_inner()
    │    └ <function Thread._bootstrap_inner at 0x000001F0C29FC040>
    └ <Thread(ScriptRunner.scriptThread, started 3724)>

  File "C:\Users\abdul\AppData\Local\Programs\Python\Python38\lib\threading.py", line 932, in _bootstrap_inner
    self.run()
    │    └ <function Thread.run at 0x000001F0C29FBD30>
    └ <Thread(ScriptRunner.scriptThread, started 3724)>

  File "C:\Users\abdul\AppData\Local\Programs\Python\Python38\lib\threading.py", line 870, in run
    self._target(*self._args, **self._kwargs)
    │    │        │    │        │    └ {}
    │    │        │    │        └ <Thread(ScriptRunner.scriptThread, started 3724)>
    │    │        │    └ ()
    │    │        └ <Thread(ScriptRunner.scriptThread, started 3724)>
    │    └ <bound method ScriptRunner._run_script_thread of ScriptRunner(_session_id='e046047c-0409-44dc-ac03-934ca8134b68', _main_scrip...
    └ <Thread(ScriptRunner.scriptThread, started 3724)>

  File "C:\Users\abdul\AppData\Local\Programs\Python\Python38\lib\site-packages\streamlit\runtime\scriptrunner\script_runner.py", line 320, in _run_script_thread
    self._run_script(request.rerun_data)
    │    │           │       └ <property object at 0x000001F0C4E27AE0>
    │    │           └ ScriptRequest(type=<ScriptRequestType.RERUN: 'RERUN'>, _rerun_data=RerunData(widget_states=widgets {
    │    │               id: "$$ID-38bab446a52e...
    │    └ <function ScriptRunner._run_script at 0x000001F0C4F033A0>
    └ ScriptRunner(_session_id='e046047c-0409-44dc-ac03-934ca8134b68', _main_script_path='app.py', _session_state={num_chunks: 0, m...

  File "C:\Users\abdul\AppData\Local\Programs\Python\Python38\lib\site-packages\streamlit\runtime\scriptrunner\script_runner.py", line 595, in _run_script
    ) = exec_func_with_error_handling(code_to_exec, ctx)
        │                             │             └ ScriptRunContext(session_id='e046047c-0409-44dc-ac03-934ca8134b68', _enqueue=<bound method ScriptRunner._enqueue_forward_msg ...
        │                             └ <function ScriptRunner._run_script.<locals>.code_to_exec at 0x000001F0EF7B1AF0>
        └ <function exec_func_with_error_handling at 0x000001F0C4E76DC0>

  File "C:\Users\abdul\AppData\Local\Programs\Python\Python38\lib\site-packages\streamlit\runtime\scriptrunner\exec_code.py", line 88, in exec_func_with_error_handling
    result = func()
             └ <function ScriptRunner._run_script.<locals>.code_to_exec at 0x000001F0EF7B1AF0>

  File "C:\Users\abdul\AppData\Local\Programs\Python\Python38\lib\site-packages\streamlit\runtime\scriptrunner\script_runner.py", line 579, in code_to_exec
    exec(code, module.__dict__)
         │     │      └ <member '__dict__' of 'module' objects>
         │     └ <module '__main__' from 'D:\\OLLAMA\\youtube-chatbot12\\app.py'>
         └ <code object <module> at 0x000001F0C6335BE0, file "D:\OLLAMA\youtube-chatbot12\app.py", line 1>

  File "D:\OLLAMA\youtube-chatbot12\app.py", line 252, in <module>
    handle_video_load(video_url_input)
    │                 └ 'https://www.youtube.com/watch?v=ZzaPdXTrSb8'
    └ <function handle_video_load at 0x000001F0EF7B1820>

  File "D:\OLLAMA\youtube-chatbot12\app.py", line 226, in handle_video_load
    transcript = get_transcript(video_id)
                 │              └ 'ZzaPdXTrSb8'
                 └ <function get_transcript at 0x000001F0C6343940>

> File "D:\OLLAMA\youtube-chatbot12\chatbot.py", line 77, in get_transcript
    transcript_list = YouTubeTranscriptApi.list_transcripts(video_id)
                      │                                     └ 'ZzaPdXTrSb8'
                      └ <class 'youtube_transcript_api._api.YouTubeTranscriptApi'>

AttributeError: type object 'YouTubeTranscriptApi' has no attribute 'list_transcripts'
2026-06-10 09:39:19.686 | ERROR    | chatbot:get_transcript:104 - Unexpected error fetching transcript for ZzaPdXTrSb8
Traceback (most recent call last):

  File "C:\Users\abdul\AppData\Local\Programs\Python\Python38\lib\threading.py", line 890, in _bootstrap
    self._bootstrap_inner()
    │    └ <function Thread._bootstrap_inner at 0x000001F0C29FC040>
    └ <Thread(ScriptRunner.scriptThread, started 3724)>

  File "C:\Users\abdul\AppData\Local\Programs\Python\Python38\lib\threading.py", line 932, in _bootstrap_inner
    self.run()
    │    └ <function Thread.run at 0x000001F0C29FBD30>
    └ <Thread(ScriptRunner.scriptThread, started 3724)>

  File "C:\Users\abdul\AppData\Local\Programs\Python\Python38\lib\threading.py", line 870, in run
    self._target(*self._args, **self._kwargs)
    │    │        │    │        │    └ {}
    │    │        │    │        └ <Thread(ScriptRunner.scriptThread, started 3724)>
    │    │        │    └ ()
    │    │        └ <Thread(ScriptRunner.scriptThread, started 3724)>
    │    └ <bound method ScriptRunner._run_script_thread of ScriptRunner(_session_id='e046047c-0409-44dc-ac03-934ca8134b68', _main_scrip...
    └ <Thread(ScriptRunner.scriptThread, started 3724)>

  File "C:\Users\abdul\AppData\Local\Programs\Python\Python38\lib\site-packages\streamlit\runtime\scriptrunner\script_runner.py", line 320, in _run_script_thread
    self._run_script(request.rerun_data)
    │    │           │       └ <property object at 0x000001F0C4E27AE0>
    │    │           └ ScriptRequest(type=<ScriptRequestType.RERUN: 'RERUN'>, _rerun_data=RerunData(widget_states=widgets {
    │    │               id: "$$ID-38bab446a52e...
    │    └ <function ScriptRunner._run_script at 0x000001F0C4F033A0>
    └ ScriptRunner(_session_id='e046047c-0409-44dc-ac03-934ca8134b68', _main_script_path='app.py', _session_state={num_chunks: 0, m...

  File "C:\Users\abdul\AppData\Local\Programs\Python\Python38\lib\site-packages\streamlit\runtime\scriptrunner\script_runner.py", line 595, in _run_script
    ) = exec_func_with_error_handling(code_to_exec, ctx)
        │                             │             └ ScriptRunContext(session_id='e046047c-0409-44dc-ac03-934ca8134b68', _enqueue=<bound method ScriptRunner._enqueue_forward_msg ...
        │                             └ <function ScriptRunner._run_script.<locals>.code_to_exec at 0x000001F0EF7B1AF0>
        └ <function exec_func_with_error_handling at 0x000001F0C4E76DC0>

  File "C:\Users\abdul\AppData\Local\Programs\Python\Python38\lib\site-packages\streamlit\runtime\scriptrunner\exec_code.py", line 88, in exec_func_with_error_handling
    result = func()
             └ <function ScriptRunner._run_script.<locals>.code_to_exec at 0x000001F0EF7B1AF0>

  File "C:\Users\abdul\AppData\Local\Programs\Python\Python38\lib\site-packages\streamlit\runtime\scriptrunner\script_runner.py", line 579, in code_to_exec
    exec(code, module.__dict__)
         │     │      └ <member '__dict__' of 'module' objects>
         │     └ <module '__main__' from 'D:\\OLLAMA\\youtube-chatbot12\\app.py'>
         └ <code object <module> at 0x000001F0C6335BE0, file "D:\OLLAMA\youtube-chatbot12\app.py", line 1>

  File "D:\OLLAMA\youtube-chatbot12\app.py", line 252, in <module>
    handle_video_load(video_url_input)
    │                 └ 'https://www.youtube.com/watch?v=ZzaPdXTrSb8'
    └ <function handle_video_load at 0x000001F0EF7B1820>

  File "D:\OLLAMA\youtube-chatbot12\app.py", line 226, in handle_video_load
    transcript = get_transcript(video_id)
                 │              └ 'ZzaPdXTrSb8'
                 └ <function get_transcript at 0x000001F0C6343940>

> File "D:\OLLAMA\youtube-chatbot12\chatbot.py", line 77, in get_transcript
    transcript_list = YouTubeTranscriptApi.list_transcripts(video_id)
                      │                                     └ 'ZzaPdXTrSb8'
                      └ <class 'youtube_transcript_api._api.YouTubeTranscriptApi'>

AttributeError: type object 'YouTubeTranscriptApi' has no attribute 'list_transcripts'
2026-06-10 09:39:19.686 | ERROR    | chatbot:get_transcript:104 - Unexpected error fetching transcript for ZzaPdXTrSb8
Traceback (most recent call last):

  File "C:\Users\abdul\AppData\Local\Programs\Python\Python38\lib\threading.py", line 890, in _bootstrap
    self._bootstrap_inner()
    │    └ <function Thread._bootstrap_inner at 0x000001F0C29FC040>
    └ <Thread(ScriptRunner.scriptThread, started 3724)>

  File "C:\Users\abdul\AppData\Local\Programs\Python\Python38\lib\threading.py", line 932, in _bootstrap_inner
    self.run()
    │    └ <function Thread.run at 0x000001F0C29FBD30>
    └ <Thread(ScriptRunner.scriptThread, started 3724)>

  File "C:\Users\abdul\AppData\Local\Programs\Python\Python38\lib\threading.py", line 870, in run
    self._target(*self._args, **self._kwargs)
    │    │        │    │        │    └ {}
    │    │        │    │        └ <Thread(ScriptRunner.scriptThread, started 3724)>
    │    │        │    └ ()
    │    │        └ <Thread(ScriptRunner.scriptThread, started 3724)>
    │    └ <bound method ScriptRunner._run_script_thread of ScriptRunner(_session_id='e046047c-0409-44dc-ac03-934ca8134b68', _main_scrip...
    └ <Thread(ScriptRunner.scriptThread, started 3724)>

  File "C:\Users\abdul\AppData\Local\Programs\Python\Python38\lib\site-packages\streamlit\runtime\scriptrunner\script_runner.py", line 320, in _run_script_thread
    self._run_script(request.rerun_data)
    │    │           │       └ <property object at 0x000001F0C4E27AE0>
    │    │           └ ScriptRequest(type=<ScriptRequestType.RERUN: 'RERUN'>, _rerun_data=RerunData(widget_states=widgets {
    │    │               id: "$$ID-38bab446a52e...
    │    └ <function ScriptRunner._run_script at 0x000001F0C4F033A0>
    └ ScriptRunner(_session_id='e046047c-0409-44dc-ac03-934ca8134b68', _main_script_path='app.py', _session_state={num_chunks: 0, m...

  File "C:\Users\abdul\AppData\Local\Programs\Python\Python38\lib\site-packages\streamlit\runtime\scriptrunner\script_runner.py", line 595, in _run_script
    ) = exec_func_with_error_handling(code_to_exec, ctx)
        │                             │             └ ScriptRunContext(session_id='e046047c-0409-44dc-ac03-934ca8134b68', _enqueue=<bound method ScriptRunner._enqueue_forward_msg ...
        │                             └ <function ScriptRunner._run_script.<locals>.code_to_exec at 0x000001F0EF7B1AF0>
        └ <function exec_func_with_error_handling at 0x000001F0C4E76DC0>

  File "C:\Users\abdul\AppData\Local\Programs\Python\Python38\lib\site-packages\streamlit\runtime\scriptrunner\exec_code.py", line 88, in exec_func_with_error_handling
    result = func()
             └ <function ScriptRunner._run_script.<locals>.code_to_exec at 0x000001F0EF7B1AF0>

  File "C:\Users\abdul\AppData\Local\Programs\Python\Python38\lib\site-packages\streamlit\runtime\scriptrunner\script_runner.py", line 579, in code_to_exec
    exec(code, module.__dict__)
         │     │      └ <member '__dict__' of 'module' objects>
         │     └ <module '__main__' from 'D:\\OLLAMA\\youtube-chatbot12\\app.py'>
         └ <code object <module> at 0x000001F0C6335BE0, file "D:\OLLAMA\youtube-chatbot12\app.py", line 1>

  File "D:\OLLAMA\youtube-chatbot12\app.py", line 252, in <module>
    handle_video_load(video_url_input)
    │                 └ 'https://www.youtube.com/watch?v=ZzaPdXTrSb8'
    └ <function handle_video_load at 0x000001F0EF7B1820>

  File "D:\OLLAMA\youtube-chatbot12\app.py", line 226, in handle_video_load
    transcript = get_transcript(video_id)
                 │              └ 'ZzaPdXTrSb8'
                 └ <function get_transcript at 0x000001F0C6343940>

> File "D:\OLLAMA\youtube-chatbot12\chatbot.py", line 77, in get_transcript
    transcript_list = YouTubeTranscriptApi.list_transcripts(video_id)
                      │                                     └ 'ZzaPdXTrSb8'
                      └ <class 'youtube_transcript_api._api.YouTubeTranscriptApi'>

AttributeError: type object 'YouTubeTranscriptApi' has no attribute 'list_transcripts'
2026-06-10 09:39:19.686 | ERROR    | chatbot:get_transcript:104 - Unexpected error fetching transcript for ZzaPdXTrSb8
Traceback (most recent call last):

  File "C:\Users\abdul\AppData\Local\Programs\Python\Python38\lib\threading.py", line 890, in _bootstrap
    self._bootstrap_inner()
    │    └ <function Thread._bootstrap_inner at 0x000001F0C29FC040>
    └ <Thread(ScriptRunner.scriptThread, started 3724)>

  File "C:\Users\abdul\AppData\Local\Programs\Python\Python38\lib\threading.py", line 932, in _bootstrap_inner
    self.run()
    │    └ <function Thread.run at 0x000001F0C29FBD30>
    └ <Thread(ScriptRunner.scriptThread, started 3724)>

  File "C:\Users\abdul\AppData\Local\Programs\Python\Python38\lib\threading.py", line 870, in run
    self._target(*self._args, **self._kwargs)
    │    │        │    │        │    └ {}
    │    │        │    │        └ <Thread(ScriptRunner.scriptThread, started 3724)>
    │    │        │    └ ()
    │    │        └ <Thread(ScriptRunner.scriptThread, started 3724)>
    │    └ <bound method ScriptRunner._run_script_thread of ScriptRunner(_session_id='e046047c-0409-44dc-ac03-934ca8134b68', _main_scrip...
    └ <Thread(ScriptRunner.scriptThread, started 3724)>

  File "C:\Users\abdul\AppData\Local\Programs\Python\Python38\lib\site-packages\streamlit\runtime\scriptrunner\script_runner.py", line 320, in _run_script_thread
    self._run_script(request.rerun_data)
    │    │           │       └ <property object at 0x000001F0C4E27AE0>
    │    │           └ ScriptRequest(type=<ScriptRequestType.RERUN: 'RERUN'>, _rerun_data=RerunData(widget_states=widgets {
    │    │               id: "$$ID-38bab446a52e...
    │    └ <function ScriptRunner._run_script at 0x000001F0C4F033A0>
    └ ScriptRunner(_session_id='e046047c-0409-44dc-ac03-934ca8134b68', _main_script_path='app.py', _session_state={num_chunks: 0, m...

  File "C:\Users\abdul\AppData\Local\Programs\Python\Python38\lib\site-packages\streamlit\runtime\scriptrunner\script_runner.py", line 595, in _run_script
    ) = exec_func_with_error_handling(code_to_exec, ctx)
        │                             │             └ ScriptRunContext(session_id='e046047c-0409-44dc-ac03-934ca8134b68', _enqueue=<bound method ScriptRunner._enqueue_forward_msg ...
        │                             └ <function ScriptRunner._run_script.<locals>.code_to_exec at 0x000001F0EF7B1AF0>
        └ <function exec_func_with_error_handling at 0x000001F0C4E76DC0>

  File "C:\Users\abdul\AppData\Local\Programs\Python\Python38\lib\site-packages\streamlit\runtime\scriptrunner\exec_code.py", line 88, in exec_func_with_error_handling
    result = func()
             └ <function ScriptRunner._run_script.<locals>.code_to_exec at 0x000001F0EF7B1AF0>

  File "C:\Users\abdul\AppData\Local\Programs\Python\Python38\lib\site-packages\streamlit\runtime\scriptrunner\script_runner.py", line 579, in code_to_exec
    exec(code, module.__dict__)
         │     │      └ <member '__dict__' of 'module' objects>
         │     └ <module '__main__' from 'D:\\OLLAMA\\youtube-chatbot12\\app.py'>
         └ <code object <module> at 0x000001F0C6335BE0, file "D:\OLLAMA\youtube-chatbot12\app.py", line 1>

  File "D:\OLLAMA\youtube-chatbot12\app.py", line 252, in <module>
    handle_video_load(video_url_input)
    │                 └ 'https://www.youtube.com/watch?v=ZzaPdXTrSb8'
    └ <function handle_video_load at 0x000001F0EF7B1820>

  File "D:\OLLAMA\youtube-chatbot12\app.py", line 226, in handle_video_load
    transcript = get_transcript(video_id)
                 │              └ 'ZzaPdXTrSb8'
                 └ <function get_transcript at 0x000001F0C6343940>

> File "D:\OLLAMA\youtube-chatbot12\chatbot.py", line 77, in get_transcript
    transcript_list = YouTubeTranscriptApi.list_transcripts(video_id)
                      │                                     └ 'ZzaPdXTrSb8'
                      └ <class 'youtube_transcript_api._api.YouTubeTranscriptApi'>

AttributeError: type object 'YouTubeTranscriptApi' has no attribute 'list_transcripts'
2026-06-10 09:39:19.686 | ERROR    | chatbot:get_transcript:104 - Unexpected error fetching transcript for ZzaPdXTrSb8
Traceback (most recent call last):

  File "C:\Users\abdul\AppData\Local\Programs\Python\Python38\lib\threading.py", line 890, in _bootstrap
    self._bootstrap_inner()
    │    └ <function Thread._bootstrap_inner at 0x000001F0C29FC040>
    └ <Thread(ScriptRunner.scriptThread, started 3724)>

  File "C:\Users\abdul\AppData\Local\Programs\Python\Python38\lib\threading.py", line 932, in _bootstrap_inner
    self.run()
    │    └ <function Thread.run at 0x000001F0C29FBD30>
    └ <Thread(ScriptRunner.scriptThread, started 3724)>

  File "C:\Users\abdul\AppData\Local\Programs\Python\Python38\lib\threading.py", line 870, in run
    self._target(*self._args, **self._kwargs)
    │    │        │    │        │    └ {}
    │    │        │    │        └ <Thread(ScriptRunner.scriptThread, started 3724)>
    │    │        │    └ ()
    │    │        └ <Thread(ScriptRunner.scriptThread, started 3724)>
    │    └ <bound method ScriptRunner._run_script_thread of ScriptRunner(_session_id='e046047c-0409-44dc-ac03-934ca8134b68', _main_scrip...
    └ <Thread(ScriptRunner.scriptThread, started 3724)>

  File "C:\Users\abdul\AppData\Local\Programs\Python\Python38\lib\site-packages\streamlit\runtime\scriptrunner\script_runner.py", line 320, in _run_script_thread
    self._run_script(request.rerun_data)
    │    │           │       └ <property object at 0x000001F0C4E27AE0>
    │    │           └ ScriptRequest(type=<ScriptRequestType.RERUN: 'RERUN'>, _rerun_data=RerunData(widget_states=widgets {
    │    │               id: "$$ID-38bab446a52e...
    │    └ <function ScriptRunner._run_script at 0x000001F0C4F033A0>
    └ ScriptRunner(_session_id='e046047c-0409-44dc-ac03-934ca8134b68', _main_script_path='app.py', _session_state={num_chunks: 0, m...

  File "C:\Users\abdul\AppData\Local\Programs\Python\Python38\lib\site-packages\streamlit\runtime\scriptrunner\script_runner.py", line 595, in _run_script
    ) = exec_func_with_error_handling(code_to_exec, ctx)
        │                             │             └ ScriptRunContext(session_id='e046047c-0409-44dc-ac03-934ca8134b68', _enqueue=<bound method ScriptRunner._enqueue_forward_msg ...
        │                             └ <function ScriptRunner._run_script.<locals>.code_to_exec at 0x000001F0EF7B1AF0>
        └ <function exec_func_with_error_handling at 0x000001F0C4E76DC0>

  File "C:\Users\abdul\AppData\Local\Programs\Python\Python38\lib\site-packages\streamlit\runtime\scriptrunner\exec_code.py", line 88, in exec_func_with_error_handling
    result = func()
             └ <function ScriptRunner._run_script.<locals>.code_to_exec at 0x000001F0EF7B1AF0>

  File "C:\Users\abdul\AppData\Local\Programs\Python\Python38\lib\site-packages\streamlit\runtime\scriptrunner\script_runner.py", line 579, in code_to_exec
    exec(code, module.__dict__)
         │     │      └ <member '__dict__' of 'module' objects>
         │     └ <module '__main__' from 'D:\\OLLAMA\\youtube-chatbot12\\app.py'>
         └ <code object <module> at 0x000001F0C6335BE0, file "D:\OLLAMA\youtube-chatbot12\app.py", line 1>

  File "D:\OLLAMA\youtube-chatbot12\app.py", line 252, in <module>
    handle_video_load(video_url_input)
    │                 └ 'https://www.youtube.com/watch?v=ZzaPdXTrSb8'
    └ <function handle_video_load at 0x000001F0EF7B1820>

  File "D:\OLLAMA\youtube-chatbot12\app.py", line 226, in handle_video_load
    transcript = get_transcript(video_id)
                 │              └ 'ZzaPdXTrSb8'
                 └ <function get_transcript at 0x000001F0C6343940>

> File "D:\OLLAMA\youtube-chatbot12\chatbot.py", line 77, in get_transcript
    transcript_list = YouTubeTranscriptApi.list_transcripts(video_id)
                      │                                     └ 'ZzaPdXTrSb8'
                      └ <class 'youtube_transcript_api._api.YouTubeTranscriptApi'>

AttributeError: type object 'YouTubeTranscriptApi' has no attribute 'list_transcripts'
2026-06-10 09:39:19.686 | ERROR    | chatbot:get_transcript:104 - Unexpected error fetching transcript for ZzaPdXTrSb8
Traceback (most recent call last):

  File "C:\Users\abdul\AppData\Local\Programs\Python\Python38\lib\threading.py", line 890, in _bootstrap
    self._bootstrap_inner()
    │    └ <function Thread._bootstrap_inner at 0x000001F0C29FC040>
    └ <Thread(ScriptRunner.scriptThread, started 3724)>

  File "C:\Users\abdul\AppData\Local\Programs\Python\Python38\lib\threading.py", line 932, in _bootstrap_inner
    self.run()
    │    └ <function Thread.run at 0x000001F0C29FBD30>
    └ <Thread(ScriptRunner.scriptThread, started 3724)>

  File "C:\Users\abdul\AppData\Local\Programs\Python\Python38\lib\threading.py", line 870, in run
    self._target(*self._args, **self._kwargs)
    │    │        │    │        │    └ {}
    │    │        │    │        └ <Thread(ScriptRunner.scriptThread, started 3724)>
    │    │        │    └ ()
    │    │        └ <Thread(ScriptRunner.scriptThread, started 3724)>
    │    └ <bound method ScriptRunner._run_script_thread of ScriptRunner(_session_id='e046047c-0409-44dc-ac03-934ca8134b68', _main_scrip...
    └ <Thread(ScriptRunner.scriptThread, started 3724)>

  File "C:\Users\abdul\AppData\Local\Programs\Python\Python38\lib\site-packages\streamlit\runtime\scriptrunner\script_runner.py", line 320, in _run_script_thread
    self._run_script(request.rerun_data)
    │    │           │       └ <property object at 0x000001F0C4E27AE0>
    │    │           └ ScriptRequest(type=<ScriptRequestType.RERUN: 'RERUN'>, _rerun_data=RerunData(widget_states=widgets {
    │    │               id: "$$ID-38bab446a52e...
    │    └ <function ScriptRunner._run_script at 0x000001F0C4F033A0>
    └ ScriptRunner(_session_id='e046047c-0409-44dc-ac03-934ca8134b68', _main_script_path='app.py', _session_state={num_chunks: 0, m...

  File "C:\Users\abdul\AppData\Local\Programs\Python\Python38\lib\site-packages\streamlit\runtime\scriptrunner\script_runner.py", line 595, in _run_script
    ) = exec_func_with_error_handling(code_to_exec, ctx)
        │                             │             └ ScriptRunContext(session_id='e046047c-0409-44dc-ac03-934ca8134b68', _enqueue=<bound method ScriptRunner._enqueue_forward_msg ...
        │                             └ <function ScriptRunner._run_script.<locals>.code_to_exec at 0x000001F0EF7B1AF0>
        └ <function exec_func_with_error_handling at 0x000001F0C4E76DC0>

  File "C:\Users\abdul\AppData\Local\Programs\Python\Python38\lib\site-packages\streamlit\runtime\scriptrunner\exec_code.py", line 88, in exec_func_with_error_handling
    result = func()
             └ <function ScriptRunner._run_script.<locals>.code_to_exec at 0x000001F0EF7B1AF0>

  File "C:\Users\abdul\AppData\Local\Programs\Python\Python38\lib\site-packages\streamlit\runtime\scriptrunner\script_runner.py", line 579, in code_to_exec
    exec(code, module.__dict__)
         │     │      └ <member '__dict__' of 'module' objects>
         │     └ <module '__main__' from 'D:\\OLLAMA\\youtube-chatbot12\\app.py'>
         └ <code object <module> at 0x000001F0C6335BE0, file "D:\OLLAMA\youtube-chatbot12\app.py", line 1>

  File "D:\OLLAMA\youtube-chatbot12\app.py", line 252, in <module>
    handle_video_load(video_url_input)
    │                 └ 'https://www.youtube.com/watch?v=ZzaPdXTrSb8'
    └ <function handle_video_load at 0x000001F0EF7B1820>

  File "D:\OLLAMA\youtube-chatbot12\app.py", line 226, in handle_video_load
    transcript = get_transcript(video_id)
                 │              └ 'ZzaPdXTrSb8'
                 └ <function get_transcript at 0x000001F0C6343940>

> File "D:\OLLAMA\youtube-chatbot12\chatbot.py", line 77, in get_transcript
    transcript_list = YouTubeTranscriptApi.list_transcripts(video_id)
                      │                                     └ 'ZzaPdXTrSb8'
                      └ <class 'youtube_transcript_api._api.YouTubeTranscriptApi'>

AttributeError: type object 'YouTubeTranscriptApi' has no attribute 'list_transcripts'
2026-06-10 09:39:19.686 | ERROR    | chatbot:get_transcript:104 - Unexpected error fetching transcript for ZzaPdXTrSb8
Traceback (most recent call last):

  File "C:\Users\abdul\AppData\Local\Programs\Python\Python38\lib\threading.py", line 890, in _bootstrap
    self._bootstrap_inner()
    │    └ <function Thread._bootstrap_inner at 0x000001F0C29FC040>
    └ <Thread(ScriptRunner.scriptThread, started 3724)>

  File "C:\Users\abdul\AppData\Local\Programs\Python\Python38\lib\threading.py", line 932, in _bootstrap_inner
    self.run()
    │    └ <function Thread.run at 0x000001F0C29FBD30>
    └ <Thread(ScriptRunner.scriptThread, started 3724)>

  File "C:\Users\abdul\AppData\Local\Programs\Python\Python38\lib\threading.py", line 870, in run
    self._target(*self._args, **self._kwargs)
    │    │        │    │        │    └ {}
    │    │        │    │        └ <Thread(ScriptRunner.scriptThread, started 3724)>
    │    │        │    └ ()
    │    │        └ <Thread(ScriptRunner.scriptThread, started 3724)>
    │    └ <bound method ScriptRunner._run_script_thread of ScriptRunner(_session_id='e046047c-0409-44dc-ac03-934ca8134b68', _main_scrip...
    └ <Thread(ScriptRunner.scriptThread, started 3724)>

  File "C:\Users\abdul\AppData\Local\Programs\Python\Python38\lib\site-packages\streamlit\runtime\scriptrunner\script_runner.py", line 320, in _run_script_thread
    self._run_script(request.rerun_data)
    │    │           │       └ <property object at 0x000001F0C4E27AE0>
    │    │           └ ScriptRequest(type=<ScriptRequestType.RERUN: 'RERUN'>, _rerun_data=RerunData(widget_states=widgets {
    │    │               id: "$$ID-38bab446a52e...
    │    └ <function ScriptRunner._run_script at 0x000001F0C4F033A0>
    └ ScriptRunner(_session_id='e046047c-0409-44dc-ac03-934ca8134b68', _main_script_path='app.py', _session_state={num_chunks: 0, m...

  File "C:\Users\abdul\AppData\Local\Programs\Python\Python38\lib\site-packages\streamlit\runtime\scriptrunner\script_runner.py", line 595, in _run_script
    ) = exec_func_with_error_handling(code_to_exec, ctx)
        │                             │             └ ScriptRunContext(session_id='e046047c-0409-44dc-ac03-934ca8134b68', _enqueue=<bound method ScriptRunner._enqueue_forward_msg ...
        │                             └ <function ScriptRunner._run_script.<locals>.code_to_exec at 0x000001F0EF7B1AF0>
        └ <function exec_func_with_error_handling at 0x000001F0C4E76DC0>

  File "C:\Users\abdul\AppData\Local\Programs\Python\Python38\lib\site-packages\streamlit\runtime\scriptrunner\exec_code.py", line 88, in exec_func_with_error_handling
    result = func()
             └ <function ScriptRunner._run_script.<locals>.code_to_exec at 0x000001F0EF7B1AF0>

  File "C:\Users\abdul\AppData\Local\Programs\Python\Python38\lib\site-packages\streamlit\runtime\scriptrunner\script_runner.py", line 579, in code_to_exec
    exec(code, module.__dict__)
         │     │      └ <member '__dict__' of 'module' objects>
         │     └ <module '__main__' from 'D:\\OLLAMA\\youtube-chatbot12\\app.py'>
         └ <code object <module> at 0x000001F0C6335BE0, file "D:\OLLAMA\youtube-chatbot12\app.py", line 1>

  File "D:\OLLAMA\youtube-chatbot12\app.py", line 252, in <module>
    handle_video_load(video_url_input)
    │                 └ 'https://www.youtube.com/watch?v=ZzaPdXTrSb8'
    └ <function handle_video_load at 0x000001F0EF7B1820>

  File "D:\OLLAMA\youtube-chatbot12\app.py", line 226, in handle_video_load
    transcript = get_transcript(video_id)
                 │              └ 'ZzaPdXTrSb8'
                 └ <function get_transcript at 0x000001F0C6343940>

> File "D:\OLLAMA\youtube-chatbot12\chatbot.py", line 77, in get_transcript
    transcript_list = YouTubeTranscriptApi.list_transcripts(video_id)
                      │                                     └ 'ZzaPdXTrSb8'
                      └ <class 'youtube_transcript_api._api.YouTubeTranscriptApi'>

AttributeError: type object 'YouTubeTranscriptApi' has no attribute 'list_transcripts'
2026-06-10 09:39:19.686 | ERROR    | chatbot:get_transcript:104 - Unexpected error fetching transcript for ZzaPdXTrSb8
Traceback (most recent call last):

  File "C:\Users\abdul\AppData\Local\Programs\Python\Python38\lib\threading.py", line 890, in _bootstrap
    self._bootstrap_inner()
    │    └ <function Thread._bootstrap_inner at 0x000001F0C29FC040>
    └ <Thread(ScriptRunner.scriptThread, started 3724)>

  File "C:\Users\abdul\AppData\Local\Programs\Python\Python38\lib\threading.py", line 932, in _bootstrap_inner
    self.run()
    │    └ <function Thread.run at 0x000001F0C29FBD30>
    └ <Thread(ScriptRunner.scriptThread, started 3724)>

  File "C:\Users\abdul\AppData\Local\Programs\Python\Python38\lib\threading.py", line 870, in run
    self._target(*self._args, **self._kwargs)
    │    │        │    │        │    └ {}
    │    │        │    │        └ <Thread(ScriptRunner.scriptThread, started 3724)>
    │    │        │    └ ()
    │    │        └ <Thread(ScriptRunner.scriptThread, started 3724)>
    │    └ <bound method ScriptRunner._run_script_thread of ScriptRunner(_session_id='e046047c-0409-44dc-ac03-934ca8134b68', _main_scrip...
    └ <Thread(ScriptRunner.scriptThread, started 3724)>

  File "C:\Users\abdul\AppData\Local\Programs\Python\Python38\lib\site-packages\streamlit\runtime\scriptrunner\script_runner.py", line 320, in _run_script_thread
    self._run_script(request.rerun_data)
    │    │           │       └ <property object at 0x000001F0C4E27AE0>
    │    │           └ ScriptRequest(type=<ScriptRequestType.RERUN: 'RERUN'>, _rerun_data=RerunData(widget_states=widgets {
    │    │               id: "$$ID-38bab446a52e...
    │    └ <function ScriptRunner._run_script at 0x000001F0C4F033A0>
    └ ScriptRunner(_session_id='e046047c-0409-44dc-ac03-934ca8134b68', _main_script_path='app.py', _session_state={num_chunks: 0, m...

  File "C:\Users\abdul\AppData\Local\Programs\Python\Python38\lib\site-packages\streamlit\runtime\scriptrunner\script_runner.py", line 595, in _run_script
    ) = exec_func_with_error_handling(code_to_exec, ctx)
        │                             │             └ ScriptRunContext(session_id='e046047c-0409-44dc-ac03-934ca8134b68', _enqueue=<bound method ScriptRunner._enqueue_forward_msg ...
        │                             └ <function ScriptRunner._run_script.<locals>.code_to_exec at 0x000001F0EF7B1AF0>
        └ <function exec_func_with_error_handling at 0x000001F0C4E76DC0>

  File "C:\Users\abdul\AppData\Local\Programs\Python\Python38\lib\site-packages\streamlit\runtime\scriptrunner\exec_code.py", line 88, in exec_func_with_error_handling
    result = func()
             └ <function ScriptRunner._run_script.<locals>.code_to_exec at 0x000001F0EF7B1AF0>

  File "C:\Users\abdul\AppData\Local\Programs\Python\Python38\lib\site-packages\streamlit\runtime\scriptrunner\script_runner.py", line 579, in code_to_exec
    exec(code, module.__dict__)
         │     │      └ <member '__dict__' of 'module' objects>
         │     └ <module '__main__' from 'D:\\OLLAMA\\youtube-chatbot12\\app.py'>
         └ <code object <module> at 0x000001F0C6335BE0, file "D:\OLLAMA\youtube-chatbot12\app.py", line 1>

  File "D:\OLLAMA\youtube-chatbot12\app.py", line 252, in <module>
    handle_video_load(video_url_input)
    │                 └ 'https://www.youtube.com/watch?v=ZzaPdXTrSb8'
    └ <function handle_video_load at 0x000001F0EF7B1820>

  File "D:\OLLAMA\youtube-chatbot12\app.py", line 226, in handle_video_load
    transcript = get_transcript(video_id)
                 │              └ 'ZzaPdXTrSb8'
                 └ <function get_transcript at 0x000001F0C6343940>

> File "D:\OLLAMA\youtube-chatbot12\chatbot.py", line 77, in get_transcript
    transcript_list = YouTubeTranscriptApi.list_transcripts(video_id)
                      │                                     └ 'ZzaPdXTrSb8'
                      └ <class 'youtube_transcript_api._api.YouTubeTranscriptApi'>

AttributeError: type object 'YouTubeTranscriptApi' has no attribute 'list_transcripts'
2026-06-10 09:39:19.686 | ERROR    | chatbot:get_transcript:104 - Unexpected error fetching transcript for ZzaPdXTrSb8
Traceback (most recent call last):

  File "C:\Users\abdul\AppData\Local\Programs\Python\Python38\lib\threading.py", line 890, in _bootstrap
    self._bootstrap_inner()
    │    └ <function Thread._bootstrap_inner at 0x000001F0C29FC040>
    └ <Thread(ScriptRunner.scriptThread, started 3724)>

  File "C:\Users\abdul\AppData\Local\Programs\Python\Python38\lib\threading.py", line 932, in _bootstrap_inner
    self.run()
    │    └ <function Thread.run at 0x000001F0C29FBD30>
    └ <Thread(ScriptRunner.scriptThread, started 3724)>

  File "C:\Users\abdul\AppData\Local\Programs\Python\Python38\lib\threading.py", line 870, in run
    self._target(*self._args, **self._kwargs)
    │    │        │    │        │    └ {}
    │    │        │    │        └ <Thread(ScriptRunner.scriptThread, started 3724)>
    │    │        │    └ ()
    │    │        └ <Thread(ScriptRunner.scriptThread, started 3724)>
    │    └ <bound method ScriptRunner._run_script_thread of ScriptRunner(_session_id='e046047c-0409-44dc-ac03-934ca8134b68', _main_scrip...
    └ <Thread(ScriptRunner.scriptThread, started 3724)>

  File "C:\Users\abdul\AppData\Local\Programs\Python\Python38\lib\site-packages\streamlit\runtime\scriptrunner\script_runner.py", line 320, in _run_script_thread
    self._run_script(request.rerun_data)
    │    │           │       └ <property object at 0x000001F0C4E27AE0>
    │    │           └ ScriptRequest(type=<ScriptRequestType.RERUN: 'RERUN'>, _rerun_data=RerunData(widget_states=widgets {
    │    │               id: "$$ID-38bab446a52e...
    │    └ <function ScriptRunner._run_script at 0x000001F0C4F033A0>
    └ ScriptRunner(_session_id='e046047c-0409-44dc-ac03-934ca8134b68', _main_script_path='app.py', _session_state={num_chunks: 0, m...

  File "C:\Users\abdul\AppData\Local\Programs\Python\Python38\lib\site-packages\streamlit\runtime\scriptrunner\script_runner.py", line 595, in _run_script
    ) = exec_func_with_error_handling(code_to_exec, ctx)
        │                             │             └ ScriptRunContext(session_id='e046047c-0409-44dc-ac03-934ca8134b68', _enqueue=<bound method ScriptRunner._enqueue_forward_msg ...
        │                             └ <function ScriptRunner._run_script.<locals>.code_to_exec at 0x000001F0EF7B1AF0>
        └ <function exec_func_with_error_handling at 0x000001F0C4E76DC0>

  File "C:\Users\abdul\AppData\Local\Programs\Python\Python38\lib\site-packages\streamlit\runtime\scriptrunner\exec_code.py", line 88, in exec_func_with_error_handling
    result = func()
             └ <function ScriptRunner._run_script.<locals>.code_to_exec at 0x000001F0EF7B1AF0>

  File "C:\Users\abdul\AppData\Local\Programs\Python\Python38\lib\site-packages\streamlit\runtime\scriptrunner\script_runner.py", line 579, in code_to_exec
    exec(code, module.__dict__)
         │     │      └ <member '__dict__' of 'module' objects>
         │     └ <module '__main__' from 'D:\\OLLAMA\\youtube-chatbot12\\app.py'>
         └ <code object <module> at 0x000001F0C6335BE0, file "D:\OLLAMA\youtube-chatbot12\app.py", line 1>

  File "D:\OLLAMA\youtube-chatbot12\app.py", line 252, in <module>
    handle_video_load(video_url_input)
    │                 └ 'https://www.youtube.com/watch?v=ZzaPdXTrSb8'
    └ <function handle_video_load at 0x000001F0EF7B1820>

  File "D:\OLLAMA\youtube-chatbot12\app.py", line 226, in handle_video_load
    transcript = get_transcript(video_id)
                 │              └ 'ZzaPdXTrSb8'
                 └ <function get_transcript at 0x000001F0C6343940>

> File "D:\OLLAMA\youtube-chatbot12\chatbot.py", line 77, in get_transcript
    transcript_list = YouTubeTranscriptApi.list_transcripts(video_id)
                      │                                     └ 'ZzaPdXTrSb8'
                      └ <class 'youtube_transcript_api._api.YouTubeTranscriptApi'>

AttributeError: type object 'YouTubeTranscriptApi' has no attribute 'list_transcripts'
2026-06-10 09:39:19.686 | ERROR    | chatbot:get_transcript:104 - Unexpected error fetching transcript for ZzaPdXTrSb8
Traceback (most recent call last):

  File "C:\Users\abdul\AppData\Local\Programs\Python\Python38\lib\threading.py", line 890, in _bootstrap
    self._bootstrap_inner()
    │    └ <function Thread._bootstrap_inner at 0x000001F0C29FC040>
    └ <Thread(ScriptRunner.scriptThread, started 3724)>

  File "C:\Users\abdul\AppData\Local\Programs\Python\Python38\lib\threading.py", line 932, in _bootstrap_inner
    self.run()
    │    └ <function Thread.run at 0x000001F0C29FBD30>
    └ <Thread(ScriptRunner.scriptThread, started 3724)>

  File "C:\Users\abdul\AppData\Local\Programs\Python\Python38\lib\threading.py", line 870, in run
    self._target(*self._args, **self._kwargs)
    │    │        │    │        │    └ {}
    │    │        │    │        └ <Thread(ScriptRunner.scriptThread, started 3724)>
    │    │        │    └ ()
    │    │        └ <Thread(ScriptRunner.scriptThread, started 3724)>
    │    └ <bound method ScriptRunner._run_script_thread of ScriptRunner(_session_id='e046047c-0409-44dc-ac03-934ca8134b68', _main_scrip...
    └ <Thread(ScriptRunner.scriptThread, started 3724)>

  File "C:\Users\abdul\AppData\Local\Programs\Python\Python38\lib\site-packages\streamlit\runtime\scriptrunner\script_runner.py", line 320, in _run_script_thread
    self._run_script(request.rerun_data)
    │    │           │       └ <property object at 0x000001F0C4E27AE0>
    │    │           └ ScriptRequest(type=<ScriptRequestType.RERUN: 'RERUN'>, _rerun_data=RerunData(widget_states=widgets {
    │    │               id: "$$ID-38bab446a52e...
    │    └ <function ScriptRunner._run_script at 0x000001F0C4F033A0>
    └ ScriptRunner(_session_id='e046047c-0409-44dc-ac03-934ca8134b68', _main_script_path='app.py', _session_state={num_chunks: 0, m...

  File "C:\Users\abdul\AppData\Local\Programs\Python\Python38\lib\site-packages\streamlit\runtime\scriptrunner\script_runner.py", line 595, in _run_script
    ) = exec_func_with_error_handling(code_to_exec, ctx)
        │                             │             └ ScriptRunContext(session_id='e046047c-0409-44dc-ac03-934ca8134b68', _enqueue=<bound method ScriptRunner._enqueue_forward_msg ...
        │                             └ <function ScriptRunner._run_script.<locals>.code_to_exec at 0x000001F0EF7B1AF0>
        └ <function exec_func_with_error_handling at 0x000001F0C4E76DC0>

  File "C:\Users\abdul\AppData\Local\Programs\Python\Python38\lib\site-packages\streamlit\runtime\scriptrunner\exec_code.py", line 88, in exec_func_with_error_handling
    result = func()
             └ <function ScriptRunner._run_script.<locals>.code_to_exec at 0x000001F0EF7B1AF0>

  File "C:\Users\abdul\AppData\Local\Programs\Python\Python38\lib\site-packages\streamlit\runtime\scriptrunner\script_runner.py", line 579, in code_to_exec
    exec(code, module.__dict__)
         │     │      └ <member '__dict__' of 'module' objects>
         │     └ <module '__main__' from 'D:\\OLLAMA\\youtube-chatbot12\\app.py'>
         └ <code object <module> at 0x000001F0C6335BE0, file "D:\OLLAMA\youtube-chatbot12\app.py", line 1>

  File "D:\OLLAMA\youtube-chatbot12\app.py", line 252, in <module>
    handle_video_load(video_url_input)
    │                 └ 'https://www.youtube.com/watch?v=ZzaPdXTrSb8'
    └ <function handle_video_load at 0x000001F0EF7B1820>

  File "D:\OLLAMA\youtube-chatbot12\app.py", line 226, in handle_video_load
    transcript = get_transcript(video_id)
                 │              └ 'ZzaPdXTrSb8'
                 └ <function get_transcript at 0x000001F0C6343940>

> File "D:\OLLAMA\youtube-chatbot12\chatbot.py", line 77, in get_transcript
    transcript_list = YouTubeTranscriptApi.list_transcripts(video_id)
                      │                                     └ 'ZzaPdXTrSb8'
                      └ <class 'youtube_transcript_api._api.YouTubeTranscriptApi'>

AttributeError: type object 'YouTubeTranscriptApi' has no attribute 'list_transcripts'
2026-06-10 09:39:19.686 | ERROR    | chatbot:get_transcript:104 - Unexpected error fetching transcript for ZzaPdXTrSb8
Traceback (most recent call last):

  File "C:\Users\abdul\AppData\Local\Programs\Python\Python38\lib\threading.py", line 890, in _bootstrap
    self._bootstrap_inner()
    │    └ <function Thread._bootstrap_inner at 0x000001F0C29FC040>
    └ <Thread(ScriptRunner.scriptThread, started 3724)>

  File "C:\Users\abdul\AppData\Local\Programs\Python\Python38\lib\threading.py", line 932, in _bootstrap_inner
    self.run()
    │    └ <function Thread.run at 0x000001F0C29FBD30>
    └ <Thread(ScriptRunner.scriptThread, started 3724)>

  File "C:\Users\abdul\AppData\Local\Programs\Python\Python38\lib\threading.py", line 870, in run
    self._target(*self._args, **self._kwargs)
    │    │        │    │        │    └ {}
    │    │        │    │        └ <Thread(ScriptRunner.scriptThread, started 3724)>
    │    │        │    └ ()
    │    │        └ <Thread(ScriptRunner.scriptThread, started 3724)>
    │    └ <bound method ScriptRunner._run_script_thread of ScriptRunner(_session_id='e046047c-0409-44dc-ac03-934ca8134b68', _main_scrip...
    └ <Thread(ScriptRunner.scriptThread, started 3724)>

  File "C:\Users\abdul\AppData\Local\Programs\Python\Python38\lib\site-packages\streamlit\runtime\scriptrunner\script_runner.py", line 320, in _run_script_thread
    self._run_script(request.rerun_data)
    │    │           │       └ <property object at 0x000001F0C4E27AE0>
    │    │           └ ScriptRequest(type=<ScriptRequestType.RERUN: 'RERUN'>, _rerun_data=RerunData(widget_states=widgets {
    │    │               id: "$$ID-38bab446a52e...
    │    └ <function ScriptRunner._run_script at 0x000001F0C4F033A0>
    └ ScriptRunner(_session_id='e046047c-0409-44dc-ac03-934ca8134b68', _main_script_path='app.py', _session_state={num_chunks: 0, m...

  File "C:\Users\abdul\AppData\Local\Programs\Python\Python38\lib\site-packages\streamlit\runtime\scriptrunner\script_runner.py", line 595, in _run_script
    ) = exec_func_with_error_handling(code_to_exec, ctx)
        │                             │             └ ScriptRunContext(session_id='e046047c-0409-44dc-ac03-934ca8134b68', _enqueue=<bound method ScriptRunner._enqueue_forward_msg ...
        │                             └ <function ScriptRunner._run_script.<locals>.code_to_exec at 0x000001F0EF7B1AF0>
        └ <function exec_func_with_error_handling at 0x000001F0C4E76DC0>

  File "C:\Users\abdul\AppData\Local\Programs\Python\Python38\lib\site-packages\streamlit\runtime\scriptrunner\exec_code.py", line 88, in exec_func_with_error_handling
    result = func()
             └ <function ScriptRunner._run_script.<locals>.code_to_exec at 0x000001F0EF7B1AF0>

  File "C:\Users\abdul\AppData\Local\Programs\Python\Python38\lib\site-packages\streamlit\runtime\scriptrunner\script_runner.py", line 579, in code_to_exec
    exec(code, module.__dict__)
         │     │      └ <member '__dict__' of 'module' objects>
         │     └ <module '__main__' from 'D:\\OLLAMA\\youtube-chatbot12\\app.py'>
         └ <code object <module> at 0x000001F0C6335BE0, file "D:\OLLAMA\youtube-chatbot12\app.py", line 1>

  File "D:\OLLAMA\youtube-chatbot12\app.py", line 252, in <module>
    handle_video_load(video_url_input)
    │                 └ 'https://www.youtube.com/watch?v=ZzaPdXTrSb8'
    └ <function handle_video_load at 0x000001F0EF7B1820>

  File "D:\OLLAMA\youtube-chatbot12\app.py", line 226, in handle_video_load
    transcript = get_transcript(video_id)
                 │              └ 'ZzaPdXTrSb8'
                 └ <function get_transcript at 0x000001F0C6343940>

> File "D:\OLLAMA\youtube-chatbot12\chatbot.py", line 77, in get_transcript
    transcript_list = YouTubeTranscriptApi.list_transcripts(video_id)
                      │                                     └ 'ZzaPdXTrSb8'
                      └ <class 'youtube_transcript_api._api.YouTubeTranscriptApi'>

AttributeError: type object 'YouTubeTranscriptApi' has no attribute 'list_transcripts'
2026-06-10 09:39:19.686 | ERROR    | chatbot:get_transcript:104 - Unexpected error fetching transcript for ZzaPdXTrSb8
Traceback (most recent call last):

  File "C:\Users\abdul\AppData\Local\Programs\Python\Python38\lib\threading.py", line 890, in _bootstrap
    self._bootstrap_inner()
    │    └ <function Thread._bootstrap_inner at 0x000001F0C29FC040>
    └ <Thread(ScriptRunner.scriptThread, started 3724)>

  File "C:\Users\abdul\AppData\Local\Programs\Python\Python38\lib\threading.py", line 932, in _bootstrap_inner
    self.run()
    │    └ <function Thread.run at 0x000001F0C29FBD30>
    └ <Thread(ScriptRunner.scriptThread, started 3724)>

  File "C:\Users\abdul\AppData\Local\Programs\Python\Python38\lib\threading.py", line 870, in run
    self._target(*self._args, **self._kwargs)
    │    │        │    │        │    └ {}
    │    │        │    │        └ <Thread(ScriptRunner.scriptThread, started 3724)>
    │    │        │    └ ()
    │    │        └ <Thread(ScriptRunner.scriptThread, started 3724)>
    │    └ <bound method ScriptRunner._run_script_thread of ScriptRunner(_session_id='e046047c-0409-44dc-ac03-934ca8134b68', _main_scrip...
    └ <Thread(ScriptRunner.scriptThread, started 3724)>

  File "C:\Users\abdul\AppData\Local\Programs\Python\Python38\lib\site-packages\streamlit\runtime\scriptrunner\script_runner.py", line 320, in _run_script_thread
    self._run_script(request.rerun_data)
    │    │           │       └ <property object at 0x000001F0C4E27AE0>
    │    │           └ ScriptRequest(type=<ScriptRequestType.RERUN: 'RERUN'>, _rerun_data=RerunData(widget_states=widgets {
    │    │               id: "$$ID-38bab446a52e...
    │    └ <function ScriptRunner._run_script at 0x000001F0C4F033A0>
    └ ScriptRunner(_session_id='e046047c-0409-44dc-ac03-934ca8134b68', _main_script_path='app.py', _session_state={num_chunks: 0, m...

  File "C:\Users\abdul\AppData\Local\Programs\Python\Python38\lib\site-packages\streamlit\runtime\scriptrunner\script_runner.py", line 595, in _run_script
    ) = exec_func_with_error_handling(code_to_exec, ctx)
        │                             │             └ ScriptRunContext(session_id='e046047c-0409-44dc-ac03-934ca8134b68', _enqueue=<bound method ScriptRunner._enqueue_forward_msg ...
        │                             └ <function ScriptRunner._run_script.<locals>.code_to_exec at 0x000001F0EF7B1AF0>
        └ <function exec_func_with_error_handling at 0x000001F0C4E76DC0>

  File "C:\Users\abdul\AppData\Local\Programs\Python\Python38\lib\site-packages\streamlit\runtime\scriptrunner\exec_code.py", line 88, in exec_func_with_error_handling
    result = func()
             └ <function ScriptRunner._run_script.<locals>.code_to_exec at 0x000001F0EF7B1AF0>

  File "C:\Users\abdul\AppData\Local\Programs\Python\Python38\lib\site-packages\streamlit\runtime\scriptrunner\script_runner.py", line 579, in code_to_exec
    exec(code, module.__dict__)
         │     │      └ <member '__dict__' of 'module' objects>
         │     └ <module '__main__' from 'D:\\OLLAMA\\youtube-chatbot12\\app.py'>
         └ <code object <module> at 0x000001F0C6335BE0, file "D:\OLLAMA\youtube-chatbot12\app.py", line 1>

  File "D:\OLLAMA\youtube-chatbot12\app.py", line 252, in <module>
    handle_video_load(video_url_input)
    │                 └ 'https://www.youtube.com/watch?v=ZzaPdXTrSb8'
    └ <function handle_video_load at 0x000001F0EF7B1820>

  File "D:\OLLAMA\youtube-chatbot12\app.py", line 226, in handle_video_load
    transcript = get_transcript(video_id)
                 │              └ 'ZzaPdXTrSb8'
                 └ <function get_transcript at 0x000001F0C6343940>

> File "D:\OLLAMA\youtube-chatbot12\chatbot.py", line 77, in get_transcript
    transcript_list = YouTubeTranscriptApi.list_transcripts(video_id)
                      │                                     └ 'ZzaPdXTrSb8'
                      └ <class 'youtube_transcript_api._api.YouTubeTranscriptApi'>

AttributeError: type object 'YouTubeTranscriptApi' has no attribute 'list_transcripts'
2026-06-10 09:39:19.686 | ERROR    | chatbot:get_transcript:104 - Unexpected error fetching transcript for ZzaPdXTrSb8
Traceback (most recent call last):

  File "C:\Users\abdul\AppData\Local\Programs\Python\Python38\lib\threading.py", line 890, in _bootstrap
    self._bootstrap_inner()
    │    └ <function Thread._bootstrap_inner at 0x000001F0C29FC040>
    └ <Thread(ScriptRunner.scriptThread, started 3724)>

  File "C:\Users\abdul\AppData\Local\Programs\Python\Python38\lib\threading.py", line 932, in _bootstrap_inner
    self.run()
    │    └ <function Thread.run at 0x000001F0C29FBD30>
    └ <Thread(ScriptRunner.scriptThread, started 3724)>

  File "C:\Users\abdul\AppData\Local\Programs\Python\Python38\lib\threading.py", line 870, in run
    self._target(*self._args, **self._kwargs)
    │    │        │    │        │    └ {}
    │    │        │    │        └ <Thread(ScriptRunner.scriptThread, started 3724)>
    │    │        │    └ ()
    │    │        └ <Thread(ScriptRunner.scriptThread, started 3724)>
    │    └ <bound method ScriptRunner._run_script_thread of ScriptRunner(_session_id='e046047c-0409-44dc-ac03-934ca8134b68', _main_scrip...
    └ <Thread(ScriptRunner.scriptThread, started 3724)>

  File "C:\Users\abdul\AppData\Local\Programs\Python\Python38\lib\site-packages\streamlit\runtime\scriptrunner\script_runner.py", line 320, in _run_script_thread
    self._run_script(request.rerun_data)
    │    │           │       └ <property object at 0x000001F0C4E27AE0>
    │    │           └ ScriptRequest(type=<ScriptRequestType.RERUN: 'RERUN'>, _rerun_data=RerunData(widget_states=widgets {
    │    │               id: "$$ID-38bab446a52e...
    │    └ <function ScriptRunner._run_script at 0x000001F0C4F033A0>
    └ ScriptRunner(_session_id='e046047c-0409-44dc-ac03-934ca8134b68', _main_script_path='app.py', _session_state={num_chunks: 0, m...

  File "C:\Users\abdul\AppData\Local\Programs\Python\Python38\lib\site-packages\streamlit\runtime\scriptrunner\script_runner.py", line 595, in _run_script
    ) = exec_func_with_error_handling(code_to_exec, ctx)
        │                             │             └ ScriptRunContext(session_id='e046047c-0409-44dc-ac03-934ca8134b68', _enqueue=<bound method ScriptRunner._enqueue_forward_msg ...
        │                             └ <function ScriptRunner._run_script.<locals>.code_to_exec at 0x000001F0EF7B1AF0>
        └ <function exec_func_with_error_handling at 0x000001F0C4E76DC0>

  File "C:\Users\abdul\AppData\Local\Programs\Python\Python38\lib\site-packages\streamlit\runtime\scriptrunner\exec_code.py", line 88, in exec_func_with_error_handling
    result = func()
             └ <function ScriptRunner._run_script.<locals>.code_to_exec at 0x000001F0EF7B1AF0>

  File "C:\Users\abdul\AppData\Local\Programs\Python\Python38\lib\site-packages\streamlit\runtime\scriptrunner\script_runner.py", line 579, in code_to_exec
    exec(code, module.__dict__)
         │     │      └ <member '__dict__' of 'module' objects>
         │     └ <module '__main__' from 'D:\\OLLAMA\\youtube-chatbot12\\app.py'>
         └ <code object <module> at 0x000001F0C6335BE0, file "D:\OLLAMA\youtube-chatbot12\app.py", line 1>

  File "D:\OLLAMA\youtube-chatbot12\app.py", line 252, in <module>
    handle_video_load(video_url_input)
    │                 └ 'https://www.youtube.com/watch?v=ZzaPdXTrSb8'
    └ <function handle_video_load at 0x000001F0EF7B1820>

  File "D:\OLLAMA\youtube-chatbot12\app.py", line 226, in handle_video_load
    transcript = get_transcript(video_id)
                 │              └ 'ZzaPdXTrSb8'
                 └ <function get_transcript at 0x000001F0C6343940>

> File "D:\OLLAMA\youtube-chatbot12\chatbot.py", line 77, in get_transcript
    transcript_list = YouTubeTranscriptApi.list_transcripts(video_id)
                      │                                     └ 'ZzaPdXTrSb8'
                      └ <class 'youtube_transcript_api._api.YouTubeTranscriptApi'>

AttributeError: type object 'YouTubeTranscriptApi' has no attribute 'list_transcripts'
2026-06-10 09:39:19.798 | ERROR    | __main__:handle_video_load:235 - Load failed: Transcript retrieval failed: type object 'YouTubeTranscriptApi' has no attribute 'list_transcripts'
2026-06-10 09:39:19.798 | ERROR    | __main__:handle_video_load:235 - Load failed: Transcript retrieval failed: type object 'YouTubeTranscriptApi' has no attribute 'list_transcripts'
2026-06-10 09:39:19.798 | ERROR    | __main__:handle_video_load:235 - Load failed: Transcript retrieval failed: type object 'YouTubeTranscriptApi' has no attribute 'list_transcripts'
2026-06-10 09:39:19.798 | ERROR    | __main__:handle_video_load:235 - Load failed: Transcript retrieval failed: type object 'YouTubeTranscriptApi' has no attribute 'list_transcripts'
2026-06-10 09:39:19.798 | ERROR    | __main__:handle_video_load:235 - Load failed: Transcript retrieval failed: type object 'YouTubeTranscriptApi' has no attribute 'list_transcripts'
2026-06-10 09:39:19.798 | ERROR    | __main__:handle_video_load:235 - Load failed: Transcript retrieval failed: type object 'YouTubeTranscriptApi' has no attribute 'list_transcripts'
2026-06-10 09:39:19.798 | ERROR    | __main__:handle_video_load:235 - Load failed: Transcript retrieval failed: type object 'YouTubeTranscriptApi' has no attribute 'list_transcripts'
2026-06-10 09:39:19.798 | ERROR    | __main__:handle_video_load:235 - Load failed: Transcript retrieval failed: type object 'YouTubeTranscriptApi' has no attribute 'list_transcripts'
2026-06-10 09:39:19.798 | ERROR    | __main__:handle_video_load:235 - Load failed: Transcript retrieval failed: type object 'YouTubeTranscriptApi' has no attribute 'list_transcripts'
2026-06-10 09:39:19.798 | ERROR    | __main__:handle_video_load:235 - Load failed: Transcript retrieval failed: type object 'YouTubeTranscriptApi' has no attribute 'list_transcripts'
2026-06-10 09:39:19.798 | ERROR    | __main__:handle_video_load:235 - Load failed: Transcript retrieval failed: type object 'YouTubeTranscriptApi' has no attribute 'list_transcripts'
2026-06-10 09:39:19.798 | ERROR    | __main__:handle_video_load:235 - Load failed: Transcript retrieval failed: type object 'YouTubeTranscriptApi' has no attribute 'list_transcripts'
2026-06-10 09:39:19.798 | ERROR    | __main__:handle_video_load:235 - Load failed: Transcript retrieval failed: type object 'YouTubeTranscriptApi' has no attribute 'list_transcripts'
2026-06-10 09:39:19.798 | ERROR    | __main__:handle_video_load:235 - Load failed: Transcript retrieval failed: type object 'YouTubeTranscriptApi' has no attribute 'list_transcripts'
2026-06-10 09:39:19.798 | ERROR    | __main__:handle_video_load:235 - Load failed: Transcript retrieval failed: type object 'YouTubeTranscriptApi' has no attribute 'list_transcripts'
2026-06-10 09:39:19.903 | INFO     | chatbot:get_transcript:73 - Fetching transcript for video_id: ZzaPdXTrSb8
2026-06-10 09:39:19.903 | INFO     | chatbot:get_transcript:73 - Fetching transcript for video_id: ZzaPdXTrSb8
2026-06-10 09:39:19.903 | INFO     | chatbot:get_transcript:73 - Fetching transcript for video_id: ZzaPdXTrSb8
2026-06-10 09:39:19.903 | INFO     | chatbot:get_transcript:73 - Fetching transcript for video_id: ZzaPdXTrSb8
2026-06-10 09:39:19.903 | INFO     | chatbot:get_transcript:73 - Fetching transcript for video_id: ZzaPdXTrSb8
2026-06-10 09:39:19.903 | INFO     | chatbot:get_transcript:73 - Fetching transcript for video_id: ZzaPdXTrSb8
2026-06-10 09:39:19.903 | INFO     | chatbot:get_transcript:73 - Fetching transcript for video_id: ZzaPdXTrSb8
2026-06-10 09:39:19.903 | INFO     | chatbot:get_transcript:73 - Fetching transcript for video_id: ZzaPdXTrSb8
2026-06-10 09:39:19.903 | INFO     | chatbot:get_transcript:73 - Fetching transcript for video_id: ZzaPdXTrSb8
2026-06-10 09:39:19.903 | INFO     | chatbot:get_transcript:73 - Fetching transcript for video_id: ZzaPdXTrSb8
2026-06-10 09:39:19.903 | INFO     | chatbot:get_transcript:73 - Fetching transcript for video_id: ZzaPdXTrSb8
2026-06-10 09:39:19.903 | INFO     | chatbot:get_transcript:73 - Fetching transcript for video_id: ZzaPdXTrSb8
2026-06-10 09:39:19.903 | INFO     | chatbot:get_transcript:73 - Fetching transcript for video_id: ZzaPdXTrSb8
2026-06-10 09:39:19.903 | INFO     | chatbot:get_transcript:73 - Fetching transcript for video_id: ZzaPdXTrSb8
2026-06-10 09:39:19.903 | INFO     | chatbot:get_transcript:73 - Fetching transcript for video_id: ZzaPdXTrSb8
2026-06-10 09:39:19.903 | INFO     | chatbot:get_transcript:73 - Fetching transcript for video_id: ZzaPdXTrSb8
2026-06-10 09:39:19.907 | ERROR    | chatbot:get_transcript:104 - Unexpected error fetching transcript for ZzaPdXTrSb8
Traceback (most recent call last):

  File "C:\Users\abdul\AppData\Local\Programs\Python\Python38\lib\threading.py", line 890, in _bootstrap
    self._bootstrap_inner()
    │    └ <function Thread._bootstrap_inner at 0x000001F0C29FC040>
    └ <Thread(ScriptRunner.scriptThread, started 35884)>

  File "C:\Users\abdul\AppData\Local\Programs\Python\Python38\lib\threading.py", line 932, in _bootstrap_inner
    self.run()
    │    └ <function Thread.run at 0x000001F0C29FBD30>
    └ <Thread(ScriptRunner.scriptThread, started 35884)>

  File "C:\Users\abdul\AppData\Local\Programs\Python\Python38\lib\threading.py", line 870, in run
    self._target(*self._args, **self._kwargs)
    │    │        │    │        │    └ {}
    │    │        │    │        └ <Thread(ScriptRunner.scriptThread, started 35884)>
    │    │        │    └ ()
    │    │        └ <Thread(ScriptRunner.scriptThread, started 35884)>
    │    └ <bound method ScriptRunner._run_script_thread of ScriptRunner(_session_id='e046047c-0409-44dc-ac03-934ca8134b68', _main_scrip...
    └ <Thread(ScriptRunner.scriptThread, started 35884)>

  File "C:\Users\abdul\AppData\Local\Programs\Python\Python38\lib\site-packages\streamlit\runtime\scriptrunner\script_runner.py", line 320, in _run_script_thread
    self._run_script(request.rerun_data)
    │    │           │       └ <property object at 0x000001F0C4E27AE0>
    │    │           └ ScriptRequest(type=<ScriptRequestType.RERUN: 'RERUN'>, _rerun_data=RerunData(widget_states=widgets {
    │    │               id: "$$ID-38bab446a52e...
    │    └ <function ScriptRunner._run_script at 0x000001F0C4F033A0>
    └ ScriptRunner(_session_id='e046047c-0409-44dc-ac03-934ca8134b68', _main_script_path='app.py', _session_state={num_chunks: 0, m...

  File "C:\Users\abdul\AppData\Local\Programs\Python\Python38\lib\site-packages\streamlit\runtime\scriptrunner\script_runner.py", line 595, in _run_script
    ) = exec_func_with_error_handling(code_to_exec, ctx)
        │                             │             └ ScriptRunContext(session_id='e046047c-0409-44dc-ac03-934ca8134b68', _enqueue=<bound method ScriptRunner._enqueue_forward_msg ...
        │                             └ <function ScriptRunner._run_script.<locals>.code_to_exec at 0x000001F0EF7B1280>
        └ <function exec_func_with_error_handling at 0x000001F0C4E76DC0>

  File "C:\Users\abdul\AppData\Local\Programs\Python\Python38\lib\site-packages\streamlit\runtime\scriptrunner\exec_code.py", line 88, in exec_func_with_error_handling
    result = func()
             └ <function ScriptRunner._run_script.<locals>.code_to_exec at 0x000001F0EF7B1280>

  File "C:\Users\abdul\AppData\Local\Programs\Python\Python38\lib\site-packages\streamlit\runtime\scriptrunner\script_runner.py", line 579, in code_to_exec
    exec(code, module.__dict__)
         │     │      └ <member '__dict__' of 'module' objects>
         │     └ <module '__main__' from 'D:\\OLLAMA\\youtube-chatbot12\\app.py'>
         └ <code object <module> at 0x000001F0C6335BE0, file "D:\OLLAMA\youtube-chatbot12\app.py", line 1>

  File "D:\OLLAMA\youtube-chatbot12\app.py", line 252, in <module>
    handle_video_load(video_url_input)
    │                 └ 'https://www.youtube.com/watch?v=ZzaPdXTrSb8'
    └ <function handle_video_load at 0x000001F0EF7B1C10>

  File "D:\OLLAMA\youtube-chatbot12\app.py", line 226, in handle_video_load
    transcript = get_transcript(video_id)
                 │              └ 'ZzaPdXTrSb8'
                 └ <function get_transcript at 0x000001F0C6343940>

> File "D:\OLLAMA\youtube-chatbot12\chatbot.py", line 77, in get_transcript
    transcript_list = YouTubeTranscriptApi.list_transcripts(video_id)
                      │                                     └ 'ZzaPdXTrSb8'
                      └ <class 'youtube_transcript_api._api.YouTubeTranscriptApi'>

AttributeError: type object 'YouTubeTranscriptApi' has no attribute 'list_transcripts'
2026-06-10 09:39:19.907 | ERROR    | chatbot:get_transcript:104 - Unexpected error fetching transcript for ZzaPdXTrSb8
Traceback (most recent call last):

  File "C:\Users\abdul\AppData\Local\Programs\Python\Python38\lib\threading.py", line 890, in _bootstrap
    self._bootstrap_inner()
    │    └ <function Thread._bootstrap_inner at 0x000001F0C29FC040>
    └ <Thread(ScriptRunner.scriptThread, started 35884)>

  File "C:\Users\abdul\AppData\Local\Programs\Python\Python38\lib\threading.py", line 932, in _bootstrap_inner
    self.run()
    │    └ <function Thread.run at 0x000001F0C29FBD30>
    └ <Thread(ScriptRunner.scriptThread, started 35884)>

  File "C:\Users\abdul\AppData\Local\Programs\Python\Python38\lib\threading.py", line 870, in run
    self._target(*self._args, **self._kwargs)
    │    │        │    │        │    └ {}
    │    │        │    │        └ <Thread(ScriptRunner.scriptThread, started 35884)>
    │    │        │    └ ()
    │    │        └ <Thread(ScriptRunner.scriptThread, started 35884)>
    │    └ <bound method ScriptRunner._run_script_thread of ScriptRunner(_session_id='e046047c-0409-44dc-ac03-934ca8134b68', _main_scrip...
    └ <Thread(ScriptRunner.scriptThread, started 35884)>

  File "C:\Users\abdul\AppData\Local\Programs\Python\Python38\lib\site-packages\streamlit\runtime\scriptrunner\script_runner.py", line 320, in _run_script_thread
    self._run_script(request.rerun_data)
    │    │           │       └ <property object at 0x000001F0C4E27AE0>
    │    │           └ ScriptRequest(type=<ScriptRequestType.RERUN: 'RERUN'>, _rerun_data=RerunData(widget_states=widgets {
    │    │               id: "$$ID-38bab446a52e...
    │    └ <function ScriptRunner._run_script at 0x000001F0C4F033A0>
    └ ScriptRunner(_session_id='e046047c-0409-44dc-ac03-934ca8134b68', _main_script_path='app.py', _session_state={num_chunks: 0, m...

  File "C:\Users\abdul\AppData\Local\Programs\Python\Python38\lib\site-packages\streamlit\runtime\scriptrunner\script_runner.py", line 595, in _run_script
    ) = exec_func_with_error_handling(code_to_exec, ctx)
        │                             │             └ ScriptRunContext(session_id='e046047c-0409-44dc-ac03-934ca8134b68', _enqueue=<bound method ScriptRunner._enqueue_forward_msg ...
        │                             └ <function ScriptRunner._run_script.<locals>.code_to_exec at 0x000001F0EF7B1280>
        └ <function exec_func_with_error_handling at 0x000001F0C4E76DC0>

  File "C:\Users\abdul\AppData\Local\Programs\Python\Python38\lib\site-packages\streamlit\runtime\scriptrunner\exec_code.py", line 88, in exec_func_with_error_handling
    result = func()
             └ <function ScriptRunner._run_script.<locals>.code_to_exec at 0x000001F0EF7B1280>

  File "C:\Users\abdul\AppData\Local\Programs\Python\Python38\lib\site-packages\streamlit\runtime\scriptrunner\script_runner.py", line 579, in code_to_exec
    exec(code, module.__dict__)
         │     │      └ <member '__dict__' of 'module' objects>
         │     └ <module '__main__' from 'D:\\OLLAMA\\youtube-chatbot12\\app.py'>
         └ <code object <module> at 0x000001F0C6335BE0, file "D:\OLLAMA\youtube-chatbot12\app.py", line 1>

  File "D:\OLLAMA\youtube-chatbot12\app.py", line 252, in <module>
    handle_video_load(video_url_input)
    │                 └ 'https://www.youtube.com/watch?v=ZzaPdXTrSb8'
    └ <function handle_video_load at 0x000001F0EF7B1C10>

  File "D:\OLLAMA\youtube-chatbot12\app.py", line 226, in handle_video_load
    transcript = get_transcript(video_id)
                 │              └ 'ZzaPdXTrSb8'
                 └ <function get_transcript at 0x000001F0C6343940>

> File "D:\OLLAMA\youtube-chatbot12\chatbot.py", line 77, in get_transcript
    transcript_list = YouTubeTranscriptApi.list_transcripts(video_id)
                      │                                     └ 'ZzaPdXTrSb8'
                      └ <class 'youtube_transcript_api._api.YouTubeTranscriptApi'>

AttributeError: type object 'YouTubeTranscriptApi' has no attribute 'list_transcripts'
2026-06-10 09:39:19.907 | ERROR    | chatbot:get_transcript:104 - Unexpected error fetching transcript for ZzaPdXTrSb8
Traceback (most recent call last):

  File "C:\Users\abdul\AppData\Local\Programs\Python\Python38\lib\threading.py", line 890, in _bootstrap
    self._bootstrap_inner()
    │    └ <function Thread._bootstrap_inner at 0x000001F0C29FC040>
    └ <Thread(ScriptRunner.scriptThread, started 35884)>

  File "C:\Users\abdul\AppData\Local\Programs\Python\Python38\lib\threading.py", line 932, in _bootstrap_inner
    self.run()
    │    └ <function Thread.run at 0x000001F0C29FBD30>
    └ <Thread(ScriptRunner.scriptThread, started 35884)>

  File "C:\Users\abdul\AppData\Local\Programs\Python\Python38\lib\threading.py", line 870, in run
    self._target(*self._args, **self._kwargs)
    │    │        │    │        │    └ {}
    │    │        │    │        └ <Thread(ScriptRunner.scriptThread, started 35884)>
    │    │        │    └ ()
    │    │        └ <Thread(ScriptRunner.scriptThread, started 35884)>
    │    └ <bound method ScriptRunner._run_script_thread of ScriptRunner(_session_id='e046047c-0409-44dc-ac03-934ca8134b68', _main_scrip...
    └ <Thread(ScriptRunner.scriptThread, started 35884)>

  File "C:\Users\abdul\AppData\Local\Programs\Python\Python38\lib\site-packages\streamlit\runtime\scriptrunner\script_runner.py", line 320, in _run_script_thread
    self._run_script(request.rerun_data)
    │    │           │       └ <property object at 0x000001F0C4E27AE0>
    │    │           └ ScriptRequest(type=<ScriptRequestType.RERUN: 'RERUN'>, _rerun_data=RerunData(widget_states=widgets {
    │    │               id: "$$ID-38bab446a52e...
    │    └ <function ScriptRunner._run_script at 0x000001F0C4F033A0>
    └ ScriptRunner(_session_id='e046047c-0409-44dc-ac03-934ca8134b68', _main_script_path='app.py', _session_state={num_chunks: 0, m...

  File "C:\Users\abdul\AppData\Local\Programs\Python\Python38\lib\site-packages\streamlit\runtime\scriptrunner\script_runner.py", line 595, in _run_script
    ) = exec_func_with_error_handling(code_to_exec, ctx)
        │                             │             └ ScriptRunContext(session_id='e046047c-0409-44dc-ac03-934ca8134b68', _enqueue=<bound method ScriptRunner._enqueue_forward_msg ...
        │                             └ <function ScriptRunner._run_script.<locals>.code_to_exec at 0x000001F0EF7B1280>
        └ <function exec_func_with_error_handling at 0x000001F0C4E76DC0>

  File "C:\Users\abdul\AppData\Local\Programs\Python\Python38\lib\site-packages\streamlit\runtime\scriptrunner\exec_code.py", line 88, in exec_func_with_error_handling
    result = func()
             └ <function ScriptRunner._run_script.<locals>.code_to_exec at 0x000001F0EF7B1280>

  File "C:\Users\abdul\AppData\Local\Programs\Python\Python38\lib\site-packages\streamlit\runtime\scriptrunner\script_runner.py", line 579, in code_to_exec
    exec(code, module.__dict__)
         │     │      └ <member '__dict__' of 'module' objects>
         │     └ <module '__main__' from 'D:\\OLLAMA\\youtube-chatbot12\\app.py'>
         └ <code object <module> at 0x000001F0C6335BE0, file "D:\OLLAMA\youtube-chatbot12\app.py", line 1>

  File "D:\OLLAMA\youtube-chatbot12\app.py", line 252, in <module>
    handle_video_load(video_url_input)
    │                 └ 'https://www.youtube.com/watch?v=ZzaPdXTrSb8'
    └ <function handle_video_load at 0x000001F0EF7B1C10>

  File "D:\OLLAMA\youtube-chatbot12\app.py", line 226, in handle_video_load
    transcript = get_transcript(video_id)
                 │              └ 'ZzaPdXTrSb8'
                 └ <function get_transcript at 0x000001F0C6343940>

> File "D:\OLLAMA\youtube-chatbot12\chatbot.py", line 77, in get_transcript
    transcript_list = YouTubeTranscriptApi.list_transcripts(video_id)
                      │                                     └ 'ZzaPdXTrSb8'
                      └ <class 'youtube_transcript_api._api.YouTubeTranscriptApi'>

AttributeError: type object 'YouTubeTranscriptApi' has no attribute 'list_transcripts'
2026-06-10 09:39:19.907 | ERROR    | chatbot:get_transcript:104 - Unexpected error fetching transcript for ZzaPdXTrSb8
Traceback (most recent call last):

  File "C:\Users\abdul\AppData\Local\Programs\Python\Python38\lib\threading.py", line 890, in _bootstrap
    self._bootstrap_inner()
    │    └ <function Thread._bootstrap_inner at 0x000001F0C29FC040>
    └ <Thread(ScriptRunner.scriptThread, started 35884)>

  File "C:\Users\abdul\AppData\Local\Programs\Python\Python38\lib\threading.py", line 932, in _bootstrap_inner
    self.run()
    │    └ <function Thread.run at 0x000001F0C29FBD30>
    └ <Thread(ScriptRunner.scriptThread, started 35884)>

  File "C:\Users\abdul\AppData\Local\Programs\Python\Python38\lib\threading.py", line 870, in run
    self._target(*self._args, **self._kwargs)
    │    │        │    │        │    └ {}
    │    │        │    │        └ <Thread(ScriptRunner.scriptThread, started 35884)>
    │    │        │    └ ()
    │    │        └ <Thread(ScriptRunner.scriptThread, started 35884)>
    │    └ <bound method ScriptRunner._run_script_thread of ScriptRunner(_session_id='e046047c-0409-44dc-ac03-934ca8134b68', _main_scrip...
    └ <Thread(ScriptRunner.scriptThread, started 35884)>

  File "C:\Users\abdul\AppData\Local\Programs\Python\Python38\lib\site-packages\streamlit\runtime\scriptrunner\script_runner.py", line 320, in _run_script_thread
    self._run_script(request.rerun_data)
    │    │           │       └ <property object at 0x000001F0C4E27AE0>
    │    │           └ ScriptRequest(type=<ScriptRequestType.RERUN: 'RERUN'>, _rerun_data=RerunData(widget_states=widgets {
    │    │               id: "$$ID-38bab446a52e...
    │    └ <function ScriptRunner._run_script at 0x000001F0C4F033A0>
    └ ScriptRunner(_session_id='e046047c-0409-44dc-ac03-934ca8134b68', _main_script_path='app.py', _session_state={num_chunks: 0, m...

  File "C:\Users\abdul\AppData\Local\Programs\Python\Python38\lib\site-packages\streamlit\runtime\scriptrunner\script_runner.py", line 595, in _run_script
    ) = exec_func_with_error_handling(code_to_exec, ctx)
        │                             │             └ ScriptRunContext(session_id='e046047c-0409-44dc-ac03-934ca8134b68', _enqueue=<bound method ScriptRunner._enqueue_forward_msg ...
        │                             └ <function ScriptRunner._run_script.<locals>.code_to_exec at 0x000001F0EF7B1280>
        └ <function exec_func_with_error_handling at 0x000001F0C4E76DC0>

  File "C:\Users\abdul\AppData\Local\Programs\Python\Python38\lib\site-packages\streamlit\runtime\scriptrunner\exec_code.py", line 88, in exec_func_with_error_handling
    result = func()
             └ <function ScriptRunner._run_script.<locals>.code_to_exec at 0x000001F0EF7B1280>

  File "C:\Users\abdul\AppData\Local\Programs\Python\Python38\lib\site-packages\streamlit\runtime\scriptrunner\script_runner.py", line 579, in code_to_exec
    exec(code, module.__dict__)
         │     │      └ <member '__dict__' of 'module' objects>
         │     └ <module '__main__' from 'D:\\OLLAMA\\youtube-chatbot12\\app.py'>
         └ <code object <module> at 0x000001F0C6335BE0, file "D:\OLLAMA\youtube-chatbot12\app.py", line 1>

  File "D:\OLLAMA\youtube-chatbot12\app.py", line 252, in <module>
    handle_video_load(video_url_input)
    │                 └ 'https://www.youtube.com/watch?v=ZzaPdXTrSb8'
    └ <function handle_video_load at 0x000001F0EF7B1C10>

  File "D:\OLLAMA\youtube-chatbot12\app.py", line 226, in handle_video_load
    transcript = get_transcript(video_id)
                 │              └ 'ZzaPdXTrSb8'
                 └ <function get_transcript at 0x000001F0C6343940>

> File "D:\OLLAMA\youtube-chatbot12\chatbot.py", line 77, in get_transcript
    transcript_list = YouTubeTranscriptApi.list_transcripts(video_id)
                      │                                     └ 'ZzaPdXTrSb8'
                      └ <class 'youtube_transcript_api._api.YouTubeTranscriptApi'>

AttributeError: type object 'YouTubeTranscriptApi' has no attribute 'list_transcripts'
2026-06-10 09:39:19.907 | ERROR    | chatbot:get_transcript:104 - Unexpected error fetching transcript for ZzaPdXTrSb8
Traceback (most recent call last):

  File "C:\Users\abdul\AppData\Local\Programs\Python\Python38\lib\threading.py", line 890, in _bootstrap
    self._bootstrap_inner()
    │    └ <function Thread._bootstrap_inner at 0x000001F0C29FC040>
    └ <Thread(ScriptRunner.scriptThread, started 35884)>

  File "C:\Users\abdul\AppData\Local\Programs\Python\Python38\lib\threading.py", line 932, in _bootstrap_inner
    self.run()
    │    └ <function Thread.run at 0x000001F0C29FBD30>
    └ <Thread(ScriptRunner.scriptThread, started 35884)>

  File "C:\Users\abdul\AppData\Local\Programs\Python\Python38\lib\threading.py", line 870, in run
    self._target(*self._args, **self._kwargs)
    │    │        │    │        │    └ {}
    │    │        │    │        └ <Thread(ScriptRunner.scriptThread, started 35884)>
    │    │        │    └ ()
    │    │        └ <Thread(ScriptRunner.scriptThread, started 35884)>
    │    └ <bound method ScriptRunner._run_script_thread of ScriptRunner(_session_id='e046047c-0409-44dc-ac03-934ca8134b68', _main_scrip...
    └ <Thread(ScriptRunner.scriptThread, started 35884)>

  File "C:\Users\abdul\AppData\Local\Programs\Python\Python38\lib\site-packages\streamlit\runtime\scriptrunner\script_runner.py", line 320, in _run_script_thread
    self._run_script(request.rerun_data)
    │    │           │       └ <property object at 0x000001F0C4E27AE0>
    │    │           └ ScriptRequest(type=<ScriptRequestType.RERUN: 'RERUN'>, _rerun_data=RerunData(widget_states=widgets {
    │    │               id: "$$ID-38bab446a52e...
    │    └ <function ScriptRunner._run_script at 0x000001F0C4F033A0>
    └ ScriptRunner(_session_id='e046047c-0409-44dc-ac03-934ca8134b68', _main_script_path='app.py', _session_state={num_chunks: 0, m...

  File "C:\Users\abdul\AppData\Local\Programs\Python\Python38\lib\site-packages\streamlit\runtime\scriptrunner\script_runner.py", line 595, in _run_script
    ) = exec_func_with_error_handling(code_to_exec, ctx)
        │                             │             └ ScriptRunContext(session_id='e046047c-0409-44dc-ac03-934ca8134b68', _enqueue=<bound method ScriptRunner._enqueue_forward_msg ...
        │                             └ <function ScriptRunner._run_script.<locals>.code_to_exec at 0x000001F0EF7B1280>
        └ <function exec_func_with_error_handling at 0x000001F0C4E76DC0>

  File "C:\Users\abdul\AppData\Local\Programs\Python\Python38\lib\site-packages\streamlit\runtime\scriptrunner\exec_code.py", line 88, in exec_func_with_error_handling
    result = func()
             └ <function ScriptRunner._run_script.<locals>.code_to_exec at 0x000001F0EF7B1280>

  File "C:\Users\abdul\AppData\Local\Programs\Python\Python38\lib\site-packages\streamlit\runtime\scriptrunner\script_runner.py", line 579, in code_to_exec
    exec(code, module.__dict__)
         │     │      └ <member '__dict__' of 'module' objects>
         │     └ <module '__main__' from 'D:\\OLLAMA\\youtube-chatbot12\\app.py'>
         └ <code object <module> at 0x000001F0C6335BE0, file "D:\OLLAMA\youtube-chatbot12\app.py", line 1>

  File "D:\OLLAMA\youtube-chatbot12\app.py", line 252, in <module>
    handle_video_load(video_url_input)
    │                 └ 'https://www.youtube.com/watch?v=ZzaPdXTrSb8'
    └ <function handle_video_load at 0x000001F0EF7B1C10>

  File "D:\OLLAMA\youtube-chatbot12\app.py", line 226, in handle_video_load
    transcript = get_transcript(video_id)
                 │              └ 'ZzaPdXTrSb8'
                 └ <function get_transcript at 0x000001F0C6343940>

> File "D:\OLLAMA\youtube-chatbot12\chatbot.py", line 77, in get_transcript
    transcript_list = YouTubeTranscriptApi.list_transcripts(video_id)
                      │                                     └ 'ZzaPdXTrSb8'
                      └ <class 'youtube_transcript_api._api.YouTubeTranscriptApi'>

AttributeError: type object 'YouTubeTranscriptApi' has no attribute 'list_transcripts'
2026-06-10 09:39:19.907 | ERROR    | chatbot:get_transcript:104 - Unexpected error fetching transcript for ZzaPdXTrSb8
Traceback (most recent call last):

  File "C:\Users\abdul\AppData\Local\Programs\Python\Python38\lib\threading.py", line 890, in _bootstrap
    self._bootstrap_inner()
    │    └ <function Thread._bootstrap_inner at 0x000001F0C29FC040>
    └ <Thread(ScriptRunner.scriptThread, started 35884)>

  File "C:\Users\abdul\AppData\Local\Programs\Python\Python38\lib\threading.py", line 932, in _bootstrap_inner
    self.run()
    │    └ <function Thread.run at 0x000001F0C29FBD30>
    └ <Thread(ScriptRunner.scriptThread, started 35884)>

  File "C:\Users\abdul\AppData\Local\Programs\Python\Python38\lib\threading.py", line 870, in run
    self._target(*self._args, **self._kwargs)
    │    │        │    │        │    └ {}
    │    │        │    │        └ <Thread(ScriptRunner.scriptThread, started 35884)>
    │    │        │    └ ()
    │    │        └ <Thread(ScriptRunner.scriptThread, started 35884)>
    │    └ <bound method ScriptRunner._run_script_thread of ScriptRunner(_session_id='e046047c-0409-44dc-ac03-934ca8134b68', _main_scrip...
    └ <Thread(ScriptRunner.scriptThread, started 35884)>

  File "C:\Users\abdul\AppData\Local\Programs\Python\Python38\lib\site-packages\streamlit\runtime\scriptrunner\script_runner.py", line 320, in _run_script_thread
    self._run_script(request.rerun_data)
    │    │           │       └ <property object at 0x000001F0C4E27AE0>
    │    │           └ ScriptRequest(type=<ScriptRequestType.RERUN: 'RERUN'>, _rerun_data=RerunData(widget_states=widgets {
    │    │               id: "$$ID-38bab446a52e...
    │    └ <function ScriptRunner._run_script at 0x000001F0C4F033A0>
    └ ScriptRunner(_session_id='e046047c-0409-44dc-ac03-934ca8134b68', _main_script_path='app.py', _session_state={num_chunks: 0, m...

  File "C:\Users\abdul\AppData\Local\Programs\Python\Python38\lib\site-packages\streamlit\runtime\scriptrunner\script_runner.py", line 595, in _run_script
    ) = exec_func_with_error_handling(code_to_exec, ctx)
        │                             │             └ ScriptRunContext(session_id='e046047c-0409-44dc-ac03-934ca8134b68', _enqueue=<bound method ScriptRunner._enqueue_forward_msg ...
        │                             └ <function ScriptRunner._run_script.<locals>.code_to_exec at 0x000001F0EF7B1280>
        └ <function exec_func_with_error_handling at 0x000001F0C4E76DC0>

  File "C:\Users\abdul\AppData\Local\Programs\Python\Python38\lib\site-packages\streamlit\runtime\scriptrunner\exec_code.py", line 88, in exec_func_with_error_handling
    result = func()
             └ <function ScriptRunner._run_script.<locals>.code_to_exec at 0x000001F0EF7B1280>

  File "C:\Users\abdul\AppData\Local\Programs\Python\Python38\lib\site-packages\streamlit\runtime\scriptrunner\script_runner.py", line 579, in code_to_exec
    exec(code, module.__dict__)
         │     │      └ <member '__dict__' of 'module' objects>
         │     └ <module '__main__' from 'D:\\OLLAMA\\youtube-chatbot12\\app.py'>
         └ <code object <module> at 0x000001F0C6335BE0, file "D:\OLLAMA\youtube-chatbot12\app.py", line 1>

  File "D:\OLLAMA\youtube-chatbot12\app.py", line 252, in <module>
    handle_video_load(video_url_input)
    │                 └ 'https://www.youtube.com/watch?v=ZzaPdXTrSb8'
    └ <function handle_video_load at 0x000001F0EF7B1C10>

  File "D:\OLLAMA\youtube-chatbot12\app.py", line 226, in handle_video_load
    transcript = get_transcript(video_id)
                 │              └ 'ZzaPdXTrSb8'
                 └ <function get_transcript at 0x000001F0C6343940>

> File "D:\OLLAMA\youtube-chatbot12\chatbot.py", line 77, in get_transcript
    transcript_list = YouTubeTranscriptApi.list_transcripts(video_id)
                      │                                     └ 'ZzaPdXTrSb8'
                      └ <class 'youtube_transcript_api._api.YouTubeTranscriptApi'>

AttributeError: type object 'YouTubeTranscriptApi' has no attribute 'list_transcripts'
2026-06-10 09:39:19.907 | ERROR    | chatbot:get_transcript:104 - Unexpected error fetching transcript for ZzaPdXTrSb8
Traceback (most recent call last):

  File "C:\Users\abdul\AppData\Local\Programs\Python\Python38\lib\threading.py", line 890, in _bootstrap
    self._bootstrap_inner()
    │    └ <function Thread._bootstrap_inner at 0x000001F0C29FC040>
    └ <Thread(ScriptRunner.scriptThread, started 35884)>

  File "C:\Users\abdul\AppData\Local\Programs\Python\Python38\lib\threading.py", line 932, in _bootstrap_inner
    self.run()
    │    └ <function Thread.run at 0x000001F0C29FBD30>
    └ <Thread(ScriptRunner.scriptThread, started 35884)>

  File "C:\Users\abdul\AppData\Local\Programs\Python\Python38\lib\threading.py", line 870, in run
    self._target(*self._args, **self._kwargs)
    │    │        │    │        │    └ {}
    │    │        │    │        └ <Thread(ScriptRunner.scriptThread, started 35884)>
    │    │        │    └ ()
    │    │        └ <Thread(ScriptRunner.scriptThread, started 35884)>
    │    └ <bound method ScriptRunner._run_script_thread of ScriptRunner(_session_id='e046047c-0409-44dc-ac03-934ca8134b68', _main_scrip...
    └ <Thread(ScriptRunner.scriptThread, started 35884)>

  File "C:\Users\abdul\AppData\Local\Programs\Python\Python38\lib\site-packages\streamlit\runtime\scriptrunner\script_runner.py", line 320, in _run_script_thread
    self._run_script(request.rerun_data)
    │    │           │       └ <property object at 0x000001F0C4E27AE0>
    │    │           └ ScriptRequest(type=<ScriptRequestType.RERUN: 'RERUN'>, _rerun_data=RerunData(widget_states=widgets {
    │    │               id: "$$ID-38bab446a52e...
    │    └ <function ScriptRunner._run_script at 0x000001F0C4F033A0>
    └ ScriptRunner(_session_id='e046047c-0409-44dc-ac03-934ca8134b68', _main_script_path='app.py', _session_state={num_chunks: 0, m...

  File "C:\Users\abdul\AppData\Local\Programs\Python\Python38\lib\site-packages\streamlit\runtime\scriptrunner\script_runner.py", line 595, in _run_script
    ) = exec_func_with_error_handling(code_to_exec, ctx)
        │                             │             └ ScriptRunContext(session_id='e046047c-0409-44dc-ac03-934ca8134b68', _enqueue=<bound method ScriptRunner._enqueue_forward_msg ...
        │                             └ <function ScriptRunner._run_script.<locals>.code_to_exec at 0x000001F0EF7B1280>
        └ <function exec_func_with_error_handling at 0x000001F0C4E76DC0>

  File "C:\Users\abdul\AppData\Local\Programs\Python\Python38\lib\site-packages\streamlit\runtime\scriptrunner\exec_code.py", line 88, in exec_func_with_error_handling
    result = func()
             └ <function ScriptRunner._run_script.<locals>.code_to_exec at 0x000001F0EF7B1280>

  File "C:\Users\abdul\AppData\Local\Programs\Python\Python38\lib\site-packages\streamlit\runtime\scriptrunner\script_runner.py", line 579, in code_to_exec
    exec(code, module.__dict__)
         │     │      └ <member '__dict__' of 'module' objects>
         │     └ <module '__main__' from 'D:\\OLLAMA\\youtube-chatbot12\\app.py'>
         └ <code object <module> at 0x000001F0C6335BE0, file "D:\OLLAMA\youtube-chatbot12\app.py", line 1>

  File "D:\OLLAMA\youtube-chatbot12\app.py", line 252, in <module>
    handle_video_load(video_url_input)
    │                 └ 'https://www.youtube.com/watch?v=ZzaPdXTrSb8'
    └ <function handle_video_load at 0x000001F0EF7B1C10>

  File "D:\OLLAMA\youtube-chatbot12\app.py", line 226, in handle_video_load
    transcript = get_transcript(video_id)
                 │              └ 'ZzaPdXTrSb8'
                 └ <function get_transcript at 0x000001F0C6343940>

> File "D:\OLLAMA\youtube-chatbot12\chatbot.py", line 77, in get_transcript
    transcript_list = YouTubeTranscriptApi.list_transcripts(video_id)
                      │                                     └ 'ZzaPdXTrSb8'
                      └ <class 'youtube_transcript_api._api.YouTubeTranscriptApi'>

AttributeError: type object 'YouTubeTranscriptApi' has no attribute 'list_transcripts'
2026-06-10 09:39:19.907 | ERROR    | chatbot:get_transcript:104 - Unexpected error fetching transcript for ZzaPdXTrSb8
Traceback (most recent call last):

  File "C:\Users\abdul\AppData\Local\Programs\Python\Python38\lib\threading.py", line 890, in _bootstrap
    self._bootstrap_inner()
    │    └ <function Thread._bootstrap_inner at 0x000001F0C29FC040>
    └ <Thread(ScriptRunner.scriptThread, started 35884)>

  File "C:\Users\abdul\AppData\Local\Programs\Python\Python38\lib\threading.py", line 932, in _bootstrap_inner
    self.run()
    │    └ <function Thread.run at 0x000001F0C29FBD30>
    └ <Thread(ScriptRunner.scriptThread, started 35884)>

  File "C:\Users\abdul\AppData\Local\Programs\Python\Python38\lib\threading.py", line 870, in run
    self._target(*self._args, **self._kwargs)
    │    │        │    │        │    └ {}
    │    │        │    │        └ <Thread(ScriptRunner.scriptThread, started 35884)>
    │    │        │    └ ()
    │    │        └ <Thread(ScriptRunner.scriptThread, started 35884)>
    │    └ <bound method ScriptRunner._run_script_thread of ScriptRunner(_session_id='e046047c-0409-44dc-ac03-934ca8134b68', _main_scrip...
    └ <Thread(ScriptRunner.scriptThread, started 35884)>

  File "C:\Users\abdul\AppData\Local\Programs\Python\Python38\lib\site-packages\streamlit\runtime\scriptrunner\script_runner.py", line 320, in _run_script_thread
    self._run_script(request.rerun_data)
    │    │           │       └ <property object at 0x000001F0C4E27AE0>
    │    │           └ ScriptRequest(type=<ScriptRequestType.RERUN: 'RERUN'>, _rerun_data=RerunData(widget_states=widgets {
    │    │               id: "$$ID-38bab446a52e...
    │    └ <function ScriptRunner._run_script at 0x000001F0C4F033A0>
    └ ScriptRunner(_session_id='e046047c-0409-44dc-ac03-934ca8134b68', _main_script_path='app.py', _session_state={num_chunks: 0, m...

  File "C:\Users\abdul\AppData\Local\Programs\Python\Python38\lib\site-packages\streamlit\runtime\scriptrunner\script_runner.py", line 595, in _run_script
    ) = exec_func_with_error_handling(code_to_exec, ctx)
        │                             │             └ ScriptRunContext(session_id='e046047c-0409-44dc-ac03-934ca8134b68', _enqueue=<bound method ScriptRunner._enqueue_forward_msg ...
        │                             └ <function ScriptRunner._run_script.<locals>.code_to_exec at 0x000001F0EF7B1280>
        └ <function exec_func_with_error_handling at 0x000001F0C4E76DC0>

  File "C:\Users\abdul\AppData\Local\Programs\Python\Python38\lib\site-packages\streamlit\runtime\scriptrunner\exec_code.py", line 88, in exec_func_with_error_handling
    result = func()
             └ <function ScriptRunner._run_script.<locals>.code_to_exec at 0x000001F0EF7B1280>

  File "C:\Users\abdul\AppData\Local\Programs\Python\Python38\lib\site-packages\streamlit\runtime\scriptrunner\script_runner.py", line 579, in code_to_exec
    exec(code, module.__dict__)
         │     │      └ <member '__dict__' of 'module' objects>
         │     └ <module '__main__' from 'D:\\OLLAMA\\youtube-chatbot12\\app.py'>
         └ <code object <module> at 0x000001F0C6335BE0, file "D:\OLLAMA\youtube-chatbot12\app.py", line 1>

  File "D:\OLLAMA\youtube-chatbot12\app.py", line 252, in <module>
    handle_video_load(video_url_input)
    │                 └ 'https://www.youtube.com/watch?v=ZzaPdXTrSb8'
    └ <function handle_video_load at 0x000001F0EF7B1C10>

  File "D:\OLLAMA\youtube-chatbot12\app.py", line 226, in handle_video_load
    transcript = get_transcript(video_id)
                 │              └ 'ZzaPdXTrSb8'
                 └ <function get_transcript at 0x000001F0C6343940>

> File "D:\OLLAMA\youtube-chatbot12\chatbot.py", line 77, in get_transcript
    transcript_list = YouTubeTranscriptApi.list_transcripts(video_id)
                      │                                     └ 'ZzaPdXTrSb8'
                      └ <class 'youtube_transcript_api._api.YouTubeTranscriptApi'>

AttributeError: type object 'YouTubeTranscriptApi' has no attribute 'list_transcripts'
2026-06-10 09:39:19.907 | ERROR    | chatbot:get_transcript:104 - Unexpected error fetching transcript for ZzaPdXTrSb8
Traceback (most recent call last):

  File "C:\Users\abdul\AppData\Local\Programs\Python\Python38\lib\threading.py", line 890, in _bootstrap
    self._bootstrap_inner()
    │    └ <function Thread._bootstrap_inner at 0x000001F0C29FC040>
    └ <Thread(ScriptRunner.scriptThread, started 35884)>

  File "C:\Users\abdul\AppData\Local\Programs\Python\Python38\lib\threading.py", line 932, in _bootstrap_inner
    self.run()
    │    └ <function Thread.run at 0x000001F0C29FBD30>
    └ <Thread(ScriptRunner.scriptThread, started 35884)>

  File "C:\Users\abdul\AppData\Local\Programs\Python\Python38\lib\threading.py", line 870, in run
    self._target(*self._args, **self._kwargs)
    │    │        │    │        │    └ {}
    │    │        │    │        └ <Thread(ScriptRunner.scriptThread, started 35884)>
    │    │        │    └ ()
    │    │        └ <Thread(ScriptRunner.scriptThread, started 35884)>
    │    └ <bound method ScriptRunner._run_script_thread of ScriptRunner(_session_id='e046047c-0409-44dc-ac03-934ca8134b68', _main_scrip...
    └ <Thread(ScriptRunner.scriptThread, started 35884)>

  File "C:\Users\abdul\AppData\Local\Programs\Python\Python38\lib\site-packages\streamlit\runtime\scriptrunner\script_runner.py", line 320, in _run_script_thread
    self._run_script(request.rerun_data)
    │    │           │       └ <property object at 0x000001F0C4E27AE0>
    │    │           └ ScriptRequest(type=<ScriptRequestType.RERUN: 'RERUN'>, _rerun_data=RerunData(widget_states=widgets {
    │    │               id: "$$ID-38bab446a52e...
    │    └ <function ScriptRunner._run_script at 0x000001F0C4F033A0>
    └ ScriptRunner(_session_id='e046047c-0409-44dc-ac03-934ca8134b68', _main_script_path='app.py', _session_state={num_chunks: 0, m...

  File "C:\Users\abdul\AppData\Local\Programs\Python\Python38\lib\site-packages\streamlit\runtime\scriptrunner\script_runner.py", line 595, in _run_script
    ) = exec_func_with_error_handling(code_to_exec, ctx)
        │                             │             └ ScriptRunContext(session_id='e046047c-0409-44dc-ac03-934ca8134b68', _enqueue=<bound method ScriptRunner._enqueue_forward_msg ...
        │                             └ <function ScriptRunner._run_script.<locals>.code_to_exec at 0x000001F0EF7B1280>
        └ <function exec_func_with_error_handling at 0x000001F0C4E76DC0>

  File "C:\Users\abdul\AppData\Local\Programs\Python\Python38\lib\site-packages\streamlit\runtime\scriptrunner\exec_code.py", line 88, in exec_func_with_error_handling
    result = func()
             └ <function ScriptRunner._run_script.<locals>.code_to_exec at 0x000001F0EF7B1280>

  File "C:\Users\abdul\AppData\Local\Programs\Python\Python38\lib\site-packages\streamlit\runtime\scriptrunner\script_runner.py", line 579, in code_to_exec
    exec(code, module.__dict__)
         │     │      └ <member '__dict__' of 'module' objects>
         │     └ <module '__main__' from 'D:\\OLLAMA\\youtube-chatbot12\\app.py'>
         └ <code object <module> at 0x000001F0C6335BE0, file "D:\OLLAMA\youtube-chatbot12\app.py", line 1>

  File "D:\OLLAMA\youtube-chatbot12\app.py", line 252, in <module>
    handle_video_load(video_url_input)
    │                 └ 'https://www.youtube.com/watch?v=ZzaPdXTrSb8'
    └ <function handle_video_load at 0x000001F0EF7B1C10>

  File "D:\OLLAMA\youtube-chatbot12\app.py", line 226, in handle_video_load
    transcript = get_transcript(video_id)
                 │              └ 'ZzaPdXTrSb8'
                 └ <function get_transcript at 0x000001F0C6343940>

> File "D:\OLLAMA\youtube-chatbot12\chatbot.py", line 77, in get_transcript
    transcript_list = YouTubeTranscriptApi.list_transcripts(video_id)
                      │                                     └ 'ZzaPdXTrSb8'
                      └ <class 'youtube_transcript_api._api.YouTubeTranscriptApi'>

AttributeError: type object 'YouTubeTranscriptApi' has no attribute 'list_transcripts'
2026-06-10 09:39:19.907 | ERROR    | chatbot:get_transcript:104 - Unexpected error fetching transcript for ZzaPdXTrSb8
Traceback (most recent call last):

  File "C:\Users\abdul\AppData\Local\Programs\Python\Python38\lib\threading.py", line 890, in _bootstrap
    self._bootstrap_inner()
    │    └ <function Thread._bootstrap_inner at 0x000001F0C29FC040>
    └ <Thread(ScriptRunner.scriptThread, started 35884)>

  File "C:\Users\abdul\AppData\Local\Programs\Python\Python38\lib\threading.py", line 932, in _bootstrap_inner
    self.run()
    │    └ <function Thread.run at 0x000001F0C29FBD30>
    └ <Thread(ScriptRunner.scriptThread, started 35884)>

  File "C:\Users\abdul\AppData\Local\Programs\Python\Python38\lib\threading.py", line 870, in run
    self._target(*self._args, **self._kwargs)
    │    │        │    │        │    └ {}
    │    │        │    │        └ <Thread(ScriptRunner.scriptThread, started 35884)>
    │    │        │    └ ()
    │    │        └ <Thread(ScriptRunner.scriptThread, started 35884)>
    │    └ <bound method ScriptRunner._run_script_thread of ScriptRunner(_session_id='e046047c-0409-44dc-ac03-934ca8134b68', _main_scrip...
    └ <Thread(ScriptRunner.scriptThread, started 35884)>

  File "C:\Users\abdul\AppData\Local\Programs\Python\Python38\lib\site-packages\streamlit\runtime\scriptrunner\script_runner.py", line 320, in _run_script_thread
    self._run_script(request.rerun_data)
    │    │           │       └ <property object at 0x000001F0C4E27AE0>
    │    │           └ ScriptRequest(type=<ScriptRequestType.RERUN: 'RERUN'>, _rerun_data=RerunData(widget_states=widgets {
    │    │               id: "$$ID-38bab446a52e...
    │    └ <function ScriptRunner._run_script at 0x000001F0C4F033A0>
    └ ScriptRunner(_session_id='e046047c-0409-44dc-ac03-934ca8134b68', _main_script_path='app.py', _session_state={num_chunks: 0, m...

  File "C:\Users\abdul\AppData\Local\Programs\Python\Python38\lib\site-packages\streamlit\runtime\scriptrunner\script_runner.py", line 595, in _run_script
    ) = exec_func_with_error_handling(code_to_exec, ctx)
        │                             │             └ ScriptRunContext(session_id='e046047c-0409-44dc-ac03-934ca8134b68', _enqueue=<bound method ScriptRunner._enqueue_forward_msg ...
        │                             └ <function ScriptRunner._run_script.<locals>.code_to_exec at 0x000001F0EF7B1280>
        └ <function exec_func_with_error_handling at 0x000001F0C4E76DC0>

  File "C:\Users\abdul\AppData\Local\Programs\Python\Python38\lib\site-packages\streamlit\runtime\scriptrunner\exec_code.py", line 88, in exec_func_with_error_handling
    result = func()
             └ <function ScriptRunner._run_script.<locals>.code_to_exec at 0x000001F0EF7B1280>

  File "C:\Users\abdul\AppData\Local\Programs\Python\Python38\lib\site-packages\streamlit\runtime\scriptrunner\script_runner.py", line 579, in code_to_exec
    exec(code, module.__dict__)
         │     │      └ <member '__dict__' of 'module' objects>
         │     └ <module '__main__' from 'D:\\OLLAMA\\youtube-chatbot12\\app.py'>
         └ <code object <module> at 0x000001F0C6335BE0, file "D:\OLLAMA\youtube-chatbot12\app.py", line 1>

  File "D:\OLLAMA\youtube-chatbot12\app.py", line 252, in <module>
    handle_video_load(video_url_input)
    │                 └ 'https://www.youtube.com/watch?v=ZzaPdXTrSb8'
    └ <function handle_video_load at 0x000001F0EF7B1C10>

  File "D:\OLLAMA\youtube-chatbot12\app.py", line 226, in handle_video_load
    transcript = get_transcript(video_id)
                 │              └ 'ZzaPdXTrSb8'
                 └ <function get_transcript at 0x000001F0C6343940>

> File "D:\OLLAMA\youtube-chatbot12\chatbot.py", line 77, in get_transcript
    transcript_list = YouTubeTranscriptApi.list_transcripts(video_id)
                      │                                     └ 'ZzaPdXTrSb8'
                      └ <class 'youtube_transcript_api._api.YouTubeTranscriptApi'>

AttributeError: type object 'YouTubeTranscriptApi' has no attribute 'list_transcripts'
2026-06-10 09:39:19.907 | ERROR    | chatbot:get_transcript:104 - Unexpected error fetching transcript for ZzaPdXTrSb8
Traceback (most recent call last):

  File "C:\Users\abdul\AppData\Local\Programs\Python\Python38\lib\threading.py", line 890, in _bootstrap
    self._bootstrap_inner()
    │    └ <function Thread._bootstrap_inner at 0x000001F0C29FC040>
    └ <Thread(ScriptRunner.scriptThread, started 35884)>

  File "C:\Users\abdul\AppData\Local\Programs\Python\Python38\lib\threading.py", line 932, in _bootstrap_inner
    self.run()
    │    └ <function Thread.run at 0x000001F0C29FBD30>
    └ <Thread(ScriptRunner.scriptThread, started 35884)>

  File "C:\Users\abdul\AppData\Local\Programs\Python\Python38\lib\threading.py", line 870, in run
    self._target(*self._args, **self._kwargs)
    │    │        │    │        │    └ {}
    │    │        │    │        └ <Thread(ScriptRunner.scriptThread, started 35884)>
    │    │        │    └ ()
    │    │        └ <Thread(ScriptRunner.scriptThread, started 35884)>
    │    └ <bound method ScriptRunner._run_script_thread of ScriptRunner(_session_id='e046047c-0409-44dc-ac03-934ca8134b68', _main_scrip...
    └ <Thread(ScriptRunner.scriptThread, started 35884)>

  File "C:\Users\abdul\AppData\Local\Programs\Python\Python38\lib\site-packages\streamlit\runtime\scriptrunner\script_runner.py", line 320, in _run_script_thread
    self._run_script(request.rerun_data)
    │    │           │       └ <property object at 0x000001F0C4E27AE0>
    │    │           └ ScriptRequest(type=<ScriptRequestType.RERUN: 'RERUN'>, _rerun_data=RerunData(widget_states=widgets {
    │    │               id: "$$ID-38bab446a52e...
    │    └ <function ScriptRunner._run_script at 0x000001F0C4F033A0>
    └ ScriptRunner(_session_id='e046047c-0409-44dc-ac03-934ca8134b68', _main_script_path='app.py', _session_state={num_chunks: 0, m...

  File "C:\Users\abdul\AppData\Local\Programs\Python\Python38\lib\site-packages\streamlit\runtime\scriptrunner\script_runner.py", line 595, in _run_script
    ) = exec_func_with_error_handling(code_to_exec, ctx)
        │                             │             └ ScriptRunContext(session_id='e046047c-0409-44dc-ac03-934ca8134b68', _enqueue=<bound method ScriptRunner._enqueue_forward_msg ...
        │                             └ <function ScriptRunner._run_script.<locals>.code_to_exec at 0x000001F0EF7B1280>
        └ <function exec_func_with_error_handling at 0x000001F0C4E76DC0>

  File "C:\Users\abdul\AppData\Local\Programs\Python\Python38\lib\site-packages\streamlit\runtime\scriptrunner\exec_code.py", line 88, in exec_func_with_error_handling
    result = func()
             └ <function ScriptRunner._run_script.<locals>.code_to_exec at 0x000001F0EF7B1280>

  File "C:\Users\abdul\AppData\Local\Programs\Python\Python38\lib\site-packages\streamlit\runtime\scriptrunner\script_runner.py", line 579, in code_to_exec
    exec(code, module.__dict__)
         │     │      └ <member '__dict__' of 'module' objects>
         │     └ <module '__main__' from 'D:\\OLLAMA\\youtube-chatbot12\\app.py'>
         └ <code object <module> at 0x000001F0C6335BE0, file "D:\OLLAMA\youtube-chatbot12\app.py", line 1>

  File "D:\OLLAMA\youtube-chatbot12\app.py", line 252, in <module>
    handle_video_load(video_url_input)
    │                 └ 'https://www.youtube.com/watch?v=ZzaPdXTrSb8'
    └ <function handle_video_load at 0x000001F0EF7B1C10>

  File "D:\OLLAMA\youtube-chatbot12\app.py", line 226, in handle_video_load
    transcript = get_transcript(video_id)
                 │              └ 'ZzaPdXTrSb8'
                 └ <function get_transcript at 0x000001F0C6343940>

> File "D:\OLLAMA\youtube-chatbot12\chatbot.py", line 77, in get_transcript
    transcript_list = YouTubeTranscriptApi.list_transcripts(video_id)
                      │                                     └ 'ZzaPdXTrSb8'
                      └ <class 'youtube_transcript_api._api.YouTubeTranscriptApi'>

AttributeError: type object 'YouTubeTranscriptApi' has no attribute 'list_transcripts'
2026-06-10 09:39:19.907 | ERROR    | chatbot:get_transcript:104 - Unexpected error fetching transcript for ZzaPdXTrSb8
Traceback (most recent call last):

  File "C:\Users\abdul\AppData\Local\Programs\Python\Python38\lib\threading.py", line 890, in _bootstrap
    self._bootstrap_inner()
    │    └ <function Thread._bootstrap_inner at 0x000001F0C29FC040>
    └ <Thread(ScriptRunner.scriptThread, started 35884)>

  File "C:\Users\abdul\AppData\Local\Programs\Python\Python38\lib\threading.py", line 932, in _bootstrap_inner
    self.run()
    │    └ <function Thread.run at 0x000001F0C29FBD30>
    └ <Thread(ScriptRunner.scriptThread, started 35884)>

  File "C:\Users\abdul\AppData\Local\Programs\Python\Python38\lib\threading.py", line 870, in run
    self._target(*self._args, **self._kwargs)
    │    │        │    │        │    └ {}
    │    │        │    │        └ <Thread(ScriptRunner.scriptThread, started 35884)>
    │    │        │    └ ()
    │    │        └ <Thread(ScriptRunner.scriptThread, started 35884)>
    │    └ <bound method ScriptRunner._run_script_thread of ScriptRunner(_session_id='e046047c-0409-44dc-ac03-934ca8134b68', _main_scrip...
    └ <Thread(ScriptRunner.scriptThread, started 35884)>

  File "C:\Users\abdul\AppData\Local\Programs\Python\Python38\lib\site-packages\streamlit\runtime\scriptrunner\script_runner.py", line 320, in _run_script_thread
    self._run_script(request.rerun_data)
    │    │           │       └ <property object at 0x000001F0C4E27AE0>
    │    │           └ ScriptRequest(type=<ScriptRequestType.RERUN: 'RERUN'>, _rerun_data=RerunData(widget_states=widgets {
    │    │               id: "$$ID-38bab446a52e...
    │    └ <function ScriptRunner._run_script at 0x000001F0C4F033A0>
    └ ScriptRunner(_session_id='e046047c-0409-44dc-ac03-934ca8134b68', _main_script_path='app.py', _session_state={num_chunks: 0, m...

  File "C:\Users\abdul\AppData\Local\Programs\Python\Python38\lib\site-packages\streamlit\runtime\scriptrunner\script_runner.py", line 595, in _run_script
    ) = exec_func_with_error_handling(code_to_exec, ctx)
        │                             │             └ ScriptRunContext(session_id='e046047c-0409-44dc-ac03-934ca8134b68', _enqueue=<bound method ScriptRunner._enqueue_forward_msg ...
        │                             └ <function ScriptRunner._run_script.<locals>.code_to_exec at 0x000001F0EF7B1280>
        └ <function exec_func_with_error_handling at 0x000001F0C4E76DC0>

  File "C:\Users\abdul\AppData\Local\Programs\Python\Python38\lib\site-packages\streamlit\runtime\scriptrunner\exec_code.py", line 88, in exec_func_with_error_handling
    result = func()
             └ <function ScriptRunner._run_script.<locals>.code_to_exec at 0x000001F0EF7B1280>

  File "C:\Users\abdul\AppData\Local\Programs\Python\Python38\lib\site-packages\streamlit\runtime\scriptrunner\script_runner.py", line 579, in code_to_exec
    exec(code, module.__dict__)
         │     │      └ <member '__dict__' of 'module' objects>
         │     └ <module '__main__' from 'D:\\OLLAMA\\youtube-chatbot12\\app.py'>
         └ <code object <module> at 0x000001F0C6335BE0, file "D:\OLLAMA\youtube-chatbot12\app.py", line 1>

  File "D:\OLLAMA\youtube-chatbot12\app.py", line 252, in <module>
    handle_video_load(video_url_input)
    │                 └ 'https://www.youtube.com/watch?v=ZzaPdXTrSb8'
    └ <function handle_video_load at 0x000001F0EF7B1C10>

  File "D:\OLLAMA\youtube-chatbot12\app.py", line 226, in handle_video_load
    transcript = get_transcript(video_id)
                 │              └ 'ZzaPdXTrSb8'
                 └ <function get_transcript at 0x000001F0C6343940>

> File "D:\OLLAMA\youtube-chatbot12\chatbot.py", line 77, in get_transcript
    transcript_list = YouTubeTranscriptApi.list_transcripts(video_id)
                      │                                     └ 'ZzaPdXTrSb8'
                      └ <class 'youtube_transcript_api._api.YouTubeTranscriptApi'>

AttributeError: type object 'YouTubeTranscriptApi' has no attribute 'list_transcripts'
2026-06-10 09:39:19.907 | ERROR    | chatbot:get_transcript:104 - Unexpected error fetching transcript for ZzaPdXTrSb8
Traceback (most recent call last):

  File "C:\Users\abdul\AppData\Local\Programs\Python\Python38\lib\threading.py", line 890, in _bootstrap
    self._bootstrap_inner()
    │    └ <function Thread._bootstrap_inner at 0x000001F0C29FC040>
    └ <Thread(ScriptRunner.scriptThread, started 35884)>

  File "C:\Users\abdul\AppData\Local\Programs\Python\Python38\lib\threading.py", line 932, in _bootstrap_inner
    self.run()
    │    └ <function Thread.run at 0x000001F0C29FBD30>
    └ <Thread(ScriptRunner.scriptThread, started 35884)>

  File "C:\Users\abdul\AppData\Local\Programs\Python\Python38\lib\threading.py", line 870, in run
    self._target(*self._args, **self._kwargs)
    │    │        │    │        │    └ {}
    │    │        │    │        └ <Thread(ScriptRunner.scriptThread, started 35884)>
    │    │        │    └ ()
    │    │        └ <Thread(ScriptRunner.scriptThread, started 35884)>
    │    └ <bound method ScriptRunner._run_script_thread of ScriptRunner(_session_id='e046047c-0409-44dc-ac03-934ca8134b68', _main_scrip...
    └ <Thread(ScriptRunner.scriptThread, started 35884)>

  File "C:\Users\abdul\AppData\Local\Programs\Python\Python38\lib\site-packages\streamlit\runtime\scriptrunner\script_runner.py", line 320, in _run_script_thread
    self._run_script(request.rerun_data)
    │    │           │       └ <property object at 0x000001F0C4E27AE0>
    │    │           └ ScriptRequest(type=<ScriptRequestType.RERUN: 'RERUN'>, _rerun_data=RerunData(widget_states=widgets {
    │    │               id: "$$ID-38bab446a52e...
    │    └ <function ScriptRunner._run_script at 0x000001F0C4F033A0>
    └ ScriptRunner(_session_id='e046047c-0409-44dc-ac03-934ca8134b68', _main_script_path='app.py', _session_state={num_chunks: 0, m...

  File "C:\Users\abdul\AppData\Local\Programs\Python\Python38\lib\site-packages\streamlit\runtime\scriptrunner\script_runner.py", line 595, in _run_script
    ) = exec_func_with_error_handling(code_to_exec, ctx)
        │                             │             └ ScriptRunContext(session_id='e046047c-0409-44dc-ac03-934ca8134b68', _enqueue=<bound method ScriptRunner._enqueue_forward_msg ...
        │                             └ <function ScriptRunner._run_script.<locals>.code_to_exec at 0x000001F0EF7B1280>
        └ <function exec_func_with_error_handling at 0x000001F0C4E76DC0>

  File "C:\Users\abdul\AppData\Local\Programs\Python\Python38\lib\site-packages\streamlit\runtime\scriptrunner\exec_code.py", line 88, in exec_func_with_error_handling
    result = func()
             └ <function ScriptRunner._run_script.<locals>.code_to_exec at 0x000001F0EF7B1280>

  File "C:\Users\abdul\AppData\Local\Programs\Python\Python38\lib\site-packages\streamlit\runtime\scriptrunner\script_runner.py", line 579, in code_to_exec
    exec(code, module.__dict__)
         │     │      └ <member '__dict__' of 'module' objects>
         │     └ <module '__main__' from 'D:\\OLLAMA\\youtube-chatbot12\\app.py'>
         └ <code object <module> at 0x000001F0C6335BE0, file "D:\OLLAMA\youtube-chatbot12\app.py", line 1>

  File "D:\OLLAMA\youtube-chatbot12\app.py", line 252, in <module>
    handle_video_load(video_url_input)
    │                 └ 'https://www.youtube.com/watch?v=ZzaPdXTrSb8'
    └ <function handle_video_load at 0x000001F0EF7B1C10>

  File "D:\OLLAMA\youtube-chatbot12\app.py", line 226, in handle_video_load
    transcript = get_transcript(video_id)
                 │              └ 'ZzaPdXTrSb8'
                 └ <function get_transcript at 0x000001F0C6343940>

> File "D:\OLLAMA\youtube-chatbot12\chatbot.py", line 77, in get_transcript
    transcript_list = YouTubeTranscriptApi.list_transcripts(video_id)
                      │                                     └ 'ZzaPdXTrSb8'
                      └ <class 'youtube_transcript_api._api.YouTubeTranscriptApi'>

AttributeError: type object 'YouTubeTranscriptApi' has no attribute 'list_transcripts'
2026-06-10 09:39:19.907 | ERROR    | chatbot:get_transcript:104 - Unexpected error fetching transcript for ZzaPdXTrSb8
Traceback (most recent call last):

  File "C:\Users\abdul\AppData\Local\Programs\Python\Python38\lib\threading.py", line 890, in _bootstrap
    self._bootstrap_inner()
    │    └ <function Thread._bootstrap_inner at 0x000001F0C29FC040>
    └ <Thread(ScriptRunner.scriptThread, started 35884)>

  File "C:\Users\abdul\AppData\Local\Programs\Python\Python38\lib\threading.py", line 932, in _bootstrap_inner
    self.run()
    │    └ <function Thread.run at 0x000001F0C29FBD30>
    └ <Thread(ScriptRunner.scriptThread, started 35884)>

  File "C:\Users\abdul\AppData\Local\Programs\Python\Python38\lib\threading.py", line 870, in run
    self._target(*self._args, **self._kwargs)
    │    │        │    │        │    └ {}
    │    │        │    │        └ <Thread(ScriptRunner.scriptThread, started 35884)>
    │    │        │    └ ()
    │    │        └ <Thread(ScriptRunner.scriptThread, started 35884)>
    │    └ <bound method ScriptRunner._run_script_thread of ScriptRunner(_session_id='e046047c-0409-44dc-ac03-934ca8134b68', _main_scrip...
    └ <Thread(ScriptRunner.scriptThread, started 35884)>

  File "C:\Users\abdul\AppData\Local\Programs\Python\Python38\lib\site-packages\streamlit\runtime\scriptrunner\script_runner.py", line 320, in _run_script_thread
    self._run_script(request.rerun_data)
    │    │           │       └ <property object at 0x000001F0C4E27AE0>
    │    │           └ ScriptRequest(type=<ScriptRequestType.RERUN: 'RERUN'>, _rerun_data=RerunData(widget_states=widgets {
    │    │               id: "$$ID-38bab446a52e...
    │    └ <function ScriptRunner._run_script at 0x000001F0C4F033A0>
    └ ScriptRunner(_session_id='e046047c-0409-44dc-ac03-934ca8134b68', _main_script_path='app.py', _session_state={num_chunks: 0, m...

  File "C:\Users\abdul\AppData\Local\Programs\Python\Python38\lib\site-packages\streamlit\runtime\scriptrunner\script_runner.py", line 595, in _run_script
    ) = exec_func_with_error_handling(code_to_exec, ctx)
        │                             │             └ ScriptRunContext(session_id='e046047c-0409-44dc-ac03-934ca8134b68', _enqueue=<bound method ScriptRunner._enqueue_forward_msg ...
        │                             └ <function ScriptRunner._run_script.<locals>.code_to_exec at 0x000001F0EF7B1280>
        └ <function exec_func_with_error_handling at 0x000001F0C4E76DC0>

  File "C:\Users\abdul\AppData\Local\Programs\Python\Python38\lib\site-packages\streamlit\runtime\scriptrunner\exec_code.py", line 88, in exec_func_with_error_handling
    result = func()
             └ <function ScriptRunner._run_script.<locals>.code_to_exec at 0x000001F0EF7B1280>

  File "C:\Users\abdul\AppData\Local\Programs\Python\Python38\lib\site-packages\streamlit\runtime\scriptrunner\script_runner.py", line 579, in code_to_exec
    exec(code, module.__dict__)
         │     │      └ <member '__dict__' of 'module' objects>
         │     └ <module '__main__' from 'D:\\OLLAMA\\youtube-chatbot12\\app.py'>
         └ <code object <module> at 0x000001F0C6335BE0, file "D:\OLLAMA\youtube-chatbot12\app.py", line 1>

  File "D:\OLLAMA\youtube-chatbot12\app.py", line 252, in <module>
    handle_video_load(video_url_input)
    │                 └ 'https://www.youtube.com/watch?v=ZzaPdXTrSb8'
    └ <function handle_video_load at 0x000001F0EF7B1C10>

  File "D:\OLLAMA\youtube-chatbot12\app.py", line 226, in handle_video_load
    transcript = get_transcript(video_id)
                 │              └ 'ZzaPdXTrSb8'
                 └ <function get_transcript at 0x000001F0C6343940>

> File "D:\OLLAMA\youtube-chatbot12\chatbot.py", line 77, in get_transcript
    transcript_list = YouTubeTranscriptApi.list_transcripts(video_id)
                      │                                     └ 'ZzaPdXTrSb8'
                      └ <class 'youtube_transcript_api._api.YouTubeTranscriptApi'>

AttributeError: type object 'YouTubeTranscriptApi' has no attribute 'list_transcripts'
2026-06-10 09:39:19.907 | ERROR    | chatbot:get_transcript:104 - Unexpected error fetching transcript for ZzaPdXTrSb8
Traceback (most recent call last):

  File "C:\Users\abdul\AppData\Local\Programs\Python\Python38\lib\threading.py", line 890, in _bootstrap
    self._bootstrap_inner()
    │    └ <function Thread._bootstrap_inner at 0x000001F0C29FC040>
    └ <Thread(ScriptRunner.scriptThread, started 35884)>

  File "C:\Users\abdul\AppData\Local\Programs\Python\Python38\lib\threading.py", line 932, in _bootstrap_inner
    self.run()
    │    └ <function Thread.run at 0x000001F0C29FBD30>
    └ <Thread(ScriptRunner.scriptThread, started 35884)>

  File "C:\Users\abdul\AppData\Local\Programs\Python\Python38\lib\threading.py", line 870, in run
    self._target(*self._args, **self._kwargs)
    │    │        │    │        │    └ {}
    │    │        │    │        └ <Thread(ScriptRunner.scriptThread, started 35884)>
    │    │        │    └ ()
    │    │        └ <Thread(ScriptRunner.scriptThread, started 35884)>
    │    └ <bound method ScriptRunner._run_script_thread of ScriptRunner(_session_id='e046047c-0409-44dc-ac03-934ca8134b68', _main_scrip...
    └ <Thread(ScriptRunner.scriptThread, started 35884)>

  File "C:\Users\abdul\AppData\Local\Programs\Python\Python38\lib\site-packages\streamlit\runtime\scriptrunner\script_runner.py", line 320, in _run_script_thread
    self._run_script(request.rerun_data)
    │    │           │       └ <property object at 0x000001F0C4E27AE0>
    │    │           └ ScriptRequest(type=<ScriptRequestType.RERUN: 'RERUN'>, _rerun_data=RerunData(widget_states=widgets {
    │    │               id: "$$ID-38bab446a52e...
    │    └ <function ScriptRunner._run_script at 0x000001F0C4F033A0>
    └ ScriptRunner(_session_id='e046047c-0409-44dc-ac03-934ca8134b68', _main_script_path='app.py', _session_state={num_chunks: 0, m...

  File "C:\Users\abdul\AppData\Local\Programs\Python\Python38\lib\site-packages\streamlit\runtime\scriptrunner\script_runner.py", line 595, in _run_script
    ) = exec_func_with_error_handling(code_to_exec, ctx)
        │                             │             └ ScriptRunContext(session_id='e046047c-0409-44dc-ac03-934ca8134b68', _enqueue=<bound method ScriptRunner._enqueue_forward_msg ...
        │                             └ <function ScriptRunner._run_script.<locals>.code_to_exec at 0x000001F0EF7B1280>
        └ <function exec_func_with_error_handling at 0x000001F0C4E76DC0>

  File "C:\Users\abdul\AppData\Local\Programs\Python\Python38\lib\site-packages\streamlit\runtime\scriptrunner\exec_code.py", line 88, in exec_func_with_error_handling
    result = func()
             └ <function ScriptRunner._run_script.<locals>.code_to_exec at 0x000001F0EF7B1280>

  File "C:\Users\abdul\AppData\Local\Programs\Python\Python38\lib\site-packages\streamlit\runtime\scriptrunner\script_runner.py", line 579, in code_to_exec
    exec(code, module.__dict__)
         │     │      └ <member '__dict__' of 'module' objects>
         │     └ <module '__main__' from 'D:\\OLLAMA\\youtube-chatbot12\\app.py'>
         └ <code object <module> at 0x000001F0C6335BE0, file "D:\OLLAMA\youtube-chatbot12\app.py", line 1>

  File "D:\OLLAMA\youtube-chatbot12\app.py", line 252, in <module>
    handle_video_load(video_url_input)
    │                 └ 'https://www.youtube.com/watch?v=ZzaPdXTrSb8'
    └ <function handle_video_load at 0x000001F0EF7B1C10>

  File "D:\OLLAMA\youtube-chatbot12\app.py", line 226, in handle_video_load
    transcript = get_transcript(video_id)
                 │              └ 'ZzaPdXTrSb8'
                 └ <function get_transcript at 0x000001F0C6343940>

> File "D:\OLLAMA\youtube-chatbot12\chatbot.py", line 77, in get_transcript
    transcript_list = YouTubeTranscriptApi.list_transcripts(video_id)
                      │                                     └ 'ZzaPdXTrSb8'
                      └ <class 'youtube_transcript_api._api.YouTubeTranscriptApi'>

AttributeError: type object 'YouTubeTranscriptApi' has no attribute 'list_transcripts'
2026-06-10 09:39:19.907 | ERROR    | chatbot:get_transcript:104 - Unexpected error fetching transcript for ZzaPdXTrSb8
Traceback (most recent call last):

  File "C:\Users\abdul\AppData\Local\Programs\Python\Python38\lib\threading.py", line 890, in _bootstrap
    self._bootstrap_inner()
    │    └ <function Thread._bootstrap_inner at 0x000001F0C29FC040>
    └ <Thread(ScriptRunner.scriptThread, started 35884)>

  File "C:\Users\abdul\AppData\Local\Programs\Python\Python38\lib\threading.py", line 932, in _bootstrap_inner
    self.run()
    │    └ <function Thread.run at 0x000001F0C29FBD30>
    └ <Thread(ScriptRunner.scriptThread, started 35884)>

  File "C:\Users\abdul\AppData\Local\Programs\Python\Python38\lib\threading.py", line 870, in run
    self._target(*self._args, **self._kwargs)
    │    │        │    │        │    └ {}
    │    │        │    │        └ <Thread(ScriptRunner.scriptThread, started 35884)>
    │    │        │    └ ()
    │    │        └ <Thread(ScriptRunner.scriptThread, started 35884)>
    │    └ <bound method ScriptRunner._run_script_thread of ScriptRunner(_session_id='e046047c-0409-44dc-ac03-934ca8134b68', _main_scrip...
    └ <Thread(ScriptRunner.scriptThread, started 35884)>

  File "C:\Users\abdul\AppData\Local\Programs\Python\Python38\lib\site-packages\streamlit\runtime\scriptrunner\script_runner.py", line 320, in _run_script_thread
    self._run_script(request.rerun_data)
    │    │           │       └ <property object at 0x000001F0C4E27AE0>
    │    │           └ ScriptRequest(type=<ScriptRequestType.RERUN: 'RERUN'>, _rerun_data=RerunData(widget_states=widgets {
    │    │               id: "$$ID-38bab446a52e...
    │    └ <function ScriptRunner._run_script at 0x000001F0C4F033A0>
    └ ScriptRunner(_session_id='e046047c-0409-44dc-ac03-934ca8134b68', _main_script_path='app.py', _session_state={num_chunks: 0, m...

  File "C:\Users\abdul\AppData\Local\Programs\Python\Python38\lib\site-packages\streamlit\runtime\scriptrunner\script_runner.py", line 595, in _run_script
    ) = exec_func_with_error_handling(code_to_exec, ctx)
        │                             │             └ ScriptRunContext(session_id='e046047c-0409-44dc-ac03-934ca8134b68', _enqueue=<bound method ScriptRunner._enqueue_forward_msg ...
        │                             └ <function ScriptRunner._run_script.<locals>.code_to_exec at 0x000001F0EF7B1280>
        └ <function exec_func_with_error_handling at 0x000001F0C4E76DC0>

  File "C:\Users\abdul\AppData\Local\Programs\Python\Python38\lib\site-packages\streamlit\runtime\scriptrunner\exec_code.py", line 88, in exec_func_with_error_handling
    result = func()
             └ <function ScriptRunner._run_script.<locals>.code_to_exec at 0x000001F0EF7B1280>

  File "C:\Users\abdul\AppData\Local\Programs\Python\Python38\lib\site-packages\streamlit\runtime\scriptrunner\script_runner.py", line 579, in code_to_exec
    exec(code, module.__dict__)
         │     │      └ <member '__dict__' of 'module' objects>
         │     └ <module '__main__' from 'D:\\OLLAMA\\youtube-chatbot12\\app.py'>
         └ <code object <module> at 0x000001F0C6335BE0, file "D:\OLLAMA\youtube-chatbot12\app.py", line 1>

  File "D:\OLLAMA\youtube-chatbot12\app.py", line 252, in <module>
    handle_video_load(video_url_input)
    │                 └ 'https://www.youtube.com/watch?v=ZzaPdXTrSb8'
    └ <function handle_video_load at 0x000001F0EF7B1C10>

  File "D:\OLLAMA\youtube-chatbot12\app.py", line 226, in handle_video_load
    transcript = get_transcript(video_id)
                 │              └ 'ZzaPdXTrSb8'
                 └ <function get_transcript at 0x000001F0C6343940>

> File "D:\OLLAMA\youtube-chatbot12\chatbot.py", line 77, in get_transcript
    transcript_list = YouTubeTranscriptApi.list_transcripts(video_id)
                      │                                     └ 'ZzaPdXTrSb8'
                      └ <class 'youtube_transcript_api._api.YouTubeTranscriptApi'>

AttributeError: type object 'YouTubeTranscriptApi' has no attribute 'list_transcripts'
2026-06-10 09:39:20.013 | ERROR    | __main__:handle_video_load:235 - Load failed: Transcript retrieval failed: type object 'YouTubeTranscriptApi' has no attribute 'list_transcripts'
2026-06-10 09:39:20.013 | ERROR    | __main__:handle_video_load:235 - Load failed: Transcript retrieval failed: type object 'YouTubeTranscriptApi' has no attribute 'list_transcripts'
2026-06-10 09:39:20.013 | ERROR    | __main__:handle_video_load:235 - Load failed: Transcript retrieval failed: type object 'YouTubeTranscriptApi' has no attribute 'list_transcripts'
2026-06-10 09:39:20.013 | ERROR    | __main__:handle_video_load:235 - Load failed: Transcript retrieval failed: type object 'YouTubeTranscriptApi' has no attribute 'list_transcripts'
2026-06-10 09:39:20.013 | ERROR    | __main__:handle_video_load:235 - Load failed: Transcript retrieval failed: type object 'YouTubeTranscriptApi' has no attribute 'list_transcripts'
2026-06-10 09:39:20.013 | ERROR    | __main__:handle_video_load:235 - Load failed: Transcript retrieval failed: type object 'YouTubeTranscriptApi' has no attribute 'list_transcripts'
2026-06-10 09:39:20.013 | ERROR    | __main__:handle_video_load:235 - Load failed: Transcript retrieval failed: type object 'YouTubeTranscriptApi' has no attribute 'list_transcripts'
2026-06-10 09:39:20.013 | ERROR    | __main__:handle_video_load:235 - Load failed: Transcript retrieval failed: type object 'YouTubeTranscriptApi' has no attribute 'list_transcripts'
2026-06-10 09:39:20.013 | ERROR    | __main__:handle_video_load:235 - Load failed: Transcript retrieval failed: type object 'YouTubeTranscriptApi' has no attribute 'list_transcripts'
2026-06-10 09:39:20.013 | ERROR    | __main__:handle_video_load:235 - Load failed: Transcript retrieval failed: type object 'YouTubeTranscriptApi' has no attribute 'list_transcripts'
2026-06-10 09:39:20.013 | ERROR    | __main__:handle_video_load:235 - Load failed: Transcript retrieval failed: type object 'YouTubeTranscriptApi' has no attribute 'list_transcripts'
2026-06-10 09:39:20.013 | ERROR    | __main__:handle_video_load:235 - Load failed: Transcript retrieval failed: type object 'YouTubeTranscriptApi' has no attribute 'list_transcripts'
2026-06-10 09:39:20.013 | ERROR    | __main__:handle_video_load:235 - Load failed: Transcript retrieval failed: type object 'YouTubeTranscriptApi' has no attribute 'list_transcripts'
2026-06-10 09:39:20.013 | ERROR    | __main__:handle_video_load:235 - Load failed: Transcript retrieval failed: type object 'YouTubeTranscriptApi' has no attribute 'list_transcripts'
2026-06-10 09:39:20.013 | ERROR    | __main__:handle_video_load:235 - Load failed: Transcript retrieval failed: type object 'YouTubeTranscriptApi' has no attribute 'list_transcripts'
2026-06-10 09:39:20.013 | ERROR    | __main__:handle_video_load:235 - Load failed: Transcript retrieval failed: type object 'YouTubeTranscriptApi' has no attribute 'list_transcripts'
2026-06-10 09:39:20.757 | INFO     | chatbot:get_transcript:73 - Fetching transcript for video_id: ZzaPdXTrSb8
2026-06-10 09:39:20.757 | INFO     | chatbot:get_transcript:73 - Fetching transcript for video_id: ZzaPdXTrSb8
2026-06-10 09:39:20.757 | INFO     | chatbot:get_transcript:73 - Fetching transcript for video_id: ZzaPdXTrSb8
2026-06-10 09:39:20.757 | INFO     | chatbot:get_transcript:73 - Fetching transcript for video_id: ZzaPdXTrSb8
2026-06-10 09:39:20.757 | INFO     | chatbot:get_transcript:73 - Fetching transcript for video_id: ZzaPdXTrSb8
2026-06-10 09:39:20.757 | INFO     | chatbot:get_transcript:73 - Fetching transcript for video_id: ZzaPdXTrSb8
2026-06-10 09:39:20.757 | INFO     | chatbot:get_transcript:73 - Fetching transcript for video_id: ZzaPdXTrSb8
2026-06-10 09:39:20.757 | INFO     | chatbot:get_transcript:73 - Fetching transcript for video_id: ZzaPdXTrSb8
2026-06-10 09:39:20.757 | INFO     | chatbot:get_transcript:73 - Fetching transcript for video_id: ZzaPdXTrSb8
2026-06-10 09:39:20.757 | INFO     | chatbot:get_transcript:73 - Fetching transcript for video_id: ZzaPdXTrSb8
2026-06-10 09:39:20.757 | INFO     | chatbot:get_transcript:73 - Fetching transcript for video_id: ZzaPdXTrSb8
2026-06-10 09:39:20.757 | INFO     | chatbot:get_transcript:73 - Fetching transcript for video_id: ZzaPdXTrSb8
2026-06-10 09:39:20.757 | INFO     | chatbot:get_transcript:73 - Fetching transcript for video_id: ZzaPdXTrSb8
2026-06-10 09:39:20.757 | INFO     | chatbot:get_transcript:73 - Fetching transcript for video_id: ZzaPdXTrSb8
2026-06-10 09:39:20.757 | INFO     | chatbot:get_transcript:73 - Fetching transcript for video_id: ZzaPdXTrSb8
2026-06-10 09:39:20.757 | INFO     | chatbot:get_transcript:73 - Fetching transcript for video_id: ZzaPdXTrSb8
2026-06-10 09:39:20.757 | INFO     | chatbot:get_transcript:73 - Fetching transcript for video_id: ZzaPdXTrSb8
2026-06-10 09:39:20.761 | ERROR    | chatbot:get_transcript:104 - Unexpected error fetching transcript for ZzaPdXTrSb8
Traceback (most recent call last):

  File "C:\Users\abdul\AppData\Local\Programs\Python\Python38\lib\threading.py", line 890, in _bootstrap
    self._bootstrap_inner()
    │    └ <function Thread._bootstrap_inner at 0x000001F0C29FC040>
    └ <Thread(ScriptRunner.scriptThread, started 3256)>

  File "C:\Users\abdul\AppData\Local\Programs\Python\Python38\lib\threading.py", line 932, in _bootstrap_inner
    self.run()
    │    └ <function Thread.run at 0x000001F0C29FBD30>
    └ <Thread(ScriptRunner.scriptThread, started 3256)>

  File "C:\Users\abdul\AppData\Local\Programs\Python\Python38\lib\threading.py", line 870, in run
    self._target(*self._args, **self._kwargs)
    │    │        │    │        │    └ {}
    │    │        │    │        └ <Thread(ScriptRunner.scriptThread, started 3256)>
    │    │        │    └ ()
    │    │        └ <Thread(ScriptRunner.scriptThread, started 3256)>
    │    └ <bound method ScriptRunner._run_script_thread of ScriptRunner(_session_id='e046047c-0409-44dc-ac03-934ca8134b68', _main_scrip...
    └ <Thread(ScriptRunner.scriptThread, started 3256)>

  File "C:\Users\abdul\AppData\Local\Programs\Python\Python38\lib\site-packages\streamlit\runtime\scriptrunner\script_runner.py", line 320, in _run_script_thread
    self._run_script(request.rerun_data)
    │    │           │       └ <property object at 0x000001F0C4E27AE0>
    │    │           └ ScriptRequest(type=<ScriptRequestType.RERUN: 'RERUN'>, _rerun_data=RerunData(widget_states=widgets {
    │    │               id: "$$ID-38bab446a52e...
    │    └ <function ScriptRunner._run_script at 0x000001F0C4F033A0>
    └ ScriptRunner(_session_id='e046047c-0409-44dc-ac03-934ca8134b68', _main_script_path='app.py', _session_state={num_chunks: 0, m...

  File "C:\Users\abdul\AppData\Local\Programs\Python\Python38\lib\site-packages\streamlit\runtime\scriptrunner\script_runner.py", line 595, in _run_script
    ) = exec_func_with_error_handling(code_to_exec, ctx)
        │                             │             └ ScriptRunContext(session_id='e046047c-0409-44dc-ac03-934ca8134b68', _enqueue=<bound method ScriptRunner._enqueue_forward_msg ...
        │                             └ <function ScriptRunner._run_script.<locals>.code_to_exec at 0x000001F0EF777CA0>
        └ <function exec_func_with_error_handling at 0x000001F0C4E76DC0>

  File "C:\Users\abdul\AppData\Local\Programs\Python\Python38\lib\site-packages\streamlit\runtime\scriptrunner\exec_code.py", line 88, in exec_func_with_error_handling
    result = func()
             └ <function ScriptRunner._run_script.<locals>.code_to_exec at 0x000001F0EF777CA0>

  File "C:\Users\abdul\AppData\Local\Programs\Python\Python38\lib\site-packages\streamlit\runtime\scriptrunner\script_runner.py", line 579, in code_to_exec
    exec(code, module.__dict__)
         │     │      └ <member '__dict__' of 'module' objects>
         │     └ <module '__main__' from 'D:\\OLLAMA\\youtube-chatbot12\\app.py'>
         └ <code object <module> at 0x000001F0C6335BE0, file "D:\OLLAMA\youtube-chatbot12\app.py", line 1>

  File "D:\OLLAMA\youtube-chatbot12\app.py", line 252, in <module>
    handle_video_load(video_url_input)
    │                 └ 'https://www.youtube.com/watch?v=ZzaPdXTrSb8'
    └ <function handle_video_load at 0x000001F0C631C670>

  File "D:\OLLAMA\youtube-chatbot12\app.py", line 226, in handle_video_load
    transcript = get_transcript(video_id)
                 │              └ 'ZzaPdXTrSb8'
                 └ <function get_transcript at 0x000001F0C6343940>

> File "D:\OLLAMA\youtube-chatbot12\chatbot.py", line 77, in get_transcript
    transcript_list = YouTubeTranscriptApi.list_transcripts(video_id)
                      │                                     └ 'ZzaPdXTrSb8'
                      └ <class 'youtube_transcript_api._api.YouTubeTranscriptApi'>

AttributeError: type object 'YouTubeTranscriptApi' has no attribute 'list_transcripts'
2026-06-10 09:39:20.761 | ERROR    | chatbot:get_transcript:104 - Unexpected error fetching transcript for ZzaPdXTrSb8
Traceback (most recent call last):

  File "C:\Users\abdul\AppData\Local\Programs\Python\Python38\lib\threading.py", line 890, in _bootstrap
    self._bootstrap_inner()
    │    └ <function Thread._bootstrap_inner at 0x000001F0C29FC040>
    └ <Thread(ScriptRunner.scriptThread, started 3256)>

  File "C:\Users\abdul\AppData\Local\Programs\Python\Python38\lib\threading.py", line 932, in _bootstrap_inner
    self.run()
    │    └ <function Thread.run at 0x000001F0C29FBD30>
    └ <Thread(ScriptRunner.scriptThread, started 3256)>

  File "C:\Users\abdul\AppData\Local\Programs\Python\Python38\lib\threading.py", line 870, in run
    self._target(*self._args, **self._kwargs)
    │    │        │    │        │    └ {}
    │    │        │    │        └ <Thread(ScriptRunner.scriptThread, started 3256)>
    │    │        │    └ ()
    │    │        └ <Thread(ScriptRunner.scriptThread, started 3256)>
    │    └ <bound method ScriptRunner._run_script_thread of ScriptRunner(_session_id='e046047c-0409-44dc-ac03-934ca8134b68', _main_scrip...
    └ <Thread(ScriptRunner.scriptThread, started 3256)>

  File "C:\Users\abdul\AppData\Local\Programs\Python\Python38\lib\site-packages\streamlit\runtime\scriptrunner\script_runner.py", line 320, in _run_script_thread
    self._run_script(request.rerun_data)
    │    │           │       └ <property object at 0x000001F0C4E27AE0>
    │    │           └ ScriptRequest(type=<ScriptRequestType.RERUN: 'RERUN'>, _rerun_data=RerunData(widget_states=widgets {
    │    │               id: "$$ID-38bab446a52e...
    │    └ <function ScriptRunner._run_script at 0x000001F0C4F033A0>
    └ ScriptRunner(_session_id='e046047c-0409-44dc-ac03-934ca8134b68', _main_script_path='app.py', _session_state={num_chunks: 0, m...

  File "C:\Users\abdul\AppData\Local\Programs\Python\Python38\lib\site-packages\streamlit\runtime\scriptrunner\script_runner.py", line 595, in _run_script
    ) = exec_func_with_error_handling(code_to_exec, ctx)
        │                             │             └ ScriptRunContext(session_id='e046047c-0409-44dc-ac03-934ca8134b68', _enqueue=<bound method ScriptRunner._enqueue_forward_msg ...
        │                             └ <function ScriptRunner._run_script.<locals>.code_to_exec at 0x000001F0EF777CA0>
        └ <function exec_func_with_error_handling at 0x000001F0C4E76DC0>

  File "C:\Users\abdul\AppData\Local\Programs\Python\Python38\lib\site-packages\streamlit\runtime\scriptrunner\exec_code.py", line 88, in exec_func_with_error_handling
    result = func()
             └ <function ScriptRunner._run_script.<locals>.code_to_exec at 0x000001F0EF777CA0>

  File "C:\Users\abdul\AppData\Local\Programs\Python\Python38\lib\site-packages\streamlit\runtime\scriptrunner\script_runner.py", line 579, in code_to_exec
    exec(code, module.__dict__)
         │     │      └ <member '__dict__' of 'module' objects>
         │     └ <module '__main__' from 'D:\\OLLAMA\\youtube-chatbot12\\app.py'>
         └ <code object <module> at 0x000001F0C6335BE0, file "D:\OLLAMA\youtube-chatbot12\app.py", line 1>

  File "D:\OLLAMA\youtube-chatbot12\app.py", line 252, in <module>
    handle_video_load(video_url_input)
    │                 └ 'https://www.youtube.com/watch?v=ZzaPdXTrSb8'
    └ <function handle_video_load at 0x000001F0C631C670>

  File "D:\OLLAMA\youtube-chatbot12\app.py", line 226, in handle_video_load
    transcript = get_transcript(video_id)
                 │              └ 'ZzaPdXTrSb8'
                 └ <function get_transcript at 0x000001F0C6343940>

> File "D:\OLLAMA\youtube-chatbot12\chatbot.py", line 77, in get_transcript
    transcript_list = YouTubeTranscriptApi.list_transcripts(video_id)
                      │                                     └ 'ZzaPdXTrSb8'
                      └ <class 'youtube_transcript_api._api.YouTubeTranscriptApi'>

AttributeError: type object 'YouTubeTranscriptApi' has no attribute 'list_transcripts'
2026-06-10 09:39:20.761 | ERROR    | chatbot:get_transcript:104 - Unexpected error fetching transcript for ZzaPdXTrSb8
Traceback (most recent call last):

  File "C:\Users\abdul\AppData\Local\Programs\Python\Python38\lib\threading.py", line 890, in _bootstrap
    self._bootstrap_inner()
    │    └ <function Thread._bootstrap_inner at 0x000001F0C29FC040>
    └ <Thread(ScriptRunner.scriptThread, started 3256)>

  File "C:\Users\abdul\AppData\Local\Programs\Python\Python38\lib\threading.py", line 932, in _bootstrap_inner
    self.run()
    │    └ <function Thread.run at 0x000001F0C29FBD30>
    └ <Thread(ScriptRunner.scriptThread, started 3256)>

  File "C:\Users\abdul\AppData\Local\Programs\Python\Python38\lib\threading.py", line 870, in run
    self._target(*self._args, **self._kwargs)
    │    │        │    │        │    └ {}
    │    │        │    │        └ <Thread(ScriptRunner.scriptThread, started 3256)>
    │    │        │    └ ()
    │    │        └ <Thread(ScriptRunner.scriptThread, started 3256)>
    │    └ <bound method ScriptRunner._run_script_thread of ScriptRunner(_session_id='e046047c-0409-44dc-ac03-934ca8134b68', _main_scrip...
    └ <Thread(ScriptRunner.scriptThread, started 3256)>

  File "C:\Users\abdul\AppData\Local\Programs\Python\Python38\lib\site-packages\streamlit\runtime\scriptrunner\script_runner.py", line 320, in _run_script_thread
    self._run_script(request.rerun_data)
    │    │           │       └ <property object at 0x000001F0C4E27AE0>
    │    │           └ ScriptRequest(type=<ScriptRequestType.RERUN: 'RERUN'>, _rerun_data=RerunData(widget_states=widgets {
    │    │               id: "$$ID-38bab446a52e...
    │    └ <function ScriptRunner._run_script at 0x000001F0C4F033A0>
    └ ScriptRunner(_session_id='e046047c-0409-44dc-ac03-934ca8134b68', _main_script_path='app.py', _session_state={num_chunks: 0, m...

  File "C:\Users\abdul\AppData\Local\Programs\Python\Python38\lib\site-packages\streamlit\runtime\scriptrunner\script_runner.py", line 595, in _run_script
    ) = exec_func_with_error_handling(code_to_exec, ctx)
        │                             │             └ ScriptRunContext(session_id='e046047c-0409-44dc-ac03-934ca8134b68', _enqueue=<bound method ScriptRunner._enqueue_forward_msg ...
        │                             └ <function ScriptRunner._run_script.<locals>.code_to_exec at 0x000001F0EF777CA0>
        └ <function exec_func_with_error_handling at 0x000001F0C4E76DC0>

  File "C:\Users\abdul\AppData\Local\Programs\Python\Python38\lib\site-packages\streamlit\runtime\scriptrunner\exec_code.py", line 88, in exec_func_with_error_handling
    result = func()
             └ <function ScriptRunner._run_script.<locals>.code_to_exec at 0x000001F0EF777CA0>

  File "C:\Users\abdul\AppData\Local\Programs\Python\Python38\lib\site-packages\streamlit\runtime\scriptrunner\script_runner.py", line 579, in code_to_exec
    exec(code, module.__dict__)
         │     │      └ <member '__dict__' of 'module' objects>
         │     └ <module '__main__' from 'D:\\OLLAMA\\youtube-chatbot12\\app.py'>
         └ <code object <module> at 0x000001F0C6335BE0, file "D:\OLLAMA\youtube-chatbot12\app.py", line 1>

  File "D:\OLLAMA\youtube-chatbot12\app.py", line 252, in <module>
    handle_video_load(video_url_input)
    │                 └ 'https://www.youtube.com/watch?v=ZzaPdXTrSb8'
    └ <function handle_video_load at 0x000001F0C631C670>

  File "D:\OLLAMA\youtube-chatbot12\app.py", line 226, in handle_video_load
    transcript = get_transcript(video_id)
                 │              └ 'ZzaPdXTrSb8'
                 └ <function get_transcript at 0x000001F0C6343940>

> File "D:\OLLAMA\youtube-chatbot12\chatbot.py", line 77, in get_transcript
    transcript_list = YouTubeTranscriptApi.list_transcripts(video_id)
                      │                                     └ 'ZzaPdXTrSb8'
                      └ <class 'youtube_transcript_api._api.YouTubeTranscriptApi'>

AttributeError: type object 'YouTubeTranscriptApi' has no attribute 'list_transcripts'
2026-06-10 09:39:20.761 | ERROR    | chatbot:get_transcript:104 - Unexpected error fetching transcript for ZzaPdXTrSb8
Traceback (most recent call last):

  File "C:\Users\abdul\AppData\Local\Programs\Python\Python38\lib\threading.py", line 890, in _bootstrap
    self._bootstrap_inner()
    │    └ <function Thread._bootstrap_inner at 0x000001F0C29FC040>
    └ <Thread(ScriptRunner.scriptThread, started 3256)>

  File "C:\Users\abdul\AppData\Local\Programs\Python\Python38\lib\threading.py", line 932, in _bootstrap_inner
    self.run()
    │    └ <function Thread.run at 0x000001F0C29FBD30>
    └ <Thread(ScriptRunner.scriptThread, started 3256)>

  File "C:\Users\abdul\AppData\Local\Programs\Python\Python38\lib\threading.py", line 870, in run
    self._target(*self._args, **self._kwargs)
    │    │        │    │        │    └ {}
    │    │        │    │        └ <Thread(ScriptRunner.scriptThread, started 3256)>
    │    │        │    └ ()
    │    │        └ <Thread(ScriptRunner.scriptThread, started 3256)>
    │    └ <bound method ScriptRunner._run_script_thread of ScriptRunner(_session_id='e046047c-0409-44dc-ac03-934ca8134b68', _main_scrip...
    └ <Thread(ScriptRunner.scriptThread, started 3256)>

  File "C:\Users\abdul\AppData\Local\Programs\Python\Python38\lib\site-packages\streamlit\runtime\scriptrunner\script_runner.py", line 320, in _run_script_thread
    self._run_script(request.rerun_data)
    │    │           │       └ <property object at 0x000001F0C4E27AE0>
    │    │           └ ScriptRequest(type=<ScriptRequestType.RERUN: 'RERUN'>, _rerun_data=RerunData(widget_states=widgets {
    │    │               id: "$$ID-38bab446a52e...
    │    └ <function ScriptRunner._run_script at 0x000001F0C4F033A0>
    └ ScriptRunner(_session_id='e046047c-0409-44dc-ac03-934ca8134b68', _main_script_path='app.py', _session_state={num_chunks: 0, m...

  File "C:\Users\abdul\AppData\Local\Programs\Python\Python38\lib\site-packages\streamlit\runtime\scriptrunner\script_runner.py", line 595, in _run_script
    ) = exec_func_with_error_handling(code_to_exec, ctx)
        │                             │             └ ScriptRunContext(session_id='e046047c-0409-44dc-ac03-934ca8134b68', _enqueue=<bound method ScriptRunner._enqueue_forward_msg ...
        │                             └ <function ScriptRunner._run_script.<locals>.code_to_exec at 0x000001F0EF777CA0>
        └ <function exec_func_with_error_handling at 0x000001F0C4E76DC0>

  File "C:\Users\abdul\AppData\Local\Programs\Python\Python38\lib\site-packages\streamlit\runtime\scriptrunner\exec_code.py", line 88, in exec_func_with_error_handling
    result = func()
             └ <function ScriptRunner._run_script.<locals>.code_to_exec at 0x000001F0EF777CA0>

  File "C:\Users\abdul\AppData\Local\Programs\Python\Python38\lib\site-packages\streamlit\runtime\scriptrunner\script_runner.py", line 579, in code_to_exec
    exec(code, module.__dict__)
         │     │      └ <member '__dict__' of 'module' objects>
         │     └ <module '__main__' from 'D:\\OLLAMA\\youtube-chatbot12\\app.py'>
         └ <code object <module> at 0x000001F0C6335BE0, file "D:\OLLAMA\youtube-chatbot12\app.py", line 1>

  File "D:\OLLAMA\youtube-chatbot12\app.py", line 252, in <module>
    handle_video_load(video_url_input)
    │                 └ 'https://www.youtube.com/watch?v=ZzaPdXTrSb8'
    └ <function handle_video_load at 0x000001F0C631C670>

  File "D:\OLLAMA\youtube-chatbot12\app.py", line 226, in handle_video_load
    transcript = get_transcript(video_id)
                 │              └ 'ZzaPdXTrSb8'
                 └ <function get_transcript at 0x000001F0C6343940>

> File "D:\OLLAMA\youtube-chatbot12\chatbot.py", line 77, in get_transcript
    transcript_list = YouTubeTranscriptApi.list_transcripts(video_id)
                      │                                     └ 'ZzaPdXTrSb8'
                      └ <class 'youtube_transcript_api._api.YouTubeTranscriptApi'>

AttributeError: type object 'YouTubeTranscriptApi' has no attribute 'list_transcripts'
2026-06-10 09:39:20.761 | ERROR    | chatbot:get_transcript:104 - Unexpected error fetching transcript for ZzaPdXTrSb8
Traceback (most recent call last):

  File "C:\Users\abdul\AppData\Local\Programs\Python\Python38\lib\threading.py", line 890, in _bootstrap
    self._bootstrap_inner()
    │    └ <function Thread._bootstrap_inner at 0x000001F0C29FC040>
    └ <Thread(ScriptRunner.scriptThread, started 3256)>

  File "C:\Users\abdul\AppData\Local\Programs\Python\Python38\lib\threading.py", line 932, in _bootstrap_inner
    self.run()
    │    └ <function Thread.run at 0x000001F0C29FBD30>
    └ <Thread(ScriptRunner.scriptThread, started 3256)>

  File "C:\Users\abdul\AppData\Local\Programs\Python\Python38\lib\threading.py", line 870, in run
    self._target(*self._args, **self._kwargs)
    │    │        │    │        │    └ {}
    │    │        │    │        └ <Thread(ScriptRunner.scriptThread, started 3256)>
    │    │        │    └ ()
    │    │        └ <Thread(ScriptRunner.scriptThread, started 3256)>
    │    └ <bound method ScriptRunner._run_script_thread of ScriptRunner(_session_id='e046047c-0409-44dc-ac03-934ca8134b68', _main_scrip...
    └ <Thread(ScriptRunner.scriptThread, started 3256)>

  File "C:\Users\abdul\AppData\Local\Programs\Python\Python38\lib\site-packages\streamlit\runtime\scriptrunner\script_runner.py", line 320, in _run_script_thread
    self._run_script(request.rerun_data)
    │    │           │       └ <property object at 0x000001F0C4E27AE0>
    │    │           └ ScriptRequest(type=<ScriptRequestType.RERUN: 'RERUN'>, _rerun_data=RerunData(widget_states=widgets {
    │    │               id: "$$ID-38bab446a52e...
    │    └ <function ScriptRunner._run_script at 0x000001F0C4F033A0>
    └ ScriptRunner(_session_id='e046047c-0409-44dc-ac03-934ca8134b68', _main_script_path='app.py', _session_state={num_chunks: 0, m...

  File "C:\Users\abdul\AppData\Local\Programs\Python\Python38\lib\site-packages\streamlit\runtime\scriptrunner\script_runner.py", line 595, in _run_script
    ) = exec_func_with_error_handling(code_to_exec, ctx)
        │                             │             └ ScriptRunContext(session_id='e046047c-0409-44dc-ac03-934ca8134b68', _enqueue=<bound method ScriptRunner._enqueue_forward_msg ...
        │                             └ <function ScriptRunner._run_script.<locals>.code_to_exec at 0x000001F0EF777CA0>
        └ <function exec_func_with_error_handling at 0x000001F0C4E76DC0>

  File "C:\Users\abdul\AppData\Local\Programs\Python\Python38\lib\site-packages\streamlit\runtime\scriptrunner\exec_code.py", line 88, in exec_func_with_error_handling
    result = func()
             └ <function ScriptRunner._run_script.<locals>.code_to_exec at 0x000001F0EF777CA0>

  File "C:\Users\abdul\AppData\Local\Programs\Python\Python38\lib\site-packages\streamlit\runtime\scriptrunner\script_runner.py", line 579, in code_to_exec
    exec(code, module.__dict__)
         │     │      └ <member '__dict__' of 'module' objects>
         │     └ <module '__main__' from 'D:\\OLLAMA\\youtube-chatbot12\\app.py'>
         └ <code object <module> at 0x000001F0C6335BE0, file "D:\OLLAMA\youtube-chatbot12\app.py", line 1>

  File "D:\OLLAMA\youtube-chatbot12\app.py", line 252, in <module>
    handle_video_load(video_url_input)
    │                 └ 'https://www.youtube.com/watch?v=ZzaPdXTrSb8'
    └ <function handle_video_load at 0x000001F0C631C670>

  File "D:\OLLAMA\youtube-chatbot12\app.py", line 226, in handle_video_load
    transcript = get_transcript(video_id)
                 │              └ 'ZzaPdXTrSb8'
                 └ <function get_transcript at 0x000001F0C6343940>

> File "D:\OLLAMA\youtube-chatbot12\chatbot.py", line 77, in get_transcript
    transcript_list = YouTubeTranscriptApi.list_transcripts(video_id)
                      │                                     └ 'ZzaPdXTrSb8'
                      └ <class 'youtube_transcript_api._api.YouTubeTranscriptApi'>

AttributeError: type object 'YouTubeTranscriptApi' has no attribute 'list_transcripts'
2026-06-10 09:39:20.761 | ERROR    | chatbot:get_transcript:104 - Unexpected error fetching transcript for ZzaPdXTrSb8
Traceback (most recent call last):

  File "C:\Users\abdul\AppData\Local\Programs\Python\Python38\lib\threading.py", line 890, in _bootstrap
    self._bootstrap_inner()
    │    └ <function Thread._bootstrap_inner at 0x000001F0C29FC040>
    └ <Thread(ScriptRunner.scriptThread, started 3256)>

  File "C:\Users\abdul\AppData\Local\Programs\Python\Python38\lib\threading.py", line 932, in _bootstrap_inner
    self.run()
    │    └ <function Thread.run at 0x000001F0C29FBD30>
    └ <Thread(ScriptRunner.scriptThread, started 3256)>

  File "C:\Users\abdul\AppData\Local\Programs\Python\Python38\lib\threading.py", line 870, in run
    self._target(*self._args, **self._kwargs)
    │    │        │    │        │    └ {}
    │    │        │    │        └ <Thread(ScriptRunner.scriptThread, started 3256)>
    │    │        │    └ ()
    │    │        └ <Thread(ScriptRunner.scriptThread, started 3256)>
    │    └ <bound method ScriptRunner._run_script_thread of ScriptRunner(_session_id='e046047c-0409-44dc-ac03-934ca8134b68', _main_scrip...
    └ <Thread(ScriptRunner.scriptThread, started 3256)>

  File "C:\Users\abdul\AppData\Local\Programs\Python\Python38\lib\site-packages\streamlit\runtime\scriptrunner\script_runner.py", line 320, in _run_script_thread
    self._run_script(request.rerun_data)
    │    │           │       └ <property object at 0x000001F0C4E27AE0>
    │    │           └ ScriptRequest(type=<ScriptRequestType.RERUN: 'RERUN'>, _rerun_data=RerunData(widget_states=widgets {
    │    │               id: "$$ID-38bab446a52e...
    │    └ <function ScriptRunner._run_script at 0x000001F0C4F033A0>
    └ ScriptRunner(_session_id='e046047c-0409-44dc-ac03-934ca8134b68', _main_script_path='app.py', _session_state={num_chunks: 0, m...

  File "C:\Users\abdul\AppData\Local\Programs\Python\Python38\lib\site-packages\streamlit\runtime\scriptrunner\script_runner.py", line 595, in _run_script
    ) = exec_func_with_error_handling(code_to_exec, ctx)
        │                             │             └ ScriptRunContext(session_id='e046047c-0409-44dc-ac03-934ca8134b68', _enqueue=<bound method ScriptRunner._enqueue_forward_msg ...
        │                             └ <function ScriptRunner._run_script.<locals>.code_to_exec at 0x000001F0EF777CA0>
        └ <function exec_func_with_error_handling at 0x000001F0C4E76DC0>

  File "C:\Users\abdul\AppData\Local\Programs\Python\Python38\lib\site-packages\streamlit\runtime\scriptrunner\exec_code.py", line 88, in exec_func_with_error_handling
    result = func()
             └ <function ScriptRunner._run_script.<locals>.code_to_exec at 0x000001F0EF777CA0>

  File "C:\Users\abdul\AppData\Local\Programs\Python\Python38\lib\site-packages\streamlit\runtime\scriptrunner\script_runner.py", line 579, in code_to_exec
    exec(code, module.__dict__)
         │     │      └ <member '__dict__' of 'module' objects>
         │     └ <module '__main__' from 'D:\\OLLAMA\\youtube-chatbot12\\app.py'>
         └ <code object <module> at 0x000001F0C6335BE0, file "D:\OLLAMA\youtube-chatbot12\app.py", line 1>

  File "D:\OLLAMA\youtube-chatbot12\app.py", line 252, in <module>
    handle_video_load(video_url_input)
    │                 └ 'https://www.youtube.com/watch?v=ZzaPdXTrSb8'
    └ <function handle_video_load at 0x000001F0C631C670>

  File "D:\OLLAMA\youtube-chatbot12\app.py", line 226, in handle_video_load
    transcript = get_transcript(video_id)
                 │              └ 'ZzaPdXTrSb8'
                 └ <function get_transcript at 0x000001F0C6343940>

> File "D:\OLLAMA\youtube-chatbot12\chatbot.py", line 77, in get_transcript
    transcript_list = YouTubeTranscriptApi.list_transcripts(video_id)
                      │                                     └ 'ZzaPdXTrSb8'
                      └ <class 'youtube_transcript_api._api.YouTubeTranscriptApi'>

AttributeError: type object 'YouTubeTranscriptApi' has no attribute 'list_transcripts'
2026-06-10 09:39:20.761 | ERROR    | chatbot:get_transcript:104 - Unexpected error fetching transcript for ZzaPdXTrSb8
Traceback (most recent call last):

  File "C:\Users\abdul\AppData\Local\Programs\Python\Python38\lib\threading.py", line 890, in _bootstrap
    self._bootstrap_inner()
    │    └ <function Thread._bootstrap_inner at 0x000001F0C29FC040>
    └ <Thread(ScriptRunner.scriptThread, started 3256)>

  File "C:\Users\abdul\AppData\Local\Programs\Python\Python38\lib\threading.py", line 932, in _bootstrap_inner
    self.run()
    │    └ <function Thread.run at 0x000001F0C29FBD30>
    └ <Thread(ScriptRunner.scriptThread, started 3256)>

  File "C:\Users\abdul\AppData\Local\Programs\Python\Python38\lib\threading.py", line 870, in run
    self._target(*self._args, **self._kwargs)
    │    │        │    │        │    └ {}
    │    │        │    │        └ <Thread(ScriptRunner.scriptThread, started 3256)>
    │    │        │    └ ()
    │    │        └ <Thread(ScriptRunner.scriptThread, started 3256)>
    │    └ <bound method ScriptRunner._run_script_thread of ScriptRunner(_session_id='e046047c-0409-44dc-ac03-934ca8134b68', _main_scrip...
    └ <Thread(ScriptRunner.scriptThread, started 3256)>

  File "C:\Users\abdul\AppData\Local\Programs\Python\Python38\lib\site-packages\streamlit\runtime\scriptrunner\script_runner.py", line 320, in _run_script_thread
    self._run_script(request.rerun_data)
    │    │           │       └ <property object at 0x000001F0C4E27AE0>
    │    │           └ ScriptRequest(type=<ScriptRequestType.RERUN: 'RERUN'>, _rerun_data=RerunData(widget_states=widgets {
    │    │               id: "$$ID-38bab446a52e...
    │    └ <function ScriptRunner._run_script at 0x000001F0C4F033A0>
    └ ScriptRunner(_session_id='e046047c-0409-44dc-ac03-934ca8134b68', _main_script_path='app.py', _session_state={num_chunks: 0, m...

  File "C:\Users\abdul\AppData\Local\Programs\Python\Python38\lib\site-packages\streamlit\runtime\scriptrunner\script_runner.py", line 595, in _run_script
    ) = exec_func_with_error_handling(code_to_exec, ctx)
        │                             │             └ ScriptRunContext(session_id='e046047c-0409-44dc-ac03-934ca8134b68', _enqueue=<bound method ScriptRunner._enqueue_forward_msg ...
        │                             └ <function ScriptRunner._run_script.<locals>.code_to_exec at 0x000001F0EF777CA0>
        └ <function exec_func_with_error_handling at 0x000001F0C4E76DC0>

  File "C:\Users\abdul\AppData\Local\Programs\Python\Python38\lib\site-packages\streamlit\runtime\scriptrunner\exec_code.py", line 88, in exec_func_with_error_handling
    result = func()
             └ <function ScriptRunner._run_script.<locals>.code_to_exec at 0x000001F0EF777CA0>

  File "C:\Users\abdul\AppData\Local\Programs\Python\Python38\lib\site-packages\streamlit\runtime\scriptrunner\script_runner.py", line 579, in code_to_exec
    exec(code, module.__dict__)
         │     │      └ <member '__dict__' of 'module' objects>
         │     └ <module '__main__' from 'D:\\OLLAMA\\youtube-chatbot12\\app.py'>
         └ <code object <module> at 0x000001F0C6335BE0, file "D:\OLLAMA\youtube-chatbot12\app.py", line 1>

  File "D:\OLLAMA\youtube-chatbot12\app.py", line 252, in <module>
    handle_video_load(video_url_input)
    │                 └ 'https://www.youtube.com/watch?v=ZzaPdXTrSb8'
    └ <function handle_video_load at 0x000001F0C631C670>

  File "D:\OLLAMA\youtube-chatbot12\app.py", line 226, in handle_video_load
    transcript = get_transcript(video_id)
                 │              └ 'ZzaPdXTrSb8'
                 └ <function get_transcript at 0x000001F0C6343940>

> File "D:\OLLAMA\youtube-chatbot12\chatbot.py", line 77, in get_transcript
    transcript_list = YouTubeTranscriptApi.list_transcripts(video_id)
                      │                                     └ 'ZzaPdXTrSb8'
                      └ <class 'youtube_transcript_api._api.YouTubeTranscriptApi'>

AttributeError: type object 'YouTubeTranscriptApi' has no attribute 'list_transcripts'
2026-06-10 09:39:20.761 | ERROR    | chatbot:get_transcript:104 - Unexpected error fetching transcript for ZzaPdXTrSb8
Traceback (most recent call last):

  File "C:\Users\abdul\AppData\Local\Programs\Python\Python38\lib\threading.py", line 890, in _bootstrap
    self._bootstrap_inner()
    │    └ <function Thread._bootstrap_inner at 0x000001F0C29FC040>
    └ <Thread(ScriptRunner.scriptThread, started 3256)>

  File "C:\Users\abdul\AppData\Local\Programs\Python\Python38\lib\threading.py", line 932, in _bootstrap_inner
    self.run()
    │    └ <function Thread.run at 0x000001F0C29FBD30>
    └ <Thread(ScriptRunner.scriptThread, started 3256)>

  File "C:\Users\abdul\AppData\Local\Programs\Python\Python38\lib\threading.py", line 870, in run
    self._target(*self._args, **self._kwargs)
    │    │        │    │        │    └ {}
    │    │        │    │        └ <Thread(ScriptRunner.scriptThread, started 3256)>
    │    │        │    └ ()
    │    │        └ <Thread(ScriptRunner.scriptThread, started 3256)>
    │    └ <bound method ScriptRunner._run_script_thread of ScriptRunner(_session_id='e046047c-0409-44dc-ac03-934ca8134b68', _main_scrip...
    └ <Thread(ScriptRunner.scriptThread, started 3256)>

  File "C:\Users\abdul\AppData\Local\Programs\Python\Python38\lib\site-packages\streamlit\runtime\scriptrunner\script_runner.py", line 320, in _run_script_thread
    self._run_script(request.rerun_data)
    │    │           │       └ <property object at 0x000001F0C4E27AE0>
    │    │           └ ScriptRequest(type=<ScriptRequestType.RERUN: 'RERUN'>, _rerun_data=RerunData(widget_states=widgets {
    │    │               id: "$$ID-38bab446a52e...
    │    └ <function ScriptRunner._run_script at 0x000001F0C4F033A0>
    └ ScriptRunner(_session_id='e046047c-0409-44dc-ac03-934ca8134b68', _main_script_path='app.py', _session_state={num_chunks: 0, m...

  File "C:\Users\abdul\AppData\Local\Programs\Python\Python38\lib\site-packages\streamlit\runtime\scriptrunner\script_runner.py", line 595, in _run_script
    ) = exec_func_with_error_handling(code_to_exec, ctx)
        │                             │             └ ScriptRunContext(session_id='e046047c-0409-44dc-ac03-934ca8134b68', _enqueue=<bound method ScriptRunner._enqueue_forward_msg ...
        │                             └ <function ScriptRunner._run_script.<locals>.code_to_exec at 0x000001F0EF777CA0>
        └ <function exec_func_with_error_handling at 0x000001F0C4E76DC0>

  File "C:\Users\abdul\AppData\Local\Programs\Python\Python38\lib\site-packages\streamlit\runtime\scriptrunner\exec_code.py", line 88, in exec_func_with_error_handling
    result = func()
             └ <function ScriptRunner._run_script.<locals>.code_to_exec at 0x000001F0EF777CA0>

  File "C:\Users\abdul\AppData\Local\Programs\Python\Python38\lib\site-packages\streamlit\runtime\scriptrunner\script_runner.py", line 579, in code_to_exec
    exec(code, module.__dict__)
         │     │      └ <member '__dict__' of 'module' objects>
         │     └ <module '__main__' from 'D:\\OLLAMA\\youtube-chatbot12\\app.py'>
         └ <code object <module> at 0x000001F0C6335BE0, file "D:\OLLAMA\youtube-chatbot12\app.py", line 1>

  File "D:\OLLAMA\youtube-chatbot12\app.py", line 252, in <module>
    handle_video_load(video_url_input)
    │                 └ 'https://www.youtube.com/watch?v=ZzaPdXTrSb8'
    └ <function handle_video_load at 0x000001F0C631C670>

  File "D:\OLLAMA\youtube-chatbot12\app.py", line 226, in handle_video_load
    transcript = get_transcript(video_id)
                 │              └ 'ZzaPdXTrSb8'
                 └ <function get_transcript at 0x000001F0C6343940>

> File "D:\OLLAMA\youtube-chatbot12\chatbot.py", line 77, in get_transcript
    transcript_list = YouTubeTranscriptApi.list_transcripts(video_id)
                      │                                     └ 'ZzaPdXTrSb8'
                      └ <class 'youtube_transcript_api._api.YouTubeTranscriptApi'>

AttributeError: type object 'YouTubeTranscriptApi' has no attribute 'list_transcripts'
2026-06-10 09:39:20.761 | ERROR    | chatbot:get_transcript:104 - Unexpected error fetching transcript for ZzaPdXTrSb8
Traceback (most recent call last):

  File "C:\Users\abdul\AppData\Local\Programs\Python\Python38\lib\threading.py", line 890, in _bootstrap
    self._bootstrap_inner()
    │    └ <function Thread._bootstrap_inner at 0x000001F0C29FC040>
    └ <Thread(ScriptRunner.scriptThread, started 3256)>

  File "C:\Users\abdul\AppData\Local\Programs\Python\Python38\lib\threading.py", line 932, in _bootstrap_inner
    self.run()
    │    └ <function Thread.run at 0x000001F0C29FBD30>
    └ <Thread(ScriptRunner.scriptThread, started 3256)>

  File "C:\Users\abdul\AppData\Local\Programs\Python\Python38\lib\threading.py", line 870, in run
    self._target(*self._args, **self._kwargs)
    │    │        │    │        │    └ {}
    │    │        │    │        └ <Thread(ScriptRunner.scriptThread, started 3256)>
    │    │        │    └ ()
    │    │        └ <Thread(ScriptRunner.scriptThread, started 3256)>
    │    └ <bound method ScriptRunner._run_script_thread of ScriptRunner(_session_id='e046047c-0409-44dc-ac03-934ca8134b68', _main_scrip...
    └ <Thread(ScriptRunner.scriptThread, started 3256)>

  File "C:\Users\abdul\AppData\Local\Programs\Python\Python38\lib\site-packages\streamlit\runtime\scriptrunner\script_runner.py", line 320, in _run_script_thread
    self._run_script(request.rerun_data)
    │    │           │       └ <property object at 0x000001F0C4E27AE0>
    │    │           └ ScriptRequest(type=<ScriptRequestType.RERUN: 'RERUN'>, _rerun_data=RerunData(widget_states=widgets {
    │    │               id: "$$ID-38bab446a52e...
    │    └ <function ScriptRunner._run_script at 0x000001F0C4F033A0>
    └ ScriptRunner(_session_id='e046047c-0409-44dc-ac03-934ca8134b68', _main_script_path='app.py', _session_state={num_chunks: 0, m...

  File "C:\Users\abdul\AppData\Local\Programs\Python\Python38\lib\site-packages\streamlit\runtime\scriptrunner\script_runner.py", line 595, in _run_script
    ) = exec_func_with_error_handling(code_to_exec, ctx)
        │                             │             └ ScriptRunContext(session_id='e046047c-0409-44dc-ac03-934ca8134b68', _enqueue=<bound method ScriptRunner._enqueue_forward_msg ...
        │                             └ <function ScriptRunner._run_script.<locals>.code_to_exec at 0x000001F0EF777CA0>
        └ <function exec_func_with_error_handling at 0x000001F0C4E76DC0>

  File "C:\Users\abdul\AppData\Local\Programs\Python\Python38\lib\site-packages\streamlit\runtime\scriptrunner\exec_code.py", line 88, in exec_func_with_error_handling
    result = func()
             └ <function ScriptRunner._run_script.<locals>.code_to_exec at 0x000001F0EF777CA0>

  File "C:\Users\abdul\AppData\Local\Programs\Python\Python38\lib\site-packages\streamlit\runtime\scriptrunner\script_runner.py", line 579, in code_to_exec
    exec(code, module.__dict__)
         │     │      └ <member '__dict__' of 'module' objects>
         │     └ <module '__main__' from 'D:\\OLLAMA\\youtube-chatbot12\\app.py'>
         └ <code object <module> at 0x000001F0C6335BE0, file "D:\OLLAMA\youtube-chatbot12\app.py", line 1>

  File "D:\OLLAMA\youtube-chatbot12\app.py", line 252, in <module>
    handle_video_load(video_url_input)
    │                 └ 'https://www.youtube.com/watch?v=ZzaPdXTrSb8'
    └ <function handle_video_load at 0x000001F0C631C670>

  File "D:\OLLAMA\youtube-chatbot12\app.py", line 226, in handle_video_load
    transcript = get_transcript(video_id)
                 │              └ 'ZzaPdXTrSb8'
                 └ <function get_transcript at 0x000001F0C6343940>

> File "D:\OLLAMA\youtube-chatbot12\chatbot.py", line 77, in get_transcript
    transcript_list = YouTubeTranscriptApi.list_transcripts(video_id)
                      │                                     └ 'ZzaPdXTrSb8'
                      └ <class 'youtube_transcript_api._api.YouTubeTranscriptApi'>

AttributeError: type object 'YouTubeTranscriptApi' has no attribute 'list_transcripts'
2026-06-10 09:39:20.761 | ERROR    | chatbot:get_transcript:104 - Unexpected error fetching transcript for ZzaPdXTrSb8
Traceback (most recent call last):

  File "C:\Users\abdul\AppData\Local\Programs\Python\Python38\lib\threading.py", line 890, in _bootstrap
    self._bootstrap_inner()
    │    └ <function Thread._bootstrap_inner at 0x000001F0C29FC040>
    └ <Thread(ScriptRunner.scriptThread, started 3256)>

  File "C:\Users\abdul\AppData\Local\Programs\Python\Python38\lib\threading.py", line 932, in _bootstrap_inner
    self.run()
    │    └ <function Thread.run at 0x000001F0C29FBD30>
    └ <Thread(ScriptRunner.scriptThread, started 3256)>

  File "C:\Users\abdul\AppData\Local\Programs\Python\Python38\lib\threading.py", line 870, in run
    self._target(*self._args, **self._kwargs)
    │    │        │    │        │    └ {}
    │    │        │    │        └ <Thread(ScriptRunner.scriptThread, started 3256)>
    │    │        │    └ ()
    │    │        └ <Thread(ScriptRunner.scriptThread, started 3256)>
    │    └ <bound method ScriptRunner._run_script_thread of ScriptRunner(_session_id='e046047c-0409-44dc-ac03-934ca8134b68', _main_scrip...
    └ <Thread(ScriptRunner.scriptThread, started 3256)>

  File "C:\Users\abdul\AppData\Local\Programs\Python\Python38\lib\site-packages\streamlit\runtime\scriptrunner\script_runner.py", line 320, in _run_script_thread
    self._run_script(request.rerun_data)
    │    │           │       └ <property object at 0x000001F0C4E27AE0>
    │    │           └ ScriptRequest(type=<ScriptRequestType.RERUN: 'RERUN'>, _rerun_data=RerunData(widget_states=widgets {
    │    │               id: "$$ID-38bab446a52e...
    │    └ <function ScriptRunner._run_script at 0x000001F0C4F033A0>
    └ ScriptRunner(_session_id='e046047c-0409-44dc-ac03-934ca8134b68', _main_script_path='app.py', _session_state={num_chunks: 0, m...

  File "C:\Users\abdul\AppData\Local\Programs\Python\Python38\lib\site-packages\streamlit\runtime\scriptrunner\script_runner.py", line 595, in _run_script
    ) = exec_func_with_error_handling(code_to_exec, ctx)
        │                             │             └ ScriptRunContext(session_id='e046047c-0409-44dc-ac03-934ca8134b68', _enqueue=<bound method ScriptRunner._enqueue_forward_msg ...
        │                             └ <function ScriptRunner._run_script.<locals>.code_to_exec at 0x000001F0EF777CA0>
        └ <function exec_func_with_error_handling at 0x000001F0C4E76DC0>

  File "C:\Users\abdul\AppData\Local\Programs\Python\Python38\lib\site-packages\streamlit\runtime\scriptrunner\exec_code.py", line 88, in exec_func_with_error_handling
    result = func()
             └ <function ScriptRunner._run_script.<locals>.code_to_exec at 0x000001F0EF777CA0>

  File "C:\Users\abdul\AppData\Local\Programs\Python\Python38\lib\site-packages\streamlit\runtime\scriptrunner\script_runner.py", line 579, in code_to_exec
    exec(code, module.__dict__)
         │     │      └ <member '__dict__' of 'module' objects>
         │     └ <module '__main__' from 'D:\\OLLAMA\\youtube-chatbot12\\app.py'>
         └ <code object <module> at 0x000001F0C6335BE0, file "D:\OLLAMA\youtube-chatbot12\app.py", line 1>

  File "D:\OLLAMA\youtube-chatbot12\app.py", line 252, in <module>
    handle_video_load(video_url_input)
    │                 └ 'https://www.youtube.com/watch?v=ZzaPdXTrSb8'
    └ <function handle_video_load at 0x000001F0C631C670>

  File "D:\OLLAMA\youtube-chatbot12\app.py", line 226, in handle_video_load
    transcript = get_transcript(video_id)
                 │              └ 'ZzaPdXTrSb8'
                 └ <function get_transcript at 0x000001F0C6343940>

> File "D:\OLLAMA\youtube-chatbot12\chatbot.py", line 77, in get_transcript
    transcript_list = YouTubeTranscriptApi.list_transcripts(video_id)
                      │                                     └ 'ZzaPdXTrSb8'
                      └ <class 'youtube_transcript_api._api.YouTubeTranscriptApi'>

AttributeError: type object 'YouTubeTranscriptApi' has no attribute 'list_transcripts'
2026-06-10 09:39:20.761 | ERROR    | chatbot:get_transcript:104 - Unexpected error fetching transcript for ZzaPdXTrSb8
Traceback (most recent call last):

  File "C:\Users\abdul\AppData\Local\Programs\Python\Python38\lib\threading.py", line 890, in _bootstrap
    self._bootstrap_inner()
    │    └ <function Thread._bootstrap_inner at 0x000001F0C29FC040>
    └ <Thread(ScriptRunner.scriptThread, started 3256)>

  File "C:\Users\abdul\AppData\Local\Programs\Python\Python38\lib\threading.py", line 932, in _bootstrap_inner
    self.run()
    │    └ <function Thread.run at 0x000001F0C29FBD30>
    └ <Thread(ScriptRunner.scriptThread, started 3256)>

  File "C:\Users\abdul\AppData\Local\Programs\Python\Python38\lib\threading.py", line 870, in run
    self._target(*self._args, **self._kwargs)
    │    │        │    │        │    └ {}
    │    │        │    │        └ <Thread(ScriptRunner.scriptThread, started 3256)>
    │    │        │    └ ()
    │    │        └ <Thread(ScriptRunner.scriptThread, started 3256)>
    │    └ <bound method ScriptRunner._run_script_thread of ScriptRunner(_session_id='e046047c-0409-44dc-ac03-934ca8134b68', _main_scrip...
    └ <Thread(ScriptRunner.scriptThread, started 3256)>

  File "C:\Users\abdul\AppData\Local\Programs\Python\Python38\lib\site-packages\streamlit\runtime\scriptrunner\script_runner.py", line 320, in _run_script_thread
    self._run_script(request.rerun_data)
    │    │           │       └ <property object at 0x000001F0C4E27AE0>
    │    │           └ ScriptRequest(type=<ScriptRequestType.RERUN: 'RERUN'>, _rerun_data=RerunData(widget_states=widgets {
    │    │               id: "$$ID-38bab446a52e...
    │    └ <function ScriptRunner._run_script at 0x000001F0C4F033A0>
    └ ScriptRunner(_session_id='e046047c-0409-44dc-ac03-934ca8134b68', _main_script_path='app.py', _session_state={num_chunks: 0, m...

  File "C:\Users\abdul\AppData\Local\Programs\Python\Python38\lib\site-packages\streamlit\runtime\scriptrunner\script_runner.py", line 595, in _run_script
    ) = exec_func_with_error_handling(code_to_exec, ctx)
        │                             │             └ ScriptRunContext(session_id='e046047c-0409-44dc-ac03-934ca8134b68', _enqueue=<bound method ScriptRunner._enqueue_forward_msg ...
        │                             └ <function ScriptRunner._run_script.<locals>.code_to_exec at 0x000001F0EF777CA0>
        └ <function exec_func_with_error_handling at 0x000001F0C4E76DC0>

  File "C:\Users\abdul\AppData\Local\Programs\Python\Python38\lib\site-packages\streamlit\runtime\scriptrunner\exec_code.py", line 88, in exec_func_with_error_handling
    result = func()
             └ <function ScriptRunner._run_script.<locals>.code_to_exec at 0x000001F0EF777CA0>

  File "C:\Users\abdul\AppData\Local\Programs\Python\Python38\lib\site-packages\streamlit\runtime\scriptrunner\script_runner.py", line 579, in code_to_exec
    exec(code, module.__dict__)
         │     │      └ <member '__dict__' of 'module' objects>
         │     └ <module '__main__' from 'D:\\OLLAMA\\youtube-chatbot12\\app.py'>
         └ <code object <module> at 0x000001F0C6335BE0, file "D:\OLLAMA\youtube-chatbot12\app.py", line 1>

  File "D:\OLLAMA\youtube-chatbot12\app.py", line 252, in <module>
    handle_video_load(video_url_input)
    │                 └ 'https://www.youtube.com/watch?v=ZzaPdXTrSb8'
    └ <function handle_video_load at 0x000001F0C631C670>

  File "D:\OLLAMA\youtube-chatbot12\app.py", line 226, in handle_video_load
    transcript = get_transcript(video_id)
                 │              └ 'ZzaPdXTrSb8'
                 └ <function get_transcript at 0x000001F0C6343940>

> File "D:\OLLAMA\youtube-chatbot12\chatbot.py", line 77, in get_transcript
    transcript_list = YouTubeTranscriptApi.list_transcripts(video_id)
                      │                                     └ 'ZzaPdXTrSb8'
                      └ <class 'youtube_transcript_api._api.YouTubeTranscriptApi'>

AttributeError: type object 'YouTubeTranscriptApi' has no attribute 'list_transcripts'
2026-06-10 09:39:20.761 | ERROR    | chatbot:get_transcript:104 - Unexpected error fetching transcript for ZzaPdXTrSb8
Traceback (most recent call last):

  File "C:\Users\abdul\AppData\Local\Programs\Python\Python38\lib\threading.py", line 890, in _bootstrap
    self._bootstrap_inner()
    │    └ <function Thread._bootstrap_inner at 0x000001F0C29FC040>
    └ <Thread(ScriptRunner.scriptThread, started 3256)>

  File "C:\Users\abdul\AppData\Local\Programs\Python\Python38\lib\threading.py", line 932, in _bootstrap_inner
    self.run()
    │    └ <function Thread.run at 0x000001F0C29FBD30>
    └ <Thread(ScriptRunner.scriptThread, started 3256)>

  File "C:\Users\abdul\AppData\Local\Programs\Python\Python38\lib\threading.py", line 870, in run
    self._target(*self._args, **self._kwargs)
    │    │        │    │        │    └ {}
    │    │        │    │        └ <Thread(ScriptRunner.scriptThread, started 3256)>
    │    │        │    └ ()
    │    │        └ <Thread(ScriptRunner.scriptThread, started 3256)>
    │    └ <bound method ScriptRunner._run_script_thread of ScriptRunner(_session_id='e046047c-0409-44dc-ac03-934ca8134b68', _main_scrip...
    └ <Thread(ScriptRunner.scriptThread, started 3256)>

  File "C:\Users\abdul\AppData\Local\Programs\Python\Python38\lib\site-packages\streamlit\runtime\scriptrunner\script_runner.py", line 320, in _run_script_thread
    self._run_script(request.rerun_data)
    │    │           │       └ <property object at 0x000001F0C4E27AE0>
    │    │           └ ScriptRequest(type=<ScriptRequestType.RERUN: 'RERUN'>, _rerun_data=RerunData(widget_states=widgets {
    │    │               id: "$$ID-38bab446a52e...
    │    └ <function ScriptRunner._run_script at 0x000001F0C4F033A0>
    └ ScriptRunner(_session_id='e046047c-0409-44dc-ac03-934ca8134b68', _main_script_path='app.py', _session_state={num_chunks: 0, m...

  File "C:\Users\abdul\AppData\Local\Programs\Python\Python38\lib\site-packages\streamlit\runtime\scriptrunner\script_runner.py", line 595, in _run_script
    ) = exec_func_with_error_handling(code_to_exec, ctx)
        │                             │             └ ScriptRunContext(session_id='e046047c-0409-44dc-ac03-934ca8134b68', _enqueue=<bound method ScriptRunner._enqueue_forward_msg ...
        │                             └ <function ScriptRunner._run_script.<locals>.code_to_exec at 0x000001F0EF777CA0>
        └ <function exec_func_with_error_handling at 0x000001F0C4E76DC0>

  File "C:\Users\abdul\AppData\Local\Programs\Python\Python38\lib\site-packages\streamlit\runtime\scriptrunner\exec_code.py", line 88, in exec_func_with_error_handling
    result = func()
             └ <function ScriptRunner._run_script.<locals>.code_to_exec at 0x000001F0EF777CA0>

  File "C:\Users\abdul\AppData\Local\Programs\Python\Python38\lib\site-packages\streamlit\runtime\scriptrunner\script_runner.py", line 579, in code_to_exec
    exec(code, module.__dict__)
         │     │      └ <member '__dict__' of 'module' objects>
         │     └ <module '__main__' from 'D:\\OLLAMA\\youtube-chatbot12\\app.py'>
         └ <code object <module> at 0x000001F0C6335BE0, file "D:\OLLAMA\youtube-chatbot12\app.py", line 1>

  File "D:\OLLAMA\youtube-chatbot12\app.py", line 252, in <module>
    handle_video_load(video_url_input)
    │                 └ 'https://www.youtube.com/watch?v=ZzaPdXTrSb8'
    └ <function handle_video_load at 0x000001F0C631C670>

  File "D:\OLLAMA\youtube-chatbot12\app.py", line 226, in handle_video_load
    transcript = get_transcript(video_id)
                 │              └ 'ZzaPdXTrSb8'
                 └ <function get_transcript at 0x000001F0C6343940>

> File "D:\OLLAMA\youtube-chatbot12\chatbot.py", line 77, in get_transcript
    transcript_list = YouTubeTranscriptApi.list_transcripts(video_id)
                      │                                     └ 'ZzaPdXTrSb8'
                      └ <class 'youtube_transcript_api._api.YouTubeTranscriptApi'>

AttributeError: type object 'YouTubeTranscriptApi' has no attribute 'list_transcripts'
2026-06-10 09:39:20.761 | ERROR    | chatbot:get_transcript:104 - Unexpected error fetching transcript for ZzaPdXTrSb8
Traceback (most recent call last):

  File "C:\Users\abdul\AppData\Local\Programs\Python\Python38\lib\threading.py", line 890, in _bootstrap
    self._bootstrap_inner()
    │    └ <function Thread._bootstrap_inner at 0x000001F0C29FC040>
    └ <Thread(ScriptRunner.scriptThread, started 3256)>

  File "C:\Users\abdul\AppData\Local\Programs\Python\Python38\lib\threading.py", line 932, in _bootstrap_inner
    self.run()
    │    └ <function Thread.run at 0x000001F0C29FBD30>
    └ <Thread(ScriptRunner.scriptThread, started 3256)>

  File "C:\Users\abdul\AppData\Local\Programs\Python\Python38\lib\threading.py", line 870, in run
    self._target(*self._args, **self._kwargs)
    │    │        │    │        │    └ {}
    │    │        │    │        └ <Thread(ScriptRunner.scriptThread, started 3256)>
    │    │        │    └ ()
    │    │        └ <Thread(ScriptRunner.scriptThread, started 3256)>
    │    └ <bound method ScriptRunner._run_script_thread of ScriptRunner(_session_id='e046047c-0409-44dc-ac03-934ca8134b68', _main_scrip...
    └ <Thread(ScriptRunner.scriptThread, started 3256)>

  File "C:\Users\abdul\AppData\Local\Programs\Python\Python38\lib\site-packages\streamlit\runtime\scriptrunner\script_runner.py", line 320, in _run_script_thread
    self._run_script(request.rerun_data)
    │    │           │       └ <property object at 0x000001F0C4E27AE0>
    │    │           └ ScriptRequest(type=<ScriptRequestType.RERUN: 'RERUN'>, _rerun_data=RerunData(widget_states=widgets {
    │    │               id: "$$ID-38bab446a52e...
    │    └ <function ScriptRunner._run_script at 0x000001F0C4F033A0>
    └ ScriptRunner(_session_id='e046047c-0409-44dc-ac03-934ca8134b68', _main_script_path='app.py', _session_state={num_chunks: 0, m...

  File "C:\Users\abdul\AppData\Local\Programs\Python\Python38\lib\site-packages\streamlit\runtime\scriptrunner\script_runner.py", line 595, in _run_script
    ) = exec_func_with_error_handling(code_to_exec, ctx)
        │                             │             └ ScriptRunContext(session_id='e046047c-0409-44dc-ac03-934ca8134b68', _enqueue=<bound method ScriptRunner._enqueue_forward_msg ...
        │                             └ <function ScriptRunner._run_script.<locals>.code_to_exec at 0x000001F0EF777CA0>
        └ <function exec_func_with_error_handling at 0x000001F0C4E76DC0>

  File "C:\Users\abdul\AppData\Local\Programs\Python\Python38\lib\site-packages\streamlit\runtime\scriptrunner\exec_code.py", line 88, in exec_func_with_error_handling
    result = func()
             └ <function ScriptRunner._run_script.<locals>.code_to_exec at 0x000001F0EF777CA0>

  File "C:\Users\abdul\AppData\Local\Programs\Python\Python38\lib\site-packages\streamlit\runtime\scriptrunner\script_runner.py", line 579, in code_to_exec
    exec(code, module.__dict__)
         │     │      └ <member '__dict__' of 'module' objects>
         │     └ <module '__main__' from 'D:\\OLLAMA\\youtube-chatbot12\\app.py'>
         └ <code object <module> at 0x000001F0C6335BE0, file "D:\OLLAMA\youtube-chatbot12\app.py", line 1>

  File "D:\OLLAMA\youtube-chatbot12\app.py", line 252, in <module>
    handle_video_load(video_url_input)
    │                 └ 'https://www.youtube.com/watch?v=ZzaPdXTrSb8'
    └ <function handle_video_load at 0x000001F0C631C670>

  File "D:\OLLAMA\youtube-chatbot12\app.py", line 226, in handle_video_load
    transcript = get_transcript(video_id)
                 │              └ 'ZzaPdXTrSb8'
                 └ <function get_transcript at 0x000001F0C6343940>

> File "D:\OLLAMA\youtube-chatbot12\chatbot.py", line 77, in get_transcript
    transcript_list = YouTubeTranscriptApi.list_transcripts(video_id)
                      │                                     └ 'ZzaPdXTrSb8'
                      └ <class 'youtube_transcript_api._api.YouTubeTranscriptApi'>

AttributeError: type object 'YouTubeTranscriptApi' has no attribute 'list_transcripts'
2026-06-10 09:39:20.761 | ERROR    | chatbot:get_transcript:104 - Unexpected error fetching transcript for ZzaPdXTrSb8
Traceback (most recent call last):

  File "C:\Users\abdul\AppData\Local\Programs\Python\Python38\lib\threading.py", line 890, in _bootstrap
    self._bootstrap_inner()
    │    └ <function Thread._bootstrap_inner at 0x000001F0C29FC040>
    └ <Thread(ScriptRunner.scriptThread, started 3256)>

  File "C:\Users\abdul\AppData\Local\Programs\Python\Python38\lib\threading.py", line 932, in _bootstrap_inner
    self.run()
    │    └ <function Thread.run at 0x000001F0C29FBD30>
    └ <Thread(ScriptRunner.scriptThread, started 3256)>

  File "C:\Users\abdul\AppData\Local\Programs\Python\Python38\lib\threading.py", line 870, in run
    self._target(*self._args, **self._kwargs)
    │    │        │    │        │    └ {}
    │    │        │    │        └ <Thread(ScriptRunner.scriptThread, started 3256)>
    │    │        │    └ ()
    │    │        └ <Thread(ScriptRunner.scriptThread, started 3256)>
    │    └ <bound method ScriptRunner._run_script_thread of ScriptRunner(_session_id='e046047c-0409-44dc-ac03-934ca8134b68', _main_scrip...
    └ <Thread(ScriptRunner.scriptThread, started 3256)>

  File "C:\Users\abdul\AppData\Local\Programs\Python\Python38\lib\site-packages\streamlit\runtime\scriptrunner\script_runner.py", line 320, in _run_script_thread
    self._run_script(request.rerun_data)
    │    │           │       └ <property object at 0x000001F0C4E27AE0>
    │    │           └ ScriptRequest(type=<ScriptRequestType.RERUN: 'RERUN'>, _rerun_data=RerunData(widget_states=widgets {
    │    │               id: "$$ID-38bab446a52e...
    │    └ <function ScriptRunner._run_script at 0x000001F0C4F033A0>
    └ ScriptRunner(_session_id='e046047c-0409-44dc-ac03-934ca8134b68', _main_script_path='app.py', _session_state={num_chunks: 0, m...

  File "C:\Users\abdul\AppData\Local\Programs\Python\Python38\lib\site-packages\streamlit\runtime\scriptrunner\script_runner.py", line 595, in _run_script
    ) = exec_func_with_error_handling(code_to_exec, ctx)
        │                             │             └ ScriptRunContext(session_id='e046047c-0409-44dc-ac03-934ca8134b68', _enqueue=<bound method ScriptRunner._enqueue_forward_msg ...
        │                             └ <function ScriptRunner._run_script.<locals>.code_to_exec at 0x000001F0EF777CA0>
        └ <function exec_func_with_error_handling at 0x000001F0C4E76DC0>

  File "C:\Users\abdul\AppData\Local\Programs\Python\Python38\lib\site-packages\streamlit\runtime\scriptrunner\exec_code.py", line 88, in exec_func_with_error_handling
    result = func()
             └ <function ScriptRunner._run_script.<locals>.code_to_exec at 0x000001F0EF777CA0>

  File "C:\Users\abdul\AppData\Local\Programs\Python\Python38\lib\site-packages\streamlit\runtime\scriptrunner\script_runner.py", line 579, in code_to_exec
    exec(code, module.__dict__)
         │     │      └ <member '__dict__' of 'module' objects>
         │     └ <module '__main__' from 'D:\\OLLAMA\\youtube-chatbot12\\app.py'>
         └ <code object <module> at 0x000001F0C6335BE0, file "D:\OLLAMA\youtube-chatbot12\app.py", line 1>

  File "D:\OLLAMA\youtube-chatbot12\app.py", line 252, in <module>
    handle_video_load(video_url_input)
    │                 └ 'https://www.youtube.com/watch?v=ZzaPdXTrSb8'
    └ <function handle_video_load at 0x000001F0C631C670>

  File "D:\OLLAMA\youtube-chatbot12\app.py", line 226, in handle_video_load
    transcript = get_transcript(video_id)
                 │              └ 'ZzaPdXTrSb8'
                 └ <function get_transcript at 0x000001F0C6343940>

> File "D:\OLLAMA\youtube-chatbot12\chatbot.py", line 77, in get_transcript
    transcript_list = YouTubeTranscriptApi.list_transcripts(video_id)
                      │                                     └ 'ZzaPdXTrSb8'
                      └ <class 'youtube_transcript_api._api.YouTubeTranscriptApi'>

AttributeError: type object 'YouTubeTranscriptApi' has no attribute 'list_transcripts'
2026-06-10 09:39:20.761 | ERROR    | chatbot:get_transcript:104 - Unexpected error fetching transcript for ZzaPdXTrSb8
Traceback (most recent call last):

  File "C:\Users\abdul\AppData\Local\Programs\Python\Python38\lib\threading.py", line 890, in _bootstrap
    self._bootstrap_inner()
    │    └ <function Thread._bootstrap_inner at 0x000001F0C29FC040>
    └ <Thread(ScriptRunner.scriptThread, started 3256)>

  File "C:\Users\abdul\AppData\Local\Programs\Python\Python38\lib\threading.py", line 932, in _bootstrap_inner
    self.run()
    │    └ <function Thread.run at 0x000001F0C29FBD30>
    └ <Thread(ScriptRunner.scriptThread, started 3256)>

  File "C:\Users\abdul\AppData\Local\Programs\Python\Python38\lib\threading.py", line 870, in run
    self._target(*self._args, **self._kwargs)
    │    │        │    │        │    └ {}
    │    │        │    │        └ <Thread(ScriptRunner.scriptThread, started 3256)>
    │    │        │    └ ()
    │    │        └ <Thread(ScriptRunner.scriptThread, started 3256)>
    │    └ <bound method ScriptRunner._run_script_thread of ScriptRunner(_session_id='e046047c-0409-44dc-ac03-934ca8134b68', _main_scrip...
    └ <Thread(ScriptRunner.scriptThread, started 3256)>

  File "C:\Users\abdul\AppData\Local\Programs\Python\Python38\lib\site-packages\streamlit\runtime\scriptrunner\script_runner.py", line 320, in _run_script_thread
    self._run_script(request.rerun_data)
    │    │           │       └ <property object at 0x000001F0C4E27AE0>
    │    │           └ ScriptRequest(type=<ScriptRequestType.RERUN: 'RERUN'>, _rerun_data=RerunData(widget_states=widgets {
    │    │               id: "$$ID-38bab446a52e...
    │    └ <function ScriptRunner._run_script at 0x000001F0C4F033A0>
    └ ScriptRunner(_session_id='e046047c-0409-44dc-ac03-934ca8134b68', _main_script_path='app.py', _session_state={num_chunks: 0, m...

  File "C:\Users\abdul\AppData\Local\Programs\Python\Python38\lib\site-packages\streamlit\runtime\scriptrunner\script_runner.py", line 595, in _run_script
    ) = exec_func_with_error_handling(code_to_exec, ctx)
        │                             │             └ ScriptRunContext(session_id='e046047c-0409-44dc-ac03-934ca8134b68', _enqueue=<bound method ScriptRunner._enqueue_forward_msg ...
        │                             └ <function ScriptRunner._run_script.<locals>.code_to_exec at 0x000001F0EF777CA0>
        └ <function exec_func_with_error_handling at 0x000001F0C4E76DC0>

  File "C:\Users\abdul\AppData\Local\Programs\Python\Python38\lib\site-packages\streamlit\runtime\scriptrunner\exec_code.py", line 88, in exec_func_with_error_handling
    result = func()
             └ <function ScriptRunner._run_script.<locals>.code_to_exec at 0x000001F0EF777CA0>

  File "C:\Users\abdul\AppData\Local\Programs\Python\Python38\lib\site-packages\streamlit\runtime\scriptrunner\script_runner.py", line 579, in code_to_exec
    exec(code, module.__dict__)
         │     │      └ <member '__dict__' of 'module' objects>
         │     └ <module '__main__' from 'D:\\OLLAMA\\youtube-chatbot12\\app.py'>
         └ <code object <module> at 0x000001F0C6335BE0, file "D:\OLLAMA\youtube-chatbot12\app.py", line 1>

  File "D:\OLLAMA\youtube-chatbot12\app.py", line 252, in <module>
    handle_video_load(video_url_input)
    │                 └ 'https://www.youtube.com/watch?v=ZzaPdXTrSb8'
    └ <function handle_video_load at 0x000001F0C631C670>

  File "D:\OLLAMA\youtube-chatbot12\app.py", line 226, in handle_video_load
    transcript = get_transcript(video_id)
                 │              └ 'ZzaPdXTrSb8'
                 └ <function get_transcript at 0x000001F0C6343940>

> File "D:\OLLAMA\youtube-chatbot12\chatbot.py", line 77, in get_transcript
    transcript_list = YouTubeTranscriptApi.list_transcripts(video_id)
                      │                                     └ 'ZzaPdXTrSb8'
                      └ <class 'youtube_transcript_api._api.YouTubeTranscriptApi'>

AttributeError: type object 'YouTubeTranscriptApi' has no attribute 'list_transcripts'
2026-06-10 09:39:20.761 | ERROR    | chatbot:get_transcript:104 - Unexpected error fetching transcript for ZzaPdXTrSb8
Traceback (most recent call last):

  File "C:\Users\abdul\AppData\Local\Programs\Python\Python38\lib\threading.py", line 890, in _bootstrap
    self._bootstrap_inner()
    │    └ <function Thread._bootstrap_inner at 0x000001F0C29FC040>
    └ <Thread(ScriptRunner.scriptThread, started 3256)>

  File "C:\Users\abdul\AppData\Local\Programs\Python\Python38\lib\threading.py", line 932, in _bootstrap_inner
    self.run()
    │    └ <function Thread.run at 0x000001F0C29FBD30>
    └ <Thread(ScriptRunner.scriptThread, started 3256)>

  File "C:\Users\abdul\AppData\Local\Programs\Python\Python38\lib\threading.py", line 870, in run
    self._target(*self._args, **self._kwargs)
    │    │        │    │        │    └ {}
    │    │        │    │        └ <Thread(ScriptRunner.scriptThread, started 3256)>
    │    │        │    └ ()
    │    │        └ <Thread(ScriptRunner.scriptThread, started 3256)>
    │    └ <bound method ScriptRunner._run_script_thread of ScriptRunner(_session_id='e046047c-0409-44dc-ac03-934ca8134b68', _main_scrip...
    └ <Thread(ScriptRunner.scriptThread, started 3256)>

  File "C:\Users\abdul\AppData\Local\Programs\Python\Python38\lib\site-packages\streamlit\runtime\scriptrunner\script_runner.py", line 320, in _run_script_thread
    self._run_script(request.rerun_data)
    │    │           │       └ <property object at 0x000001F0C4E27AE0>
    │    │           └ ScriptRequest(type=<ScriptRequestType.RERUN: 'RERUN'>, _rerun_data=RerunData(widget_states=widgets {
    │    │               id: "$$ID-38bab446a52e...
    │    └ <function ScriptRunner._run_script at 0x000001F0C4F033A0>
    └ ScriptRunner(_session_id='e046047c-0409-44dc-ac03-934ca8134b68', _main_script_path='app.py', _session_state={num_chunks: 0, m...

  File "C:\Users\abdul\AppData\Local\Programs\Python\Python38\lib\site-packages\streamlit\runtime\scriptrunner\script_runner.py", line 595, in _run_script
    ) = exec_func_with_error_handling(code_to_exec, ctx)
        │                             │             └ ScriptRunContext(session_id='e046047c-0409-44dc-ac03-934ca8134b68', _enqueue=<bound method ScriptRunner._enqueue_forward_msg ...
        │                             └ <function ScriptRunner._run_script.<locals>.code_to_exec at 0x000001F0EF777CA0>
        └ <function exec_func_with_error_handling at 0x000001F0C4E76DC0>

  File "C:\Users\abdul\AppData\Local\Programs\Python\Python38\lib\site-packages\streamlit\runtime\scriptrunner\exec_code.py", line 88, in exec_func_with_error_handling
    result = func()
             └ <function ScriptRunner._run_script.<locals>.code_to_exec at 0x000001F0EF777CA0>

  File "C:\Users\abdul\AppData\Local\Programs\Python\Python38\lib\site-packages\streamlit\runtime\scriptrunner\script_runner.py", line 579, in code_to_exec
    exec(code, module.__dict__)
         │     │      └ <member '__dict__' of 'module' objects>
         │     └ <module '__main__' from 'D:\\OLLAMA\\youtube-chatbot12\\app.py'>
         └ <code object <module> at 0x000001F0C6335BE0, file "D:\OLLAMA\youtube-chatbot12\app.py", line 1>

  File "D:\OLLAMA\youtube-chatbot12\app.py", line 252, in <module>
    handle_video_load(video_url_input)
    │                 └ 'https://www.youtube.com/watch?v=ZzaPdXTrSb8'
    └ <function handle_video_load at 0x000001F0C631C670>

  File "D:\OLLAMA\youtube-chatbot12\app.py", line 226, in handle_video_load
    transcript = get_transcript(video_id)
                 │              └ 'ZzaPdXTrSb8'
                 └ <function get_transcript at 0x000001F0C6343940>

> File "D:\OLLAMA\youtube-chatbot12\chatbot.py", line 77, in get_transcript
    transcript_list = YouTubeTranscriptApi.list_transcripts(video_id)
                      │                                     └ 'ZzaPdXTrSb8'
                      └ <class 'youtube_transcript_api._api.YouTubeTranscriptApi'>

AttributeError: type object 'YouTubeTranscriptApi' has no attribute 'list_transcripts'
2026-06-10 09:39:20.761 | ERROR    | chatbot:get_transcript:104 - Unexpected error fetching transcript for ZzaPdXTrSb8
Traceback (most recent call last):

  File "C:\Users\abdul\AppData\Local\Programs\Python\Python38\lib\threading.py", line 890, in _bootstrap
    self._bootstrap_inner()
    │    └ <function Thread._bootstrap_inner at 0x000001F0C29FC040>
    └ <Thread(ScriptRunner.scriptThread, started 3256)>

  File "C:\Users\abdul\AppData\Local\Programs\Python\Python38\lib\threading.py", line 932, in _bootstrap_inner
    self.run()
    │    └ <function Thread.run at 0x000001F0C29FBD30>
    └ <Thread(ScriptRunner.scriptThread, started 3256)>

  File "C:\Users\abdul\AppData\Local\Programs\Python\Python38\lib\threading.py", line 870, in run
    self._target(*self._args, **self._kwargs)
    │    │        │    │        │    └ {}
    │    │        │    │        └ <Thread(ScriptRunner.scriptThread, started 3256)>
    │    │        │    └ ()
    │    │        └ <Thread(ScriptRunner.scriptThread, started 3256)>
    │    └ <bound method ScriptRunner._run_script_thread of ScriptRunner(_session_id='e046047c-0409-44dc-ac03-934ca8134b68', _main_scrip...
    └ <Thread(ScriptRunner.scriptThread, started 3256)>

  File "C:\Users\abdul\AppData\Local\Programs\Python\Python38\lib\site-packages\streamlit\runtime\scriptrunner\script_runner.py", line 320, in _run_script_thread
    self._run_script(request.rerun_data)
    │    │           │       └ <property object at 0x000001F0C4E27AE0>
    │    │           └ ScriptRequest(type=<ScriptRequestType.RERUN: 'RERUN'>, _rerun_data=RerunData(widget_states=widgets {
    │    │               id: "$$ID-38bab446a52e...
    │    └ <function ScriptRunner._run_script at 0x000001F0C4F033A0>
    └ ScriptRunner(_session_id='e046047c-0409-44dc-ac03-934ca8134b68', _main_script_path='app.py', _session_state={num_chunks: 0, m...

  File "C:\Users\abdul\AppData\Local\Programs\Python\Python38\lib\site-packages\streamlit\runtime\scriptrunner\script_runner.py", line 595, in _run_script
    ) = exec_func_with_error_handling(code_to_exec, ctx)
        │                             │             └ ScriptRunContext(session_id='e046047c-0409-44dc-ac03-934ca8134b68', _enqueue=<bound method ScriptRunner._enqueue_forward_msg ...
        │                             └ <function ScriptRunner._run_script.<locals>.code_to_exec at 0x000001F0EF777CA0>
        └ <function exec_func_with_error_handling at 0x000001F0C4E76DC0>

  File "C:\Users\abdul\AppData\Local\Programs\Python\Python38\lib\site-packages\streamlit\runtime\scriptrunner\exec_code.py", line 88, in exec_func_with_error_handling
    result = func()
             └ <function ScriptRunner._run_script.<locals>.code_to_exec at 0x000001F0EF777CA0>

  File "C:\Users\abdul\AppData\Local\Programs\Python\Python38\lib\site-packages\streamlit\runtime\scriptrunner\script_runner.py", line 579, in code_to_exec
    exec(code, module.__dict__)
         │     │      └ <member '__dict__' of 'module' objects>
         │     └ <module '__main__' from 'D:\\OLLAMA\\youtube-chatbot12\\app.py'>
         └ <code object <module> at 0x000001F0C6335BE0, file "D:\OLLAMA\youtube-chatbot12\app.py", line 1>

  File "D:\OLLAMA\youtube-chatbot12\app.py", line 252, in <module>
    handle_video_load(video_url_input)
    │                 └ 'https://www.youtube.com/watch?v=ZzaPdXTrSb8'
    └ <function handle_video_load at 0x000001F0C631C670>

  File "D:\OLLAMA\youtube-chatbot12\app.py", line 226, in handle_video_load
    transcript = get_transcript(video_id)
                 │              └ 'ZzaPdXTrSb8'
                 └ <function get_transcript at 0x000001F0C6343940>

> File "D:\OLLAMA\youtube-chatbot12\chatbot.py", line 77, in get_transcript
    transcript_list = YouTubeTranscriptApi.list_transcripts(video_id)
                      │                                     └ 'ZzaPdXTrSb8'
                      └ <class 'youtube_transcript_api._api.YouTubeTranscriptApi'>

AttributeError: type object 'YouTubeTranscriptApi' has no attribute 'list_transcripts'
2026-06-10 09:39:20.889 | ERROR    | __main__:handle_video_load:235 - Load failed: Transcript retrieval failed: type object 'YouTubeTranscriptApi' has no attribute 'list_transcripts'
2026-06-10 09:39:20.889 | ERROR    | __main__:handle_video_load:235 - Load failed: Transcript retrieval failed: type object 'YouTubeTranscriptApi' has no attribute 'list_transcripts'
2026-06-10 09:39:20.889 | ERROR    | __main__:handle_video_load:235 - Load failed: Transcript retrieval failed: type object 'YouTubeTranscriptApi' has no attribute 'list_transcripts'
2026-06-10 09:39:20.889 | ERROR    | __main__:handle_video_load:235 - Load failed: Transcript retrieval failed: type object 'YouTubeTranscriptApi' has no attribute 'list_transcripts'
2026-06-10 09:39:20.889 | ERROR    | __main__:handle_video_load:235 - Load failed: Transcript retrieval failed: type object 'YouTubeTranscriptApi' has no attribute 'list_transcripts'
2026-06-10 09:39:20.889 | ERROR    | __main__:handle_video_load:235 - Load failed: Transcript retrieval failed: type object 'YouTubeTranscriptApi' has no attribute 'list_transcripts'
2026-06-10 09:39:20.889 | ERROR    | __main__:handle_video_load:235 - Load failed: Transcript retrieval failed: type object 'YouTubeTranscriptApi' has no attribute 'list_transcripts'
2026-06-10 09:39:20.889 | ERROR    | __main__:handle_video_load:235 - Load failed: Transcript retrieval failed: type object 'YouTubeTranscriptApi' has no attribute 'list_transcripts'
2026-06-10 09:39:20.889 | ERROR    | __main__:handle_video_load:235 - Load failed: Transcript retrieval failed: type object 'YouTubeTranscriptApi' has no attribute 'list_transcripts'
2026-06-10 09:39:20.889 | ERROR    | __main__:handle_video_load:235 - Load failed: Transcript retrieval failed: type object 'YouTubeTranscriptApi' has no attribute 'list_transcripts'
2026-06-10 09:39:20.889 | ERROR    | __main__:handle_video_load:235 - Load failed: Transcript retrieval failed: type object 'YouTubeTranscriptApi' has no attribute 'list_transcripts'
2026-06-10 09:39:20.889 | ERROR    | __main__:handle_video_load:235 - Load failed: Transcript retrieval failed: type object 'YouTubeTranscriptApi' has no attribute 'list_transcripts'
2026-06-10 09:39:20.889 | ERROR    | __main__:handle_video_load:235 - Load failed: Transcript retrieval failed: type object 'YouTubeTranscriptApi' has no attribute 'list_transcripts'
2026-06-10 09:39:20.889 | ERROR    | __main__:handle_video_load:235 - Load failed: Transcript retrieval failed: type object 'YouTubeTranscriptApi' has no attribute 'list_transcripts'
2026-06-10 09:39:20.889 | ERROR    | __main__:handle_video_load:235 - Load failed: Transcript retrieval failed: type object 'YouTubeTranscriptApi' has no attribute 'list_transcripts'
2026-06-10 09:39:20.889 | ERROR    | __main__:handle_video_load:235 - Load failed: Transcript retrieval failed: type object 'YouTubeTranscriptApi' has no attribute 'list_transcripts'
2026-06-10 09:39:20.889 | ERROR    | __main__:handle_video_load:235 - Load failed: Transcript retrieval failed: type object 'YouTubeTranscriptApi' has no attribute 'list_transcripts'
2026-06-10 09:39:24.147 | INFO     | chatbot:get_transcript:73 - Fetching transcript for video_id: ZzaPdXTrSb8
2026-06-10 09:39:24.147 | INFO     | chatbot:get_transcript:73 - Fetching transcript for video_id: ZzaPdXTrSb8
2026-06-10 09:39:24.147 | INFO     | chatbot:get_transcript:73 - Fetching transcript for video_id: ZzaPdXTrSb8
2026-06-10 09:39:24.147 | INFO     | chatbot:get_transcript:73 - Fetching transcript for video_id: ZzaPdXTrSb8
2026-06-10 09:39:24.147 | INFO     | chatbot:get_transcript:73 - Fetching transcript for video_id: ZzaPdXTrSb8
2026-06-10 09:39:24.147 | INFO     | chatbot:get_transcript:73 - Fetching transcript for video_id: ZzaPdXTrSb8
2026-06-10 09:39:24.147 | INFO     | chatbot:get_transcript:73 - Fetching transcript for video_id: ZzaPdXTrSb8
2026-06-10 09:39:24.147 | INFO     | chatbot:get_transcript:73 - Fetching transcript for video_id: ZzaPdXTrSb8
2026-06-10 09:39:24.147 | INFO     | chatbot:get_transcript:73 - Fetching transcript for video_id: ZzaPdXTrSb8
2026-06-10 09:39:24.147 | INFO     | chatbot:get_transcript:73 - Fetching transcript for video_id: ZzaPdXTrSb8
2026-06-10 09:39:24.147 | INFO     | chatbot:get_transcript:73 - Fetching transcript for video_id: ZzaPdXTrSb8
2026-06-10 09:39:24.147 | INFO     | chatbot:get_transcript:73 - Fetching transcript for video_id: ZzaPdXTrSb8
2026-06-10 09:39:24.147 | INFO     | chatbot:get_transcript:73 - Fetching transcript for video_id: ZzaPdXTrSb8
2026-06-10 09:39:24.147 | INFO     | chatbot:get_transcript:73 - Fetching transcript for video_id: ZzaPdXTrSb8
2026-06-10 09:39:24.147 | INFO     | chatbot:get_transcript:73 - Fetching transcript for video_id: ZzaPdXTrSb8
2026-06-10 09:39:24.147 | INFO     | chatbot:get_transcript:73 - Fetching transcript for video_id: ZzaPdXTrSb8
2026-06-10 09:39:24.147 | INFO     | chatbot:get_transcript:73 - Fetching transcript for video_id: ZzaPdXTrSb8
2026-06-10 09:39:24.147 | INFO     | chatbot:get_transcript:73 - Fetching transcript for video_id: ZzaPdXTrSb8
2026-06-10 09:39:24.149 | ERROR    | chatbot:get_transcript:104 - Unexpected error fetching transcript for ZzaPdXTrSb8
Traceback (most recent call last):

  File "C:\Users\abdul\AppData\Local\Programs\Python\Python38\lib\threading.py", line 890, in _bootstrap
    self._bootstrap_inner()
    │    └ <function Thread._bootstrap_inner at 0x000001F0C29FC040>
    └ <Thread(ScriptRunner.scriptThread, started 9144)>

  File "C:\Users\abdul\AppData\Local\Programs\Python\Python38\lib\threading.py", line 932, in _bootstrap_inner
    self.run()
    │    └ <function Thread.run at 0x000001F0C29FBD30>
    └ <Thread(ScriptRunner.scriptThread, started 9144)>

  File "C:\Users\abdul\AppData\Local\Programs\Python\Python38\lib\threading.py", line 870, in run
    self._target(*self._args, **self._kwargs)
    │    │        │    │        │    └ {}
    │    │        │    │        └ <Thread(ScriptRunner.scriptThread, started 9144)>
    │    │        │    └ ()
    │    │        └ <Thread(ScriptRunner.scriptThread, started 9144)>
    │    └ <bound method ScriptRunner._run_script_thread of ScriptRunner(_session_id='e046047c-0409-44dc-ac03-934ca8134b68', _main_scrip...
    └ <Thread(ScriptRunner.scriptThread, started 9144)>

  File "C:\Users\abdul\AppData\Local\Programs\Python\Python38\lib\site-packages\streamlit\runtime\scriptrunner\script_runner.py", line 320, in _run_script_thread
    self._run_script(request.rerun_data)
    │    │           │       └ <property object at 0x000001F0C4E27AE0>
    │    │           └ ScriptRequest(type=<ScriptRequestType.RERUN: 'RERUN'>, _rerun_data=RerunData(widget_states=widgets {
    │    │               id: "$$ID-38bab446a52e...
    │    └ <function ScriptRunner._run_script at 0x000001F0C4F033A0>
    └ ScriptRunner(_session_id='e046047c-0409-44dc-ac03-934ca8134b68', _main_script_path='app.py', _session_state={num_chunks: 0, m...

  File "C:\Users\abdul\AppData\Local\Programs\Python\Python38\lib\site-packages\streamlit\runtime\scriptrunner\script_runner.py", line 595, in _run_script
    ) = exec_func_with_error_handling(code_to_exec, ctx)
        │                             │             └ ScriptRunContext(session_id='e046047c-0409-44dc-ac03-934ca8134b68', _enqueue=<bound method ScriptRunner._enqueue_forward_msg ...
        │                             └ <function ScriptRunner._run_script.<locals>.code_to_exec at 0x000001F0EF7778B0>
        └ <function exec_func_with_error_handling at 0x000001F0C4E76DC0>

  File "C:\Users\abdul\AppData\Local\Programs\Python\Python38\lib\site-packages\streamlit\runtime\scriptrunner\exec_code.py", line 88, in exec_func_with_error_handling
    result = func()
             └ <function ScriptRunner._run_script.<locals>.code_to_exec at 0x000001F0EF7778B0>

  File "C:\Users\abdul\AppData\Local\Programs\Python\Python38\lib\site-packages\streamlit\runtime\scriptrunner\script_runner.py", line 579, in code_to_exec
    exec(code, module.__dict__)
         │     │      └ <member '__dict__' of 'module' objects>
         │     └ <module '__main__' from 'D:\\OLLAMA\\youtube-chatbot12\\app.py'>
         └ <code object <module> at 0x000001F0C6335BE0, file "D:\OLLAMA\youtube-chatbot12\app.py", line 1>

  File "D:\OLLAMA\youtube-chatbot12\app.py", line 252, in <module>
    handle_video_load(video_url_input)
    │                 └ 'https://www.youtube.com/watch?v=ZzaPdXTrSb8'
    └ <function handle_video_load at 0x000001F0C62CD1F0>

  File "D:\OLLAMA\youtube-chatbot12\app.py", line 226, in handle_video_load
    transcript = get_transcript(video_id)
                 │              └ 'ZzaPdXTrSb8'
                 └ <function get_transcript at 0x000001F0C6343940>

> File "D:\OLLAMA\youtube-chatbot12\chatbot.py", line 77, in get_transcript
    transcript_list = YouTubeTranscriptApi.list_transcripts(video_id)
                      │                                     └ 'ZzaPdXTrSb8'
                      └ <class 'youtube_transcript_api._api.YouTubeTranscriptApi'>

AttributeError: type object 'YouTubeTranscriptApi' has no attribute 'list_transcripts'
2026-06-10 09:39:24.149 | ERROR    | chatbot:get_transcript:104 - Unexpected error fetching transcript for ZzaPdXTrSb8
Traceback (most recent call last):

  File "C:\Users\abdul\AppData\Local\Programs\Python\Python38\lib\threading.py", line 890, in _bootstrap
    self._bootstrap_inner()
    │    └ <function Thread._bootstrap_inner at 0x000001F0C29FC040>
    └ <Thread(ScriptRunner.scriptThread, started 9144)>

  File "C:\Users\abdul\AppData\Local\Programs\Python\Python38\lib\threading.py", line 932, in _bootstrap_inner
    self.run()
    │    └ <function Thread.run at 0x000001F0C29FBD30>
    └ <Thread(ScriptRunner.scriptThread, started 9144)>

  File "C:\Users\abdul\AppData\Local\Programs\Python\Python38\lib\threading.py", line 870, in run
    self._target(*self._args, **self._kwargs)
    │    │        │    │        │    └ {}
    │    │        │    │        └ <Thread(ScriptRunner.scriptThread, started 9144)>
    │    │        │    └ ()
    │    │        └ <Thread(ScriptRunner.scriptThread, started 9144)>
    │    └ <bound method ScriptRunner._run_script_thread of ScriptRunner(_session_id='e046047c-0409-44dc-ac03-934ca8134b68', _main_scrip...
    └ <Thread(ScriptRunner.scriptThread, started 9144)>

  File "C:\Users\abdul\AppData\Local\Programs\Python\Python38\lib\site-packages\streamlit\runtime\scriptrunner\script_runner.py", line 320, in _run_script_thread
    self._run_script(request.rerun_data)
    │    │           │       └ <property object at 0x000001F0C4E27AE0>
    │    │           └ ScriptRequest(type=<ScriptRequestType.RERUN: 'RERUN'>, _rerun_data=RerunData(widget_states=widgets {
    │    │               id: "$$ID-38bab446a52e...
    │    └ <function ScriptRunner._run_script at 0x000001F0C4F033A0>
    └ ScriptRunner(_session_id='e046047c-0409-44dc-ac03-934ca8134b68', _main_script_path='app.py', _session_state={num_chunks: 0, m...

  File "C:\Users\abdul\AppData\Local\Programs\Python\Python38\lib\site-packages\streamlit\runtime\scriptrunner\script_runner.py", line 595, in _run_script
    ) = exec_func_with_error_handling(code_to_exec, ctx)
        │                             │             └ ScriptRunContext(session_id='e046047c-0409-44dc-ac03-934ca8134b68', _enqueue=<bound method ScriptRunner._enqueue_forward_msg ...
        │                             └ <function ScriptRunner._run_script.<locals>.code_to_exec at 0x000001F0EF7778B0>
        └ <function exec_func_with_error_handling at 0x000001F0C4E76DC0>

  File "C:\Users\abdul\AppData\Local\Programs\Python\Python38\lib\site-packages\streamlit\runtime\scriptrunner\exec_code.py", line 88, in exec_func_with_error_handling
    result = func()
             └ <function ScriptRunner._run_script.<locals>.code_to_exec at 0x000001F0EF7778B0>

  File "C:\Users\abdul\AppData\Local\Programs\Python\Python38\lib\site-packages\streamlit\runtime\scriptrunner\script_runner.py", line 579, in code_to_exec
    exec(code, module.__dict__)
         │     │      └ <member '__dict__' of 'module' objects>
         │     └ <module '__main__' from 'D:\\OLLAMA\\youtube-chatbot12\\app.py'>
         └ <code object <module> at 0x000001F0C6335BE0, file "D:\OLLAMA\youtube-chatbot12\app.py", line 1>

  File "D:\OLLAMA\youtube-chatbot12\app.py", line 252, in <module>
    handle_video_load(video_url_input)
    │                 └ 'https://www.youtube.com/watch?v=ZzaPdXTrSb8'
    └ <function handle_video_load at 0x000001F0C62CD1F0>

  File "D:\OLLAMA\youtube-chatbot12\app.py", line 226, in handle_video_load
    transcript = get_transcript(video_id)
                 │              └ 'ZzaPdXTrSb8'
                 └ <function get_transcript at 0x000001F0C6343940>

> File "D:\OLLAMA\youtube-chatbot12\chatbot.py", line 77, in get_transcript
    transcript_list = YouTubeTranscriptApi.list_transcripts(video_id)
                      │                                     └ 'ZzaPdXTrSb8'
                      └ <class 'youtube_transcript_api._api.YouTubeTranscriptApi'>

AttributeError: type object 'YouTubeTranscriptApi' has no attribute 'list_transcripts'
2026-06-10 09:39:24.149 | ERROR    | chatbot:get_transcript:104 - Unexpected error fetching transcript for ZzaPdXTrSb8
Traceback (most recent call last):

  File "C:\Users\abdul\AppData\Local\Programs\Python\Python38\lib\threading.py", line 890, in _bootstrap
    self._bootstrap_inner()
    │    └ <function Thread._bootstrap_inner at 0x000001F0C29FC040>
    └ <Thread(ScriptRunner.scriptThread, started 9144)>

  File "C:\Users\abdul\AppData\Local\Programs\Python\Python38\lib\threading.py", line 932, in _bootstrap_inner
    self.run()
    │    └ <function Thread.run at 0x000001F0C29FBD30>
    └ <Thread(ScriptRunner.scriptThread, started 9144)>

  File "C:\Users\abdul\AppData\Local\Programs\Python\Python38\lib\threading.py", line 870, in run
    self._target(*self._args, **self._kwargs)
    │    │        │    │        │    └ {}
    │    │        │    │        └ <Thread(ScriptRunner.scriptThread, started 9144)>
    │    │        │    └ ()
    │    │        └ <Thread(ScriptRunner.scriptThread, started 9144)>
    │    └ <bound method ScriptRunner._run_script_thread of ScriptRunner(_session_id='e046047c-0409-44dc-ac03-934ca8134b68', _main_scrip...
    └ <Thread(ScriptRunner.scriptThread, started 9144)>

  File "C:\Users\abdul\AppData\Local\Programs\Python\Python38\lib\site-packages\streamlit\runtime\scriptrunner\script_runner.py", line 320, in _run_script_thread
    self._run_script(request.rerun_data)
    │    │           │       └ <property object at 0x000001F0C4E27AE0>
    │    │           └ ScriptRequest(type=<ScriptRequestType.RERUN: 'RERUN'>, _rerun_data=RerunData(widget_states=widgets {
    │    │               id: "$$ID-38bab446a52e...
    │    └ <function ScriptRunner._run_script at 0x000001F0C4F033A0>
    └ ScriptRunner(_session_id='e046047c-0409-44dc-ac03-934ca8134b68', _main_script_path='app.py', _session_state={num_chunks: 0, m...

  File "C:\Users\abdul\AppData\Local\Programs\Python\Python38\lib\site-packages\streamlit\runtime\scriptrunner\script_runner.py", line 595, in _run_script
    ) = exec_func_with_error_handling(code_to_exec, ctx)
        │                             │             └ ScriptRunContext(session_id='e046047c-0409-44dc-ac03-934ca8134b68', _enqueue=<bound method ScriptRunner._enqueue_forward_msg ...
        │                             └ <function ScriptRunner._run_script.<locals>.code_to_exec at 0x000001F0EF7778B0>
        └ <function exec_func_with_error_handling at 0x000001F0C4E76DC0>

  File "C:\Users\abdul\AppData\Local\Programs\Python\Python38\lib\site-packages\streamlit\runtime\scriptrunner\exec_code.py", line 88, in exec_func_with_error_handling
    result = func()
             └ <function ScriptRunner._run_script.<locals>.code_to_exec at 0x000001F0EF7778B0>

  File "C:\Users\abdul\AppData\Local\Programs\Python\Python38\lib\site-packages\streamlit\runtime\scriptrunner\script_runner.py", line 579, in code_to_exec
    exec(code, module.__dict__)
         │     │      └ <member '__dict__' of 'module' objects>
         │     └ <module '__main__' from 'D:\\OLLAMA\\youtube-chatbot12\\app.py'>
         └ <code object <module> at 0x000001F0C6335BE0, file "D:\OLLAMA\youtube-chatbot12\app.py", line 1>

  File "D:\OLLAMA\youtube-chatbot12\app.py", line 252, in <module>
    handle_video_load(video_url_input)
    │                 └ 'https://www.youtube.com/watch?v=ZzaPdXTrSb8'
    └ <function handle_video_load at 0x000001F0C62CD1F0>

  File "D:\OLLAMA\youtube-chatbot12\app.py", line 226, in handle_video_load
    transcript = get_transcript(video_id)
                 │              └ 'ZzaPdXTrSb8'
                 └ <function get_transcript at 0x000001F0C6343940>

> File "D:\OLLAMA\youtube-chatbot12\chatbot.py", line 77, in get_transcript
    transcript_list = YouTubeTranscriptApi.list_transcripts(video_id)
                      │                                     └ 'ZzaPdXTrSb8'
                      └ <class 'youtube_transcript_api._api.YouTubeTranscriptApi'>

AttributeError: type object 'YouTubeTranscriptApi' has no attribute 'list_transcripts'
2026-06-10 09:39:24.149 | ERROR    | chatbot:get_transcript:104 - Unexpected error fetching transcript for ZzaPdXTrSb8
Traceback (most recent call last):

  File "C:\Users\abdul\AppData\Local\Programs\Python\Python38\lib\threading.py", line 890, in _bootstrap
    self._bootstrap_inner()
    │    └ <function Thread._bootstrap_inner at 0x000001F0C29FC040>
    └ <Thread(ScriptRunner.scriptThread, started 9144)>

  File "C:\Users\abdul\AppData\Local\Programs\Python\Python38\lib\threading.py", line 932, in _bootstrap_inner
    self.run()
    │    └ <function Thread.run at 0x000001F0C29FBD30>
    └ <Thread(ScriptRunner.scriptThread, started 9144)>

  File "C:\Users\abdul\AppData\Local\Programs\Python\Python38\lib\threading.py", line 870, in run
    self._target(*self._args, **self._kwargs)
    │    │        │    │        │    └ {}
    │    │        │    │        └ <Thread(ScriptRunner.scriptThread, started 9144)>
    │    │        │    └ ()
    │    │        └ <Thread(ScriptRunner.scriptThread, started 9144)>
    │    └ <bound method ScriptRunner._run_script_thread of ScriptRunner(_session_id='e046047c-0409-44dc-ac03-934ca8134b68', _main_scrip...
    └ <Thread(ScriptRunner.scriptThread, started 9144)>

  File "C:\Users\abdul\AppData\Local\Programs\Python\Python38\lib\site-packages\streamlit\runtime\scriptrunner\script_runner.py", line 320, in _run_script_thread
    self._run_script(request.rerun_data)
    │    │           │       └ <property object at 0x000001F0C4E27AE0>
    │    │           └ ScriptRequest(type=<ScriptRequestType.RERUN: 'RERUN'>, _rerun_data=RerunData(widget_states=widgets {
    │    │               id: "$$ID-38bab446a52e...
    │    └ <function ScriptRunner._run_script at 0x000001F0C4F033A0>
    └ ScriptRunner(_session_id='e046047c-0409-44dc-ac03-934ca8134b68', _main_script_path='app.py', _session_state={num_chunks: 0, m...

  File "C:\Users\abdul\AppData\Local\Programs\Python\Python38\lib\site-packages\streamlit\runtime\scriptrunner\script_runner.py", line 595, in _run_script
    ) = exec_func_with_error_handling(code_to_exec, ctx)
        │                             │             └ ScriptRunContext(session_id='e046047c-0409-44dc-ac03-934ca8134b68', _enqueue=<bound method ScriptRunner._enqueue_forward_msg ...
        │                             └ <function ScriptRunner._run_script.<locals>.code_to_exec at 0x000001F0EF7778B0>
        └ <function exec_func_with_error_handling at 0x000001F0C4E76DC0>

  File "C:\Users\abdul\AppData\Local\Programs\Python\Python38\lib\site-packages\streamlit\runtime\scriptrunner\exec_code.py", line 88, in exec_func_with_error_handling
    result = func()
             └ <function ScriptRunner._run_script.<locals>.code_to_exec at 0x000001F0EF7778B0>

  File "C:\Users\abdul\AppData\Local\Programs\Python\Python38\lib\site-packages\streamlit\runtime\scriptrunner\script_runner.py", line 579, in code_to_exec
    exec(code, module.__dict__)
         │     │      └ <member '__dict__' of 'module' objects>
         │     └ <module '__main__' from 'D:\\OLLAMA\\youtube-chatbot12\\app.py'>
         └ <code object <module> at 0x000001F0C6335BE0, file "D:\OLLAMA\youtube-chatbot12\app.py", line 1>

  File "D:\OLLAMA\youtube-chatbot12\app.py", line 252, in <module>
    handle_video_load(video_url_input)
    │                 └ 'https://www.youtube.com/watch?v=ZzaPdXTrSb8'
    └ <function handle_video_load at 0x000001F0C62CD1F0>

  File "D:\OLLAMA\youtube-chatbot12\app.py", line 226, in handle_video_load
    transcript = get_transcript(video_id)
                 │              └ 'ZzaPdXTrSb8'
                 └ <function get_transcript at 0x000001F0C6343940>

> File "D:\OLLAMA\youtube-chatbot12\chatbot.py", line 77, in get_transcript
    transcript_list = YouTubeTranscriptApi.list_transcripts(video_id)
                      │                                     └ 'ZzaPdXTrSb8'
                      └ <class 'youtube_transcript_api._api.YouTubeTranscriptApi'>

AttributeError: type object 'YouTubeTranscriptApi' has no attribute 'list_transcripts'
2026-06-10 09:39:24.149 | ERROR    | chatbot:get_transcript:104 - Unexpected error fetching transcript for ZzaPdXTrSb8
Traceback (most recent call last):

  File "C:\Users\abdul\AppData\Local\Programs\Python\Python38\lib\threading.py", line 890, in _bootstrap
    self._bootstrap_inner()
    │    └ <function Thread._bootstrap_inner at 0x000001F0C29FC040>
    └ <Thread(ScriptRunner.scriptThread, started 9144)>

  File "C:\Users\abdul\AppData\Local\Programs\Python\Python38\lib\threading.py", line 932, in _bootstrap_inner
    self.run()
    │    └ <function Thread.run at 0x000001F0C29FBD30>
    └ <Thread(ScriptRunner.scriptThread, started 9144)>

  File "C:\Users\abdul\AppData\Local\Programs\Python\Python38\lib\threading.py", line 870, in run
    self._target(*self._args, **self._kwargs)
    │    │        │    │        │    └ {}
    │    │        │    │        └ <Thread(ScriptRunner.scriptThread, started 9144)>
    │    │        │    └ ()
    │    │        └ <Thread(ScriptRunner.scriptThread, started 9144)>
    │    └ <bound method ScriptRunner._run_script_thread of ScriptRunner(_session_id='e046047c-0409-44dc-ac03-934ca8134b68', _main_scrip...
    └ <Thread(ScriptRunner.scriptThread, started 9144)>

  File "C:\Users\abdul\AppData\Local\Programs\Python\Python38\lib\site-packages\streamlit\runtime\scriptrunner\script_runner.py", line 320, in _run_script_thread
    self._run_script(request.rerun_data)
    │    │           │       └ <property object at 0x000001F0C4E27AE0>
    │    │           └ ScriptRequest(type=<ScriptRequestType.RERUN: 'RERUN'>, _rerun_data=RerunData(widget_states=widgets {
    │    │               id: "$$ID-38bab446a52e...
    │    └ <function ScriptRunner._run_script at 0x000001F0C4F033A0>
    └ ScriptRunner(_session_id='e046047c-0409-44dc-ac03-934ca8134b68', _main_script_path='app.py', _session_state={num_chunks: 0, m...

  File "C:\Users\abdul\AppData\Local\Programs\Python\Python38\lib\site-packages\streamlit\runtime\scriptrunner\script_runner.py", line 595, in _run_script
    ) = exec_func_with_error_handling(code_to_exec, ctx)
        │                             │             └ ScriptRunContext(session_id='e046047c-0409-44dc-ac03-934ca8134b68', _enqueue=<bound method ScriptRunner._enqueue_forward_msg ...
        │                             └ <function ScriptRunner._run_script.<locals>.code_to_exec at 0x000001F0EF7778B0>
        └ <function exec_func_with_error_handling at 0x000001F0C4E76DC0>

  File "C:\Users\abdul\AppData\Local\Programs\Python\Python38\lib\site-packages\streamlit\runtime\scriptrunner\exec_code.py", line 88, in exec_func_with_error_handling
    result = func()
             └ <function ScriptRunner._run_script.<locals>.code_to_exec at 0x000001F0EF7778B0>

  File "C:\Users\abdul\AppData\Local\Programs\Python\Python38\lib\site-packages\streamlit\runtime\scriptrunner\script_runner.py", line 579, in code_to_exec
    exec(code, module.__dict__)
         │     │      └ <member '__dict__' of 'module' objects>
         │     └ <module '__main__' from 'D:\\OLLAMA\\youtube-chatbot12\\app.py'>
         └ <code object <module> at 0x000001F0C6335BE0, file "D:\OLLAMA\youtube-chatbot12\app.py", line 1>

  File "D:\OLLAMA\youtube-chatbot12\app.py", line 252, in <module>
    handle_video_load(video_url_input)
    │                 └ 'https://www.youtube.com/watch?v=ZzaPdXTrSb8'
    └ <function handle_video_load at 0x000001F0C62CD1F0>

  File "D:\OLLAMA\youtube-chatbot12\app.py", line 226, in handle_video_load
    transcript = get_transcript(video_id)
                 │              └ 'ZzaPdXTrSb8'
                 └ <function get_transcript at 0x000001F0C6343940>

> File "D:\OLLAMA\youtube-chatbot12\chatbot.py", line 77, in get_transcript
    transcript_list = YouTubeTranscriptApi.list_transcripts(video_id)
                      │                                     └ 'ZzaPdXTrSb8'
                      └ <class 'youtube_transcript_api._api.YouTubeTranscriptApi'>

AttributeError: type object 'YouTubeTranscriptApi' has no attribute 'list_transcripts'
2026-06-10 09:39:24.149 | ERROR    | chatbot:get_transcript:104 - Unexpected error fetching transcript for ZzaPdXTrSb8
Traceback (most recent call last):

  File "C:\Users\abdul\AppData\Local\Programs\Python\Python38\lib\threading.py", line 890, in _bootstrap
    self._bootstrap_inner()
    │    └ <function Thread._bootstrap_inner at 0x000001F0C29FC040>
    └ <Thread(ScriptRunner.scriptThread, started 9144)>

  File "C:\Users\abdul\AppData\Local\Programs\Python\Python38\lib\threading.py", line 932, in _bootstrap_inner
    self.run()
    │    └ <function Thread.run at 0x000001F0C29FBD30>
    └ <Thread(ScriptRunner.scriptThread, started 9144)>

  File "C:\Users\abdul\AppData\Local\Programs\Python\Python38\lib\threading.py", line 870, in run
    self._target(*self._args, **self._kwargs)
    │    │        │    │        │    └ {}
    │    │        │    │        └ <Thread(ScriptRunner.scriptThread, started 9144)>
    │    │        │    └ ()
    │    │        └ <Thread(ScriptRunner.scriptThread, started 9144)>
    │    └ <bound method ScriptRunner._run_script_thread of ScriptRunner(_session_id='e046047c-0409-44dc-ac03-934ca8134b68', _main_scrip...
    └ <Thread(ScriptRunner.scriptThread, started 9144)>

  File "C:\Users\abdul\AppData\Local\Programs\Python\Python38\lib\site-packages\streamlit\runtime\scriptrunner\script_runner.py", line 320, in _run_script_thread
    self._run_script(request.rerun_data)
    │    │           │       └ <property object at 0x000001F0C4E27AE0>
    │    │           └ ScriptRequest(type=<ScriptRequestType.RERUN: 'RERUN'>, _rerun_data=RerunData(widget_states=widgets {
    │    │               id: "$$ID-38bab446a52e...
    │    └ <function ScriptRunner._run_script at 0x000001F0C4F033A0>
    └ ScriptRunner(_session_id='e046047c-0409-44dc-ac03-934ca8134b68', _main_script_path='app.py', _session_state={num_chunks: 0, m...

  File "C:\Users\abdul\AppData\Local\Programs\Python\Python38\lib\site-packages\streamlit\runtime\scriptrunner\script_runner.py", line 595, in _run_script
    ) = exec_func_with_error_handling(code_to_exec, ctx)
        │                             │             └ ScriptRunContext(session_id='e046047c-0409-44dc-ac03-934ca8134b68', _enqueue=<bound method ScriptRunner._enqueue_forward_msg ...
        │                             └ <function ScriptRunner._run_script.<locals>.code_to_exec at 0x000001F0EF7778B0>
        └ <function exec_func_with_error_handling at 0x000001F0C4E76DC0>

  File "C:\Users\abdul\AppData\Local\Programs\Python\Python38\lib\site-packages\streamlit\runtime\scriptrunner\exec_code.py", line 88, in exec_func_with_error_handling
    result = func()
             └ <function ScriptRunner._run_script.<locals>.code_to_exec at 0x000001F0EF7778B0>

  File "C:\Users\abdul\AppData\Local\Programs\Python\Python38\lib\site-packages\streamlit\runtime\scriptrunner\script_runner.py", line 579, in code_to_exec
    exec(code, module.__dict__)
         │     │      └ <member '__dict__' of 'module' objects>
         │     └ <module '__main__' from 'D:\\OLLAMA\\youtube-chatbot12\\app.py'>
         └ <code object <module> at 0x000001F0C6335BE0, file "D:\OLLAMA\youtube-chatbot12\app.py", line 1>

  File "D:\OLLAMA\youtube-chatbot12\app.py", line 252, in <module>
    handle_video_load(video_url_input)
    │                 └ 'https://www.youtube.com/watch?v=ZzaPdXTrSb8'
    └ <function handle_video_load at 0x000001F0C62CD1F0>

  File "D:\OLLAMA\youtube-chatbot12\app.py", line 226, in handle_video_load
    transcript = get_transcript(video_id)
                 │              └ 'ZzaPdXTrSb8'
                 └ <function get_transcript at 0x000001F0C6343940>

> File "D:\OLLAMA\youtube-chatbot12\chatbot.py", line 77, in get_transcript
    transcript_list = YouTubeTranscriptApi.list_transcripts(video_id)
                      │                                     └ 'ZzaPdXTrSb8'
                      └ <class 'youtube_transcript_api._api.YouTubeTranscriptApi'>

AttributeError: type object 'YouTubeTranscriptApi' has no attribute 'list_transcripts'
2026-06-10 09:39:24.149 | ERROR    | chatbot:get_transcript:104 - Unexpected error fetching transcript for ZzaPdXTrSb8
Traceback (most recent call last):

  File "C:\Users\abdul\AppData\Local\Programs\Python\Python38\lib\threading.py", line 890, in _bootstrap
    self._bootstrap_inner()
    │    └ <function Thread._bootstrap_inner at 0x000001F0C29FC040>
    └ <Thread(ScriptRunner.scriptThread, started 9144)>

  File "C:\Users\abdul\AppData\Local\Programs\Python\Python38\lib\threading.py", line 932, in _bootstrap_inner
    self.run()
    │    └ <function Thread.run at 0x000001F0C29FBD30>
    └ <Thread(ScriptRunner.scriptThread, started 9144)>

  File "C:\Users\abdul\AppData\Local\Programs\Python\Python38\lib\threading.py", line 870, in run
    self._target(*self._args, **self._kwargs)
    │    │        │    │        │    └ {}
    │    │        │    │        └ <Thread(ScriptRunner.scriptThread, started 9144)>
    │    │        │    └ ()
    │    │        └ <Thread(ScriptRunner.scriptThread, started 9144)>
    │    └ <bound method ScriptRunner._run_script_thread of ScriptRunner(_session_id='e046047c-0409-44dc-ac03-934ca8134b68', _main_scrip...
    └ <Thread(ScriptRunner.scriptThread, started 9144)>

  File "C:\Users\abdul\AppData\Local\Programs\Python\Python38\lib\site-packages\streamlit\runtime\scriptrunner\script_runner.py", line 320, in _run_script_thread
    self._run_script(request.rerun_data)
    │    │           │       └ <property object at 0x000001F0C4E27AE0>
    │    │           └ ScriptRequest(type=<ScriptRequestType.RERUN: 'RERUN'>, _rerun_data=RerunData(widget_states=widgets {
    │    │               id: "$$ID-38bab446a52e...
    │    └ <function ScriptRunner._run_script at 0x000001F0C4F033A0>
    └ ScriptRunner(_session_id='e046047c-0409-44dc-ac03-934ca8134b68', _main_script_path='app.py', _session_state={num_chunks: 0, m...

  File "C:\Users\abdul\AppData\Local\Programs\Python\Python38\lib\site-packages\streamlit\runtime\scriptrunner\script_runner.py", line 595, in _run_script
    ) = exec_func_with_error_handling(code_to_exec, ctx)
        │                             │             └ ScriptRunContext(session_id='e046047c-0409-44dc-ac03-934ca8134b68', _enqueue=<bound method ScriptRunner._enqueue_forward_msg ...
        │                             └ <function ScriptRunner._run_script.<locals>.code_to_exec at 0x000001F0EF7778B0>
        └ <function exec_func_with_error_handling at 0x000001F0C4E76DC0>

  File "C:\Users\abdul\AppData\Local\Programs\Python\Python38\lib\site-packages\streamlit\runtime\scriptrunner\exec_code.py", line 88, in exec_func_with_error_handling
    result = func()
             └ <function ScriptRunner._run_script.<locals>.code_to_exec at 0x000001F0EF7778B0>

  File "C:\Users\abdul\AppData\Local\Programs\Python\Python38\lib\site-packages\streamlit\runtime\scriptrunner\script_runner.py", line 579, in code_to_exec
    exec(code, module.__dict__)
         │     │      └ <member '__dict__' of 'module' objects>
         │     └ <module '__main__' from 'D:\\OLLAMA\\youtube-chatbot12\\app.py'>
         └ <code object <module> at 0x000001F0C6335BE0, file "D:\OLLAMA\youtube-chatbot12\app.py", line 1>

  File "D:\OLLAMA\youtube-chatbot12\app.py", line 252, in <module>
    handle_video_load(video_url_input)
    │                 └ 'https://www.youtube.com/watch?v=ZzaPdXTrSb8'
    └ <function handle_video_load at 0x000001F0C62CD1F0>

  File "D:\OLLAMA\youtube-chatbot12\app.py", line 226, in handle_video_load
    transcript = get_transcript(video_id)
                 │              └ 'ZzaPdXTrSb8'
                 └ <function get_transcript at 0x000001F0C6343940>

> File "D:\OLLAMA\youtube-chatbot12\chatbot.py", line 77, in get_transcript
    transcript_list = YouTubeTranscriptApi.list_transcripts(video_id)
                      │                                     └ 'ZzaPdXTrSb8'
                      └ <class 'youtube_transcript_api._api.YouTubeTranscriptApi'>

AttributeError: type object 'YouTubeTranscriptApi' has no attribute 'list_transcripts'
2026-06-10 09:39:24.149 | ERROR    | chatbot:get_transcript:104 - Unexpected error fetching transcript for ZzaPdXTrSb8
Traceback (most recent call last):

  File "C:\Users\abdul\AppData\Local\Programs\Python\Python38\lib\threading.py", line 890, in _bootstrap
    self._bootstrap_inner()
    │    └ <function Thread._bootstrap_inner at 0x000001F0C29FC040>
    └ <Thread(ScriptRunner.scriptThread, started 9144)>

  File "C:\Users\abdul\AppData\Local\Programs\Python\Python38\lib\threading.py", line 932, in _bootstrap_inner
    self.run()
    │    └ <function Thread.run at 0x000001F0C29FBD30>
    └ <Thread(ScriptRunner.scriptThread, started 9144)>

  File "C:\Users\abdul\AppData\Local\Programs\Python\Python38\lib\threading.py", line 870, in run
    self._target(*self._args, **self._kwargs)
    │    │        │    │        │    └ {}
    │    │        │    │        └ <Thread(ScriptRunner.scriptThread, started 9144)>
    │    │        │    └ ()
    │    │        └ <Thread(ScriptRunner.scriptThread, started 9144)>
    │    └ <bound method ScriptRunner._run_script_thread of ScriptRunner(_session_id='e046047c-0409-44dc-ac03-934ca8134b68', _main_scrip...
    └ <Thread(ScriptRunner.scriptThread, started 9144)>

  File "C:\Users\abdul\AppData\Local\Programs\Python\Python38\lib\site-packages\streamlit\runtime\scriptrunner\script_runner.py", line 320, in _run_script_thread
    self._run_script(request.rerun_data)
    │    │           │       └ <property object at 0x000001F0C4E27AE0>
    │    │           └ ScriptRequest(type=<ScriptRequestType.RERUN: 'RERUN'>, _rerun_data=RerunData(widget_states=widgets {
    │    │               id: "$$ID-38bab446a52e...
    │    └ <function ScriptRunner._run_script at 0x000001F0C4F033A0>
    └ ScriptRunner(_session_id='e046047c-0409-44dc-ac03-934ca8134b68', _main_script_path='app.py', _session_state={num_chunks: 0, m...

  File "C:\Users\abdul\AppData\Local\Programs\Python\Python38\lib\site-packages\streamlit\runtime\scriptrunner\script_runner.py", line 595, in _run_script
    ) = exec_func_with_error_handling(code_to_exec, ctx)
        │                             │             └ ScriptRunContext(session_id='e046047c-0409-44dc-ac03-934ca8134b68', _enqueue=<bound method ScriptRunner._enqueue_forward_msg ...
        │                             └ <function ScriptRunner._run_script.<locals>.code_to_exec at 0x000001F0EF7778B0>
        └ <function exec_func_with_error_handling at 0x000001F0C4E76DC0>

  File "C:\Users\abdul\AppData\Local\Programs\Python\Python38\lib\site-packages\streamlit\runtime\scriptrunner\exec_code.py", line 88, in exec_func_with_error_handling
    result = func()
             └ <function ScriptRunner._run_script.<locals>.code_to_exec at 0x000001F0EF7778B0>

  File "C:\Users\abdul\AppData\Local\Programs\Python\Python38\lib\site-packages\streamlit\runtime\scriptrunner\script_runner.py", line 579, in code_to_exec
    exec(code, module.__dict__)
         │     │      └ <member '__dict__' of 'module' objects>
         │     └ <module '__main__' from 'D:\\OLLAMA\\youtube-chatbot12\\app.py'>
         └ <code object <module> at 0x000001F0C6335BE0, file "D:\OLLAMA\youtube-chatbot12\app.py", line 1>

  File "D:\OLLAMA\youtube-chatbot12\app.py", line 252, in <module>
    handle_video_load(video_url_input)
    │                 └ 'https://www.youtube.com/watch?v=ZzaPdXTrSb8'
    └ <function handle_video_load at 0x000001F0C62CD1F0>

  File "D:\OLLAMA\youtube-chatbot12\app.py", line 226, in handle_video_load
    transcript = get_transcript(video_id)
                 │              └ 'ZzaPdXTrSb8'
                 └ <function get_transcript at 0x000001F0C6343940>

> File "D:\OLLAMA\youtube-chatbot12\chatbot.py", line 77, in get_transcript
    transcript_list = YouTubeTranscriptApi.list_transcripts(video_id)
                      │                                     └ 'ZzaPdXTrSb8'
                      └ <class 'youtube_transcript_api._api.YouTubeTranscriptApi'>

AttributeError: type object 'YouTubeTranscriptApi' has no attribute 'list_transcripts'
2026-06-10 09:39:24.149 | ERROR    | chatbot:get_transcript:104 - Unexpected error fetching transcript for ZzaPdXTrSb8
Traceback (most recent call last):

  File "C:\Users\abdul\AppData\Local\Programs\Python\Python38\lib\threading.py", line 890, in _bootstrap
    self._bootstrap_inner()
    │    └ <function Thread._bootstrap_inner at 0x000001F0C29FC040>
    └ <Thread(ScriptRunner.scriptThread, started 9144)>

  File "C:\Users\abdul\AppData\Local\Programs\Python\Python38\lib\threading.py", line 932, in _bootstrap_inner
    self.run()
    │    └ <function Thread.run at 0x000001F0C29FBD30>
    └ <Thread(ScriptRunner.scriptThread, started 9144)>

  File "C:\Users\abdul\AppData\Local\Programs\Python\Python38\lib\threading.py", line 870, in run
    self._target(*self._args, **self._kwargs)
    │    │        │    │        │    └ {}
    │    │        │    │        └ <Thread(ScriptRunner.scriptThread, started 9144)>
    │    │        │    └ ()
    │    │        └ <Thread(ScriptRunner.scriptThread, started 9144)>
    │    └ <bound method ScriptRunner._run_script_thread of ScriptRunner(_session_id='e046047c-0409-44dc-ac03-934ca8134b68', _main_scrip...
    └ <Thread(ScriptRunner.scriptThread, started 9144)>

  File "C:\Users\abdul\AppData\Local\Programs\Python\Python38\lib\site-packages\streamlit\runtime\scriptrunner\script_runner.py", line 320, in _run_script_thread
    self._run_script(request.rerun_data)
    │    │           │       └ <property object at 0x000001F0C4E27AE0>
    │    │           └ ScriptRequest(type=<ScriptRequestType.RERUN: 'RERUN'>, _rerun_data=RerunData(widget_states=widgets {
    │    │               id: "$$ID-38bab446a52e...
    │    └ <function ScriptRunner._run_script at 0x000001F0C4F033A0>
    └ ScriptRunner(_session_id='e046047c-0409-44dc-ac03-934ca8134b68', _main_script_path='app.py', _session_state={num_chunks: 0, m...

  File "C:\Users\abdul\AppData\Local\Programs\Python\Python38\lib\site-packages\streamlit\runtime\scriptrunner\script_runner.py", line 595, in _run_script
    ) = exec_func_with_error_handling(code_to_exec, ctx)
        │                             │             └ ScriptRunContext(session_id='e046047c-0409-44dc-ac03-934ca8134b68', _enqueue=<bound method ScriptRunner._enqueue_forward_msg ...
        │                             └ <function ScriptRunner._run_script.<locals>.code_to_exec at 0x000001F0EF7778B0>
        └ <function exec_func_with_error_handling at 0x000001F0C4E76DC0>

  File "C:\Users\abdul\AppData\Local\Programs\Python\Python38\lib\site-packages\streamlit\runtime\scriptrunner\exec_code.py", line 88, in exec_func_with_error_handling
    result = func()
             └ <function ScriptRunner._run_script.<locals>.code_to_exec at 0x000001F0EF7778B0>

  File "C:\Users\abdul\AppData\Local\Programs\Python\Python38\lib\site-packages\streamlit\runtime\scriptrunner\script_runner.py", line 579, in code_to_exec
    exec(code, module.__dict__)
         │     │      └ <member '__dict__' of 'module' objects>
         │     └ <module '__main__' from 'D:\\OLLAMA\\youtube-chatbot12\\app.py'>
         └ <code object <module> at 0x000001F0C6335BE0, file "D:\OLLAMA\youtube-chatbot12\app.py", line 1>

  File "D:\OLLAMA\youtube-chatbot12\app.py", line 252, in <module>
    handle_video_load(video_url_input)
    │                 └ 'https://www.youtube.com/watch?v=ZzaPdXTrSb8'
    └ <function handle_video_load at 0x000001F0C62CD1F0>

  File "D:\OLLAMA\youtube-chatbot12\app.py", line 226, in handle_video_load
    transcript = get_transcript(video_id)
                 │              └ 'ZzaPdXTrSb8'
                 └ <function get_transcript at 0x000001F0C6343940>

> File "D:\OLLAMA\youtube-chatbot12\chatbot.py", line 77, in get_transcript
    transcript_list = YouTubeTranscriptApi.list_transcripts(video_id)
                      │                                     └ 'ZzaPdXTrSb8'
                      └ <class 'youtube_transcript_api._api.YouTubeTranscriptApi'>

AttributeError: type object 'YouTubeTranscriptApi' has no attribute 'list_transcripts'
2026-06-10 09:39:24.149 | ERROR    | chatbot:get_transcript:104 - Unexpected error fetching transcript for ZzaPdXTrSb8
Traceback (most recent call last):

  File "C:\Users\abdul\AppData\Local\Programs\Python\Python38\lib\threading.py", line 890, in _bootstrap
    self._bootstrap_inner()
    │    └ <function Thread._bootstrap_inner at 0x000001F0C29FC040>
    └ <Thread(ScriptRunner.scriptThread, started 9144)>

  File "C:\Users\abdul\AppData\Local\Programs\Python\Python38\lib\threading.py", line 932, in _bootstrap_inner
    self.run()
    │    └ <function Thread.run at 0x000001F0C29FBD30>
    └ <Thread(ScriptRunner.scriptThread, started 9144)>

  File "C:\Users\abdul\AppData\Local\Programs\Python\Python38\lib\threading.py", line 870, in run
    self._target(*self._args, **self._kwargs)
    │    │        │    │        │    └ {}
    │    │        │    │        └ <Thread(ScriptRunner.scriptThread, started 9144)>
    │    │        │    └ ()
    │    │        └ <Thread(ScriptRunner.scriptThread, started 9144)>
    │    └ <bound method ScriptRunner._run_script_thread of ScriptRunner(_session_id='e046047c-0409-44dc-ac03-934ca8134b68', _main_scrip...
    └ <Thread(ScriptRunner.scriptThread, started 9144)>

  File "C:\Users\abdul\AppData\Local\Programs\Python\Python38\lib\site-packages\streamlit\runtime\scriptrunner\script_runner.py", line 320, in _run_script_thread
    self._run_script(request.rerun_data)
    │    │           │       └ <property object at 0x000001F0C4E27AE0>
    │    │           └ ScriptRequest(type=<ScriptRequestType.RERUN: 'RERUN'>, _rerun_data=RerunData(widget_states=widgets {
    │    │               id: "$$ID-38bab446a52e...
    │    └ <function ScriptRunner._run_script at 0x000001F0C4F033A0>
    └ ScriptRunner(_session_id='e046047c-0409-44dc-ac03-934ca8134b68', _main_script_path='app.py', _session_state={num_chunks: 0, m...

  File "C:\Users\abdul\AppData\Local\Programs\Python\Python38\lib\site-packages\streamlit\runtime\scriptrunner\script_runner.py", line 595, in _run_script
    ) = exec_func_with_error_handling(code_to_exec, ctx)
        │                             │             └ ScriptRunContext(session_id='e046047c-0409-44dc-ac03-934ca8134b68', _enqueue=<bound method ScriptRunner._enqueue_forward_msg ...
        │                             └ <function ScriptRunner._run_script.<locals>.code_to_exec at 0x000001F0EF7778B0>
        └ <function exec_func_with_error_handling at 0x000001F0C4E76DC0>

  File "C:\Users\abdul\AppData\Local\Programs\Python\Python38\lib\site-packages\streamlit\runtime\scriptrunner\exec_code.py", line 88, in exec_func_with_error_handling
    result = func()
             └ <function ScriptRunner._run_script.<locals>.code_to_exec at 0x000001F0EF7778B0>

  File "C:\Users\abdul\AppData\Local\Programs\Python\Python38\lib\site-packages\streamlit\runtime\scriptrunner\script_runner.py", line 579, in code_to_exec
    exec(code, module.__dict__)
         │     │      └ <member '__dict__' of 'module' objects>
         │     └ <module '__main__' from 'D:\\OLLAMA\\youtube-chatbot12\\app.py'>
         └ <code object <module> at 0x000001F0C6335BE0, file "D:\OLLAMA\youtube-chatbot12\app.py", line 1>

  File "D:\OLLAMA\youtube-chatbot12\app.py", line 252, in <module>
    handle_video_load(video_url_input)
    │                 └ 'https://www.youtube.com/watch?v=ZzaPdXTrSb8'
    └ <function handle_video_load at 0x000001F0C62CD1F0>

  File "D:\OLLAMA\youtube-chatbot12\app.py", line 226, in handle_video_load
    transcript = get_transcript(video_id)
                 │              └ 'ZzaPdXTrSb8'
                 └ <function get_transcript at 0x000001F0C6343940>

> File "D:\OLLAMA\youtube-chatbot12\chatbot.py", line 77, in get_transcript
    transcript_list = YouTubeTranscriptApi.list_transcripts(video_id)
                      │                                     └ 'ZzaPdXTrSb8'
                      └ <class 'youtube_transcript_api._api.YouTubeTranscriptApi'>

AttributeError: type object 'YouTubeTranscriptApi' has no attribute 'list_transcripts'
2026-06-10 09:39:24.149 | ERROR    | chatbot:get_transcript:104 - Unexpected error fetching transcript for ZzaPdXTrSb8
Traceback (most recent call last):

  File "C:\Users\abdul\AppData\Local\Programs\Python\Python38\lib\threading.py", line 890, in _bootstrap
    self._bootstrap_inner()
    │    └ <function Thread._bootstrap_inner at 0x000001F0C29FC040>
    └ <Thread(ScriptRunner.scriptThread, started 9144)>

  File "C:\Users\abdul\AppData\Local\Programs\Python\Python38\lib\threading.py", line 932, in _bootstrap_inner
    self.run()
    │    └ <function Thread.run at 0x000001F0C29FBD30>
    └ <Thread(ScriptRunner.scriptThread, started 9144)>

  File "C:\Users\abdul\AppData\Local\Programs\Python\Python38\lib\threading.py", line 870, in run
    self._target(*self._args, **self._kwargs)
    │    │        │    │        │    └ {}
    │    │        │    │        └ <Thread(ScriptRunner.scriptThread, started 9144)>
    │    │        │    └ ()
    │    │        └ <Thread(ScriptRunner.scriptThread, started 9144)>
    │    └ <bound method ScriptRunner._run_script_thread of ScriptRunner(_session_id='e046047c-0409-44dc-ac03-934ca8134b68', _main_scrip...
    └ <Thread(ScriptRunner.scriptThread, started 9144)>

  File "C:\Users\abdul\AppData\Local\Programs\Python\Python38\lib\site-packages\streamlit\runtime\scriptrunner\script_runner.py", line 320, in _run_script_thread
    self._run_script(request.rerun_data)
    │    │           │       └ <property object at 0x000001F0C4E27AE0>
    │    │           └ ScriptRequest(type=<ScriptRequestType.RERUN: 'RERUN'>, _rerun_data=RerunData(widget_states=widgets {
    │    │               id: "$$ID-38bab446a52e...
    │    └ <function ScriptRunner._run_script at 0x000001F0C4F033A0>
    └ ScriptRunner(_session_id='e046047c-0409-44dc-ac03-934ca8134b68', _main_script_path='app.py', _session_state={num_chunks: 0, m...

  File "C:\Users\abdul\AppData\Local\Programs\Python\Python38\lib\site-packages\streamlit\runtime\scriptrunner\script_runner.py", line 595, in _run_script
    ) = exec_func_with_error_handling(code_to_exec, ctx)
        │                             │             └ ScriptRunContext(session_id='e046047c-0409-44dc-ac03-934ca8134b68', _enqueue=<bound method ScriptRunner._enqueue_forward_msg ...
        │                             └ <function ScriptRunner._run_script.<locals>.code_to_exec at 0x000001F0EF7778B0>
        └ <function exec_func_with_error_handling at 0x000001F0C4E76DC0>

  File "C:\Users\abdul\AppData\Local\Programs\Python\Python38\lib\site-packages\streamlit\runtime\scriptrunner\exec_code.py", line 88, in exec_func_with_error_handling
    result = func()
             └ <function ScriptRunner._run_script.<locals>.code_to_exec at 0x000001F0EF7778B0>

  File "C:\Users\abdul\AppData\Local\Programs\Python\Python38\lib\site-packages\streamlit\runtime\scriptrunner\script_runner.py", line 579, in code_to_exec
    exec(code, module.__dict__)
         │     │      └ <member '__dict__' of 'module' objects>
         │     └ <module '__main__' from 'D:\\OLLAMA\\youtube-chatbot12\\app.py'>
         └ <code object <module> at 0x000001F0C6335BE0, file "D:\OLLAMA\youtube-chatbot12\app.py", line 1>

  File "D:\OLLAMA\youtube-chatbot12\app.py", line 252, in <module>
    handle_video_load(video_url_input)
    │                 └ 'https://www.youtube.com/watch?v=ZzaPdXTrSb8'
    └ <function handle_video_load at 0x000001F0C62CD1F0>

  File "D:\OLLAMA\youtube-chatbot12\app.py", line 226, in handle_video_load
    transcript = get_transcript(video_id)
                 │              └ 'ZzaPdXTrSb8'
                 └ <function get_transcript at 0x000001F0C6343940>

> File "D:\OLLAMA\youtube-chatbot12\chatbot.py", line 77, in get_transcript
    transcript_list = YouTubeTranscriptApi.list_transcripts(video_id)
                      │                                     └ 'ZzaPdXTrSb8'
                      └ <class 'youtube_transcript_api._api.YouTubeTranscriptApi'>

AttributeError: type object 'YouTubeTranscriptApi' has no attribute 'list_transcripts'
2026-06-10 09:39:24.149 | ERROR    | chatbot:get_transcript:104 - Unexpected error fetching transcript for ZzaPdXTrSb8
Traceback (most recent call last):

  File "C:\Users\abdul\AppData\Local\Programs\Python\Python38\lib\threading.py", line 890, in _bootstrap
    self._bootstrap_inner()
    │    └ <function Thread._bootstrap_inner at 0x000001F0C29FC040>
    └ <Thread(ScriptRunner.scriptThread, started 9144)>

  File "C:\Users\abdul\AppData\Local\Programs\Python\Python38\lib\threading.py", line 932, in _bootstrap_inner
    self.run()
    │    └ <function Thread.run at 0x000001F0C29FBD30>
    └ <Thread(ScriptRunner.scriptThread, started 9144)>

  File "C:\Users\abdul\AppData\Local\Programs\Python\Python38\lib\threading.py", line 870, in run
    self._target(*self._args, **self._kwargs)
    │    │        │    │        │    └ {}
    │    │        │    │        └ <Thread(ScriptRunner.scriptThread, started 9144)>
    │    │        │    └ ()
    │    │        └ <Thread(ScriptRunner.scriptThread, started 9144)>
    │    └ <bound method ScriptRunner._run_script_thread of ScriptRunner(_session_id='e046047c-0409-44dc-ac03-934ca8134b68', _main_scrip...
    └ <Thread(ScriptRunner.scriptThread, started 9144)>

  File "C:\Users\abdul\AppData\Local\Programs\Python\Python38\lib\site-packages\streamlit\runtime\scriptrunner\script_runner.py", line 320, in _run_script_thread
    self._run_script(request.rerun_data)
    │    │           │       └ <property object at 0x000001F0C4E27AE0>
    │    │           └ ScriptRequest(type=<ScriptRequestType.RERUN: 'RERUN'>, _rerun_data=RerunData(widget_states=widgets {
    │    │               id: "$$ID-38bab446a52e...
    │    └ <function ScriptRunner._run_script at 0x000001F0C4F033A0>
    └ ScriptRunner(_session_id='e046047c-0409-44dc-ac03-934ca8134b68', _main_script_path='app.py', _session_state={num_chunks: 0, m...

  File "C:\Users\abdul\AppData\Local\Programs\Python\Python38\lib\site-packages\streamlit\runtime\scriptrunner\script_runner.py", line 595, in _run_script
    ) = exec_func_with_error_handling(code_to_exec, ctx)
        │                             │             └ ScriptRunContext(session_id='e046047c-0409-44dc-ac03-934ca8134b68', _enqueue=<bound method ScriptRunner._enqueue_forward_msg ...
        │                             └ <function ScriptRunner._run_script.<locals>.code_to_exec at 0x000001F0EF7778B0>
        └ <function exec_func_with_error_handling at 0x000001F0C4E76DC0>

  File "C:\Users\abdul\AppData\Local\Programs\Python\Python38\lib\site-packages\streamlit\runtime\scriptrunner\exec_code.py", line 88, in exec_func_with_error_handling
    result = func()
             └ <function ScriptRunner._run_script.<locals>.code_to_exec at 0x000001F0EF7778B0>

  File "C:\Users\abdul\AppData\Local\Programs\Python\Python38\lib\site-packages\streamlit\runtime\scriptrunner\script_runner.py", line 579, in code_to_exec
    exec(code, module.__dict__)
         │     │      └ <member '__dict__' of 'module' objects>
         │     └ <module '__main__' from 'D:\\OLLAMA\\youtube-chatbot12\\app.py'>
         └ <code object <module> at 0x000001F0C6335BE0, file "D:\OLLAMA\youtube-chatbot12\app.py", line 1>

  File "D:\OLLAMA\youtube-chatbot12\app.py", line 252, in <module>
    handle_video_load(video_url_input)
    │                 └ 'https://www.youtube.com/watch?v=ZzaPdXTrSb8'
    └ <function handle_video_load at 0x000001F0C62CD1F0>

  File "D:\OLLAMA\youtube-chatbot12\app.py", line 226, in handle_video_load
    transcript = get_transcript(video_id)
                 │              └ 'ZzaPdXTrSb8'
                 └ <function get_transcript at 0x000001F0C6343940>

> File "D:\OLLAMA\youtube-chatbot12\chatbot.py", line 77, in get_transcript
    transcript_list = YouTubeTranscriptApi.list_transcripts(video_id)
                      │                                     └ 'ZzaPdXTrSb8'
                      └ <class 'youtube_transcript_api._api.YouTubeTranscriptApi'>

AttributeError: type object 'YouTubeTranscriptApi' has no attribute 'list_transcripts'
2026-06-10 09:39:24.149 | ERROR    | chatbot:get_transcript:104 - Unexpected error fetching transcript for ZzaPdXTrSb8
Traceback (most recent call last):

  File "C:\Users\abdul\AppData\Local\Programs\Python\Python38\lib\threading.py", line 890, in _bootstrap
    self._bootstrap_inner()
    │    └ <function Thread._bootstrap_inner at 0x000001F0C29FC040>
    └ <Thread(ScriptRunner.scriptThread, started 9144)>

  File "C:\Users\abdul\AppData\Local\Programs\Python\Python38\lib\threading.py", line 932, in _bootstrap_inner
    self.run()
    │    └ <function Thread.run at 0x000001F0C29FBD30>
    └ <Thread(ScriptRunner.scriptThread, started 9144)>

  File "C:\Users\abdul\AppData\Local\Programs\Python\Python38\lib\threading.py", line 870, in run
    self._target(*self._args, **self._kwargs)
    │    │        │    │        │    └ {}
    │    │        │    │        └ <Thread(ScriptRunner.scriptThread, started 9144)>
    │    │        │    └ ()
    │    │        └ <Thread(ScriptRunner.scriptThread, started 9144)>
    │    └ <bound method ScriptRunner._run_script_thread of ScriptRunner(_session_id='e046047c-0409-44dc-ac03-934ca8134b68', _main_scrip...
    └ <Thread(ScriptRunner.scriptThread, started 9144)>

  File "C:\Users\abdul\AppData\Local\Programs\Python\Python38\lib\site-packages\streamlit\runtime\scriptrunner\script_runner.py", line 320, in _run_script_thread
    self._run_script(request.rerun_data)
    │    │           │       └ <property object at 0x000001F0C4E27AE0>
    │    │           └ ScriptRequest(type=<ScriptRequestType.RERUN: 'RERUN'>, _rerun_data=RerunData(widget_states=widgets {
    │    │               id: "$$ID-38bab446a52e...
    │    └ <function ScriptRunner._run_script at 0x000001F0C4F033A0>
    └ ScriptRunner(_session_id='e046047c-0409-44dc-ac03-934ca8134b68', _main_script_path='app.py', _session_state={num_chunks: 0, m...

  File "C:\Users\abdul\AppData\Local\Programs\Python\Python38\lib\site-packages\streamlit\runtime\scriptrunner\script_runner.py", line 595, in _run_script
    ) = exec_func_with_error_handling(code_to_exec, ctx)
        │                             │             └ ScriptRunContext(session_id='e046047c-0409-44dc-ac03-934ca8134b68', _enqueue=<bound method ScriptRunner._enqueue_forward_msg ...
        │                             └ <function ScriptRunner._run_script.<locals>.code_to_exec at 0x000001F0EF7778B0>
        └ <function exec_func_with_error_handling at 0x000001F0C4E76DC0>

  File "C:\Users\abdul\AppData\Local\Programs\Python\Python38\lib\site-packages\streamlit\runtime\scriptrunner\exec_code.py", line 88, in exec_func_with_error_handling
    result = func()
             └ <function ScriptRunner._run_script.<locals>.code_to_exec at 0x000001F0EF7778B0>

  File "C:\Users\abdul\AppData\Local\Programs\Python\Python38\lib\site-packages\streamlit\runtime\scriptrunner\script_runner.py", line 579, in code_to_exec
    exec(code, module.__dict__)
         │     │      └ <member '__dict__' of 'module' objects>
         │     └ <module '__main__' from 'D:\\OLLAMA\\youtube-chatbot12\\app.py'>
         └ <code object <module> at 0x000001F0C6335BE0, file "D:\OLLAMA\youtube-chatbot12\app.py", line 1>

  File "D:\OLLAMA\youtube-chatbot12\app.py", line 252, in <module>
    handle_video_load(video_url_input)
    │                 └ 'https://www.youtube.com/watch?v=ZzaPdXTrSb8'
    └ <function handle_video_load at 0x000001F0C62CD1F0>

  File "D:\OLLAMA\youtube-chatbot12\app.py", line 226, in handle_video_load
    transcript = get_transcript(video_id)
                 │              └ 'ZzaPdXTrSb8'
                 └ <function get_transcript at 0x000001F0C6343940>

> File "D:\OLLAMA\youtube-chatbot12\chatbot.py", line 77, in get_transcript
    transcript_list = YouTubeTranscriptApi.list_transcripts(video_id)
                      │                                     └ 'ZzaPdXTrSb8'
                      └ <class 'youtube_transcript_api._api.YouTubeTranscriptApi'>

AttributeError: type object 'YouTubeTranscriptApi' has no attribute 'list_transcripts'
2026-06-10 09:39:24.149 | ERROR    | chatbot:get_transcript:104 - Unexpected error fetching transcript for ZzaPdXTrSb8
Traceback (most recent call last):

  File "C:\Users\abdul\AppData\Local\Programs\Python\Python38\lib\threading.py", line 890, in _bootstrap
    self._bootstrap_inner()
    │    └ <function Thread._bootstrap_inner at 0x000001F0C29FC040>
    └ <Thread(ScriptRunner.scriptThread, started 9144)>

  File "C:\Users\abdul\AppData\Local\Programs\Python\Python38\lib\threading.py", line 932, in _bootstrap_inner
    self.run()
    │    └ <function Thread.run at 0x000001F0C29FBD30>
    └ <Thread(ScriptRunner.scriptThread, started 9144)>

  File "C:\Users\abdul\AppData\Local\Programs\Python\Python38\lib\threading.py", line 870, in run
    self._target(*self._args, **self._kwargs)
    │    │        │    │        │    └ {}
    │    │        │    │        └ <Thread(ScriptRunner.scriptThread, started 9144)>
    │    │        │    └ ()
    │    │        └ <Thread(ScriptRunner.scriptThread, started 9144)>
    │    └ <bound method ScriptRunner._run_script_thread of ScriptRunner(_session_id='e046047c-0409-44dc-ac03-934ca8134b68', _main_scrip...
    └ <Thread(ScriptRunner.scriptThread, started 9144)>

  File "C:\Users\abdul\AppData\Local\Programs\Python\Python38\lib\site-packages\streamlit\runtime\scriptrunner\script_runner.py", line 320, in _run_script_thread
    self._run_script(request.rerun_data)
    │    │           │       └ <property object at 0x000001F0C4E27AE0>
    │    │           └ ScriptRequest(type=<ScriptRequestType.RERUN: 'RERUN'>, _rerun_data=RerunData(widget_states=widgets {
    │    │               id: "$$ID-38bab446a52e...
    │    └ <function ScriptRunner._run_script at 0x000001F0C4F033A0>
    └ ScriptRunner(_session_id='e046047c-0409-44dc-ac03-934ca8134b68', _main_script_path='app.py', _session_state={num_chunks: 0, m...

  File "C:\Users\abdul\AppData\Local\Programs\Python\Python38\lib\site-packages\streamlit\runtime\scriptrunner\script_runner.py", line 595, in _run_script
    ) = exec_func_with_error_handling(code_to_exec, ctx)
        │                             │             └ ScriptRunContext(session_id='e046047c-0409-44dc-ac03-934ca8134b68', _enqueue=<bound method ScriptRunner._enqueue_forward_msg ...
        │                             └ <function ScriptRunner._run_script.<locals>.code_to_exec at 0x000001F0EF7778B0>
        └ <function exec_func_with_error_handling at 0x000001F0C4E76DC0>

  File "C:\Users\abdul\AppData\Local\Programs\Python\Python38\lib\site-packages\streamlit\runtime\scriptrunner\exec_code.py", line 88, in exec_func_with_error_handling
    result = func()
             └ <function ScriptRunner._run_script.<locals>.code_to_exec at 0x000001F0EF7778B0>

  File "C:\Users\abdul\AppData\Local\Programs\Python\Python38\lib\site-packages\streamlit\runtime\scriptrunner\script_runner.py", line 579, in code_to_exec
    exec(code, module.__dict__)
         │     │      └ <member '__dict__' of 'module' objects>
         │     └ <module '__main__' from 'D:\\OLLAMA\\youtube-chatbot12\\app.py'>
         └ <code object <module> at 0x000001F0C6335BE0, file "D:\OLLAMA\youtube-chatbot12\app.py", line 1>

  File "D:\OLLAMA\youtube-chatbot12\app.py", line 252, in <module>
    handle_video_load(video_url_input)
    │                 └ 'https://www.youtube.com/watch?v=ZzaPdXTrSb8'
    └ <function handle_video_load at 0x000001F0C62CD1F0>

  File "D:\OLLAMA\youtube-chatbot12\app.py", line 226, in handle_video_load
    transcript = get_transcript(video_id)
                 │              └ 'ZzaPdXTrSb8'
                 └ <function get_transcript at 0x000001F0C6343940>

> File "D:\OLLAMA\youtube-chatbot12\chatbot.py", line 77, in get_transcript
    transcript_list = YouTubeTranscriptApi.list_transcripts(video_id)
                      │                                     └ 'ZzaPdXTrSb8'
                      └ <class 'youtube_transcript_api._api.YouTubeTranscriptApi'>

AttributeError: type object 'YouTubeTranscriptApi' has no attribute 'list_transcripts'
2026-06-10 09:39:24.149 | ERROR    | chatbot:get_transcript:104 - Unexpected error fetching transcript for ZzaPdXTrSb8
Traceback (most recent call last):

  File "C:\Users\abdul\AppData\Local\Programs\Python\Python38\lib\threading.py", line 890, in _bootstrap
    self._bootstrap_inner()
    │    └ <function Thread._bootstrap_inner at 0x000001F0C29FC040>
    └ <Thread(ScriptRunner.scriptThread, started 9144)>

  File "C:\Users\abdul\AppData\Local\Programs\Python\Python38\lib\threading.py", line 932, in _bootstrap_inner
    self.run()
    │    └ <function Thread.run at 0x000001F0C29FBD30>
    └ <Thread(ScriptRunner.scriptThread, started 9144)>

  File "C:\Users\abdul\AppData\Local\Programs\Python\Python38\lib\threading.py", line 870, in run
    self._target(*self._args, **self._kwargs)
    │    │        │    │        │    └ {}
    │    │        │    │        └ <Thread(ScriptRunner.scriptThread, started 9144)>
    │    │        │    └ ()
    │    │        └ <Thread(ScriptRunner.scriptThread, started 9144)>
    │    └ <bound method ScriptRunner._run_script_thread of ScriptRunner(_session_id='e046047c-0409-44dc-ac03-934ca8134b68', _main_scrip...
    └ <Thread(ScriptRunner.scriptThread, started 9144)>

  File "C:\Users\abdul\AppData\Local\Programs\Python\Python38\lib\site-packages\streamlit\runtime\scriptrunner\script_runner.py", line 320, in _run_script_thread
    self._run_script(request.rerun_data)
    │    │           │       └ <property object at 0x000001F0C4E27AE0>
    │    │           └ ScriptRequest(type=<ScriptRequestType.RERUN: 'RERUN'>, _rerun_data=RerunData(widget_states=widgets {
    │    │               id: "$$ID-38bab446a52e...
    │    └ <function ScriptRunner._run_script at 0x000001F0C4F033A0>
    └ ScriptRunner(_session_id='e046047c-0409-44dc-ac03-934ca8134b68', _main_script_path='app.py', _session_state={num_chunks: 0, m...

  File "C:\Users\abdul\AppData\Local\Programs\Python\Python38\lib\site-packages\streamlit\runtime\scriptrunner\script_runner.py", line 595, in _run_script
    ) = exec_func_with_error_handling(code_to_exec, ctx)
        │                             │             └ ScriptRunContext(session_id='e046047c-0409-44dc-ac03-934ca8134b68', _enqueue=<bound method ScriptRunner._enqueue_forward_msg ...
        │                             └ <function ScriptRunner._run_script.<locals>.code_to_exec at 0x000001F0EF7778B0>
        └ <function exec_func_with_error_handling at 0x000001F0C4E76DC0>

  File "C:\Users\abdul\AppData\Local\Programs\Python\Python38\lib\site-packages\streamlit\runtime\scriptrunner\exec_code.py", line 88, in exec_func_with_error_handling
    result = func()
             └ <function ScriptRunner._run_script.<locals>.code_to_exec at 0x000001F0EF7778B0>

  File "C:\Users\abdul\AppData\Local\Programs\Python\Python38\lib\site-packages\streamlit\runtime\scriptrunner\script_runner.py", line 579, in code_to_exec
    exec(code, module.__dict__)
         │     │      └ <member '__dict__' of 'module' objects>
         │     └ <module '__main__' from 'D:\\OLLAMA\\youtube-chatbot12\\app.py'>
         └ <code object <module> at 0x000001F0C6335BE0, file "D:\OLLAMA\youtube-chatbot12\app.py", line 1>

  File "D:\OLLAMA\youtube-chatbot12\app.py", line 252, in <module>
    handle_video_load(video_url_input)
    │                 └ 'https://www.youtube.com/watch?v=ZzaPdXTrSb8'
    └ <function handle_video_load at 0x000001F0C62CD1F0>

  File "D:\OLLAMA\youtube-chatbot12\app.py", line 226, in handle_video_load
    transcript = get_transcript(video_id)
                 │              └ 'ZzaPdXTrSb8'
                 └ <function get_transcript at 0x000001F0C6343940>

> File "D:\OLLAMA\youtube-chatbot12\chatbot.py", line 77, in get_transcript
    transcript_list = YouTubeTranscriptApi.list_transcripts(video_id)
                      │                                     └ 'ZzaPdXTrSb8'
                      └ <class 'youtube_transcript_api._api.YouTubeTranscriptApi'>

AttributeError: type object 'YouTubeTranscriptApi' has no attribute 'list_transcripts'
2026-06-10 09:39:24.149 | ERROR    | chatbot:get_transcript:104 - Unexpected error fetching transcript for ZzaPdXTrSb8
Traceback (most recent call last):

  File "C:\Users\abdul\AppData\Local\Programs\Python\Python38\lib\threading.py", line 890, in _bootstrap
    self._bootstrap_inner()
    │    └ <function Thread._bootstrap_inner at 0x000001F0C29FC040>
    └ <Thread(ScriptRunner.scriptThread, started 9144)>

  File "C:\Users\abdul\AppData\Local\Programs\Python\Python38\lib\threading.py", line 932, in _bootstrap_inner
    self.run()
    │    └ <function Thread.run at 0x000001F0C29FBD30>
    └ <Thread(ScriptRunner.scriptThread, started 9144)>

  File "C:\Users\abdul\AppData\Local\Programs\Python\Python38\lib\threading.py", line 870, in run
    self._target(*self._args, **self._kwargs)
    │    │        │    │        │    └ {}
    │    │        │    │        └ <Thread(ScriptRunner.scriptThread, started 9144)>
    │    │        │    └ ()
    │    │        └ <Thread(ScriptRunner.scriptThread, started 9144)>
    │    └ <bound method ScriptRunner._run_script_thread of ScriptRunner(_session_id='e046047c-0409-44dc-ac03-934ca8134b68', _main_scrip...
    └ <Thread(ScriptRunner.scriptThread, started 9144)>

  File "C:\Users\abdul\AppData\Local\Programs\Python\Python38\lib\site-packages\streamlit\runtime\scriptrunner\script_runner.py", line 320, in _run_script_thread
    self._run_script(request.rerun_data)
    │    │           │       └ <property object at 0x000001F0C4E27AE0>
    │    │           └ ScriptRequest(type=<ScriptRequestType.RERUN: 'RERUN'>, _rerun_data=RerunData(widget_states=widgets {
    │    │               id: "$$ID-38bab446a52e...
    │    └ <function ScriptRunner._run_script at 0x000001F0C4F033A0>
    └ ScriptRunner(_session_id='e046047c-0409-44dc-ac03-934ca8134b68', _main_script_path='app.py', _session_state={num_chunks: 0, m...

  File "C:\Users\abdul\AppData\Local\Programs\Python\Python38\lib\site-packages\streamlit\runtime\scriptrunner\script_runner.py", line 595, in _run_script
    ) = exec_func_with_error_handling(code_to_exec, ctx)
        │                             │             └ ScriptRunContext(session_id='e046047c-0409-44dc-ac03-934ca8134b68', _enqueue=<bound method ScriptRunner._enqueue_forward_msg ...
        │                             └ <function ScriptRunner._run_script.<locals>.code_to_exec at 0x000001F0EF7778B0>
        └ <function exec_func_with_error_handling at 0x000001F0C4E76DC0>

  File "C:\Users\abdul\AppData\Local\Programs\Python\Python38\lib\site-packages\streamlit\runtime\scriptrunner\exec_code.py", line 88, in exec_func_with_error_handling
    result = func()
             └ <function ScriptRunner._run_script.<locals>.code_to_exec at 0x000001F0EF7778B0>

  File "C:\Users\abdul\AppData\Local\Programs\Python\Python38\lib\site-packages\streamlit\runtime\scriptrunner\script_runner.py", line 579, in code_to_exec
    exec(code, module.__dict__)
         │     │      └ <member '__dict__' of 'module' objects>
         │     └ <module '__main__' from 'D:\\OLLAMA\\youtube-chatbot12\\app.py'>
         └ <code object <module> at 0x000001F0C6335BE0, file "D:\OLLAMA\youtube-chatbot12\app.py", line 1>

  File "D:\OLLAMA\youtube-chatbot12\app.py", line 252, in <module>
    handle_video_load(video_url_input)
    │                 └ 'https://www.youtube.com/watch?v=ZzaPdXTrSb8'
    └ <function handle_video_load at 0x000001F0C62CD1F0>

  File "D:\OLLAMA\youtube-chatbot12\app.py", line 226, in handle_video_load
    transcript = get_transcript(video_id)
                 │              └ 'ZzaPdXTrSb8'
                 └ <function get_transcript at 0x000001F0C6343940>

> File "D:\OLLAMA\youtube-chatbot12\chatbot.py", line 77, in get_transcript
    transcript_list = YouTubeTranscriptApi.list_transcripts(video_id)
                      │                                     └ 'ZzaPdXTrSb8'
                      └ <class 'youtube_transcript_api._api.YouTubeTranscriptApi'>

AttributeError: type object 'YouTubeTranscriptApi' has no attribute 'list_transcripts'
2026-06-10 09:39:24.149 | ERROR    | chatbot:get_transcript:104 - Unexpected error fetching transcript for ZzaPdXTrSb8
Traceback (most recent call last):

  File "C:\Users\abdul\AppData\Local\Programs\Python\Python38\lib\threading.py", line 890, in _bootstrap
    self._bootstrap_inner()
    │    └ <function Thread._bootstrap_inner at 0x000001F0C29FC040>
    └ <Thread(ScriptRunner.scriptThread, started 9144)>

  File "C:\Users\abdul\AppData\Local\Programs\Python\Python38\lib\threading.py", line 932, in _bootstrap_inner
    self.run()
    │    └ <function Thread.run at 0x000001F0C29FBD30>
    └ <Thread(ScriptRunner.scriptThread, started 9144)>

  File "C:\Users\abdul\AppData\Local\Programs\Python\Python38\lib\threading.py", line 870, in run
    self._target(*self._args, **self._kwargs)
    │    │        │    │        │    └ {}
    │    │        │    │        └ <Thread(ScriptRunner.scriptThread, started 9144)>
    │    │        │    └ ()
    │    │        └ <Thread(ScriptRunner.scriptThread, started 9144)>
    │    └ <bound method ScriptRunner._run_script_thread of ScriptRunner(_session_id='e046047c-0409-44dc-ac03-934ca8134b68', _main_scrip...
    └ <Thread(ScriptRunner.scriptThread, started 9144)>

  File "C:\Users\abdul\AppData\Local\Programs\Python\Python38\lib\site-packages\streamlit\runtime\scriptrunner\script_runner.py", line 320, in _run_script_thread
    self._run_script(request.rerun_data)
    │    │           │       └ <property object at 0x000001F0C4E27AE0>
    │    │           └ ScriptRequest(type=<ScriptRequestType.RERUN: 'RERUN'>, _rerun_data=RerunData(widget_states=widgets {
    │    │               id: "$$ID-38bab446a52e...
    │    └ <function ScriptRunner._run_script at 0x000001F0C4F033A0>
    └ ScriptRunner(_session_id='e046047c-0409-44dc-ac03-934ca8134b68', _main_script_path='app.py', _session_state={num_chunks: 0, m...

  File "C:\Users\abdul\AppData\Local\Programs\Python\Python38\lib\site-packages\streamlit\runtime\scriptrunner\script_runner.py", line 595, in _run_script
    ) = exec_func_with_error_handling(code_to_exec, ctx)
        │                             │             └ ScriptRunContext(session_id='e046047c-0409-44dc-ac03-934ca8134b68', _enqueue=<bound method ScriptRunner._enqueue_forward_msg ...
        │                             └ <function ScriptRunner._run_script.<locals>.code_to_exec at 0x000001F0EF7778B0>
        └ <function exec_func_with_error_handling at 0x000001F0C4E76DC0>

  File "C:\Users\abdul\AppData\Local\Programs\Python\Python38\lib\site-packages\streamlit\runtime\scriptrunner\exec_code.py", line 88, in exec_func_with_error_handling
    result = func()
             └ <function ScriptRunner._run_script.<locals>.code_to_exec at 0x000001F0EF7778B0>

  File "C:\Users\abdul\AppData\Local\Programs\Python\Python38\lib\site-packages\streamlit\runtime\scriptrunner\script_runner.py", line 579, in code_to_exec
    exec(code, module.__dict__)
         │     │      └ <member '__dict__' of 'module' objects>
         │     └ <module '__main__' from 'D:\\OLLAMA\\youtube-chatbot12\\app.py'>
         └ <code object <module> at 0x000001F0C6335BE0, file "D:\OLLAMA\youtube-chatbot12\app.py", line 1>

  File "D:\OLLAMA\youtube-chatbot12\app.py", line 252, in <module>
    handle_video_load(video_url_input)
    │                 └ 'https://www.youtube.com/watch?v=ZzaPdXTrSb8'
    └ <function handle_video_load at 0x000001F0C62CD1F0>

  File "D:\OLLAMA\youtube-chatbot12\app.py", line 226, in handle_video_load
    transcript = get_transcript(video_id)
                 │              └ 'ZzaPdXTrSb8'
                 └ <function get_transcript at 0x000001F0C6343940>

> File "D:\OLLAMA\youtube-chatbot12\chatbot.py", line 77, in get_transcript
    transcript_list = YouTubeTranscriptApi.list_transcripts(video_id)
                      │                                     └ 'ZzaPdXTrSb8'
                      └ <class 'youtube_transcript_api._api.YouTubeTranscriptApi'>

AttributeError: type object 'YouTubeTranscriptApi' has no attribute 'list_transcripts'
2026-06-10 09:39:24.149 | ERROR    | chatbot:get_transcript:104 - Unexpected error fetching transcript for ZzaPdXTrSb8
Traceback (most recent call last):

  File "C:\Users\abdul\AppData\Local\Programs\Python\Python38\lib\threading.py", line 890, in _bootstrap
    self._bootstrap_inner()
    │    └ <function Thread._bootstrap_inner at 0x000001F0C29FC040>
    └ <Thread(ScriptRunner.scriptThread, started 9144)>

  File "C:\Users\abdul\AppData\Local\Programs\Python\Python38\lib\threading.py", line 932, in _bootstrap_inner
    self.run()
    │    └ <function Thread.run at 0x000001F0C29FBD30>
    └ <Thread(ScriptRunner.scriptThread, started 9144)>

  File "C:\Users\abdul\AppData\Local\Programs\Python\Python38\lib\threading.py", line 870, in run
    self._target(*self._args, **self._kwargs)
    │    │        │    │        │    └ {}
    │    │        │    │        └ <Thread(ScriptRunner.scriptThread, started 9144)>
    │    │        │    └ ()
    │    │        └ <Thread(ScriptRunner.scriptThread, started 9144)>
    │    └ <bound method ScriptRunner._run_script_thread of ScriptRunner(_session_id='e046047c-0409-44dc-ac03-934ca8134b68', _main_scrip...
    └ <Thread(ScriptRunner.scriptThread, started 9144)>

  File "C:\Users\abdul\AppData\Local\Programs\Python\Python38\lib\site-packages\streamlit\runtime\scriptrunner\script_runner.py", line 320, in _run_script_thread
    self._run_script(request.rerun_data)
    │    │           │       └ <property object at 0x000001F0C4E27AE0>
    │    │           └ ScriptRequest(type=<ScriptRequestType.RERUN: 'RERUN'>, _rerun_data=RerunData(widget_states=widgets {
    │    │               id: "$$ID-38bab446a52e...
    │    └ <function ScriptRunner._run_script at 0x000001F0C4F033A0>
    └ ScriptRunner(_session_id='e046047c-0409-44dc-ac03-934ca8134b68', _main_script_path='app.py', _session_state={num_chunks: 0, m...

  File "C:\Users\abdul\AppData\Local\Programs\Python\Python38\lib\site-packages\streamlit\runtime\scriptrunner\script_runner.py", line 595, in _run_script
    ) = exec_func_with_error_handling(code_to_exec, ctx)
        │                             │             └ ScriptRunContext(session_id='e046047c-0409-44dc-ac03-934ca8134b68', _enqueue=<bound method ScriptRunner._enqueue_forward_msg ...
        │                             └ <function ScriptRunner._run_script.<locals>.code_to_exec at 0x000001F0EF7778B0>
        └ <function exec_func_with_error_handling at 0x000001F0C4E76DC0>

  File "C:\Users\abdul\AppData\Local\Programs\Python\Python38\lib\site-packages\streamlit\runtime\scriptrunner\exec_code.py", line 88, in exec_func_with_error_handling
    result = func()
             └ <function ScriptRunner._run_script.<locals>.code_to_exec at 0x000001F0EF7778B0>

  File "C:\Users\abdul\AppData\Local\Programs\Python\Python38\lib\site-packages\streamlit\runtime\scriptrunner\script_runner.py", line 579, in code_to_exec
    exec(code, module.__dict__)
         │     │      └ <member '__dict__' of 'module' objects>
         │     └ <module '__main__' from 'D:\\OLLAMA\\youtube-chatbot12\\app.py'>
         └ <code object <module> at 0x000001F0C6335BE0, file "D:\OLLAMA\youtube-chatbot12\app.py", line 1>

  File "D:\OLLAMA\youtube-chatbot12\app.py", line 252, in <module>
    handle_video_load(video_url_input)
    │                 └ 'https://www.youtube.com/watch?v=ZzaPdXTrSb8'
    └ <function handle_video_load at 0x000001F0C62CD1F0>

  File "D:\OLLAMA\youtube-chatbot12\app.py", line 226, in handle_video_load
    transcript = get_transcript(video_id)
                 │              └ 'ZzaPdXTrSb8'
                 └ <function get_transcript at 0x000001F0C6343940>

> File "D:\OLLAMA\youtube-chatbot12\chatbot.py", line 77, in get_transcript
    transcript_list = YouTubeTranscriptApi.list_transcripts(video_id)
                      │                                     └ 'ZzaPdXTrSb8'
                      └ <class 'youtube_transcript_api._api.YouTubeTranscriptApi'>

AttributeError: type object 'YouTubeTranscriptApi' has no attribute 'list_transcripts'
2026-06-10 09:39:24.268 | ERROR    | __main__:handle_video_load:235 - Load failed: Transcript retrieval failed: type object 'YouTubeTranscriptApi' has no attribute 'list_transcripts'
2026-06-10 09:39:24.268 | ERROR    | __main__:handle_video_load:235 - Load failed: Transcript retrieval failed: type object 'YouTubeTranscriptApi' has no attribute 'list_transcripts'
2026-06-10 09:39:24.268 | ERROR    | __main__:handle_video_load:235 - Load failed: Transcript retrieval failed: type object 'YouTubeTranscriptApi' has no attribute 'list_transcripts'
2026-06-10 09:39:24.268 | ERROR    | __main__:handle_video_load:235 - Load failed: Transcript retrieval failed: type object 'YouTubeTranscriptApi' has no attribute 'list_transcripts'
2026-06-10 09:39:24.268 | ERROR    | __main__:handle_video_load:235 - Load failed: Transcript retrieval failed: type object 'YouTubeTranscriptApi' has no attribute 'list_transcripts'
2026-06-10 09:39:24.268 | ERROR    | __main__:handle_video_load:235 - Load failed: Transcript retrieval failed: type object 'YouTubeTranscriptApi' has no attribute 'list_transcripts'
2026-06-10 09:39:24.268 | ERROR    | __main__:handle_video_load:235 - Load failed: Transcript retrieval failed: type object 'YouTubeTranscriptApi' has no attribute 'list_transcripts'
2026-06-10 09:39:24.268 | ERROR    | __main__:handle_video_load:235 - Load failed: Transcript retrieval failed: type object 'YouTubeTranscriptApi' has no attribute 'list_transcripts'
2026-06-10 09:39:24.268 | ERROR    | __main__:handle_video_load:235 - Load failed: Transcript retrieval failed: type object 'YouTubeTranscriptApi' has no attribute 'list_transcripts'
2026-06-10 09:39:24.268 | ERROR    | __main__:handle_video_load:235 - Load failed: Transcript retrieval failed: type object 'YouTubeTranscriptApi' has no attribute 'list_transcripts'
2026-06-10 09:39:24.268 | ERROR    | __main__:handle_video_load:235 - Load failed: Transcript retrieval failed: type object 'YouTubeTranscriptApi' has no attribute 'list_transcripts'
2026-06-10 09:39:24.268 | ERROR    | __main__:handle_video_load:235 - Load failed: Transcript retrieval failed: type object 'YouTubeTranscriptApi' has no attribute 'list_transcripts'
2026-06-10 09:39:24.268 | ERROR    | __main__:handle_video_load:235 - Load failed: Transcript retrieval failed: type object 'YouTubeTranscriptApi' has no attribute 'list_transcripts'
2026-06-10 09:39:24.268 | ERROR    | __main__:handle_video_load:235 - Load failed: Transcript retrieval failed: type object 'YouTubeTranscriptApi' has no attribute 'list_transcripts'
2026-06-10 09:39:24.268 | ERROR    | __main__:handle_video_load:235 - Load failed: Transcript retrieval failed: type object 'YouTubeTranscriptApi' has no attribute 'list_transcripts'
2026-06-10 09:39:24.268 | ERROR    | __main__:handle_video_load:235 - Load failed: Transcript retrieval failed: type object 'YouTubeTranscriptApi' has no attribute 'list_transcripts'
2026-06-10 09:39:24.268 | ERROR    | __main__:handle_video_load:235 - Load failed: Transcript retrieval failed: type object 'YouTubeTranscriptApi' has no attribute 'list_transcripts'
2026-06-10 09:39:24.268 | ERROR    | __main__:handle_video_load:235 - Load failed: Transcript retrieval failed: type object 'YouTubeTranscriptApi' has no attribute 'list_transcripts'
2026-06-10 09:44:44.289 | INFO     | chatbot:get_transcript:73 - Fetching transcript for video_id: _8H2n0nDfd4
2026-06-10 09:44:44.289 | INFO     | chatbot:get_transcript:73 - Fetching transcript for video_id: _8H2n0nDfd4
2026-06-10 09:44:44.289 | INFO     | chatbot:get_transcript:73 - Fetching transcript for video_id: _8H2n0nDfd4
2026-06-10 09:44:44.289 | INFO     | chatbot:get_transcript:73 - Fetching transcript for video_id: _8H2n0nDfd4
2026-06-10 09:44:44.291 | ERROR    | chatbot:get_transcript:104 - Unexpected error fetching transcript for _8H2n0nDfd4
Traceback (most recent call last):

  File "C:\Users\abdul\AppData\Local\Programs\Python\Python38\lib\threading.py", line 890, in _bootstrap
    self._bootstrap_inner()
    │    └ <function Thread._bootstrap_inner at 0x000001A52CE1C040>
    └ <Thread(ScriptRunner.scriptThread, started 35184)>

  File "C:\Users\abdul\AppData\Local\Programs\Python\Python38\lib\threading.py", line 932, in _bootstrap_inner
    self.run()
    │    └ <function Thread.run at 0x000001A52CE1BD30>
    └ <Thread(ScriptRunner.scriptThread, started 35184)>

  File "C:\Users\abdul\AppData\Local\Programs\Python\Python38\lib\threading.py", line 870, in run
    self._target(*self._args, **self._kwargs)
    │    │        │    │        │    └ {}
    │    │        │    │        └ <Thread(ScriptRunner.scriptThread, started 35184)>
    │    │        │    └ ()
    │    │        └ <Thread(ScriptRunner.scriptThread, started 35184)>
    │    └ <bound method ScriptRunner._run_script_thread of ScriptRunner(_session_id='1fcf59ca-e0cf-45d9-ae31-260526ceb236', _main_scrip...
    └ <Thread(ScriptRunner.scriptThread, started 35184)>

  File "C:\Users\abdul\AppData\Local\Programs\Python\Python38\lib\site-packages\streamlit\runtime\scriptrunner\script_runner.py", line 320, in _run_script_thread
    self._run_script(request.rerun_data)
    │    │           │       └ <property object at 0x000001A52F266CC0>
    │    │           └ ScriptRequest(type=<ScriptRequestType.RERUN: 'RERUN'>, _rerun_data=RerunData(widget_states=widgets {
    │    │               id: "$$ID-38bab446a52e...
    │    └ <function ScriptRunner._run_script at 0x000001A52F3433A0>
    └ ScriptRunner(_session_id='1fcf59ca-e0cf-45d9-ae31-260526ceb236', _main_script_path='app.py', _session_state={processing: True...

  File "C:\Users\abdul\AppData\Local\Programs\Python\Python38\lib\site-packages\streamlit\runtime\scriptrunner\script_runner.py", line 595, in _run_script
    ) = exec_func_with_error_handling(code_to_exec, ctx)
        │                             │             └ ScriptRunContext(session_id='1fcf59ca-e0cf-45d9-ae31-260526ceb236', _enqueue=<bound method ScriptRunner._enqueue_forward_msg ...
        │                             └ <function ScriptRunner._run_script.<locals>.code_to_exec at 0x000001A559EB1160>
        └ <function exec_func_with_error_handling at 0x000001A52F2B6DC0>

  File "C:\Users\abdul\AppData\Local\Programs\Python\Python38\lib\site-packages\streamlit\runtime\scriptrunner\exec_code.py", line 88, in exec_func_with_error_handling
    result = func()
             └ <function ScriptRunner._run_script.<locals>.code_to_exec at 0x000001A559EB1160>

  File "C:\Users\abdul\AppData\Local\Programs\Python\Python38\lib\site-packages\streamlit\runtime\scriptrunner\script_runner.py", line 579, in code_to_exec
    exec(code, module.__dict__)
         │     │      └ <member '__dict__' of 'module' objects>
         │     └ <module '__main__' from 'D:\\OLLAMA\\youtube-chatbot12\\app.py'>
         └ <code object <module> at 0x000001A530768EA0, file "D:\OLLAMA\youtube-chatbot12\app.py", line 1>

  File "D:\OLLAMA\youtube-chatbot12\app.py", line 252, in <module>
    handle_video_load(video_url_input)
    │                 └ 'https://youtu.be/_8H2n0nDfd4?si=DqvZTiKZgtswJEbZ'
    └ <function handle_video_load at 0x000001A559EB13A0>

  File "D:\OLLAMA\youtube-chatbot12\app.py", line 226, in handle_video_load
    transcript = get_transcript(video_id)
                 │              └ '_8H2n0nDfd4'
                 └ <function get_transcript at 0x000001A5307F8E50>

> File "D:\OLLAMA\youtube-chatbot12\chatbot.py", line 77, in get_transcript
    transcript_list = YouTubeTranscriptApi.list_transcripts(video_id)
                      │                                     └ '_8H2n0nDfd4'
                      └ <class 'youtube_transcript_api._api.YouTubeTranscriptApi'>

AttributeError: type object 'YouTubeTranscriptApi' has no attribute 'list_transcripts'
2026-06-10 09:44:44.291 | ERROR    | chatbot:get_transcript:104 - Unexpected error fetching transcript for _8H2n0nDfd4
Traceback (most recent call last):

  File "C:\Users\abdul\AppData\Local\Programs\Python\Python38\lib\threading.py", line 890, in _bootstrap
    self._bootstrap_inner()
    │    └ <function Thread._bootstrap_inner at 0x000001A52CE1C040>
    └ <Thread(ScriptRunner.scriptThread, started 35184)>

  File "C:\Users\abdul\AppData\Local\Programs\Python\Python38\lib\threading.py", line 932, in _bootstrap_inner
    self.run()
    │    └ <function Thread.run at 0x000001A52CE1BD30>
    └ <Thread(ScriptRunner.scriptThread, started 35184)>

  File "C:\Users\abdul\AppData\Local\Programs\Python\Python38\lib\threading.py", line 870, in run
    self._target(*self._args, **self._kwargs)
    │    │        │    │        │    └ {}
    │    │        │    │        └ <Thread(ScriptRunner.scriptThread, started 35184)>
    │    │        │    └ ()
    │    │        └ <Thread(ScriptRunner.scriptThread, started 35184)>
    │    └ <bound method ScriptRunner._run_script_thread of ScriptRunner(_session_id='1fcf59ca-e0cf-45d9-ae31-260526ceb236', _main_scrip...
    └ <Thread(ScriptRunner.scriptThread, started 35184)>

  File "C:\Users\abdul\AppData\Local\Programs\Python\Python38\lib\site-packages\streamlit\runtime\scriptrunner\script_runner.py", line 320, in _run_script_thread
    self._run_script(request.rerun_data)
    │    │           │       └ <property object at 0x000001A52F266CC0>
    │    │           └ ScriptRequest(type=<ScriptRequestType.RERUN: 'RERUN'>, _rerun_data=RerunData(widget_states=widgets {
    │    │               id: "$$ID-38bab446a52e...
    │    └ <function ScriptRunner._run_script at 0x000001A52F3433A0>
    └ ScriptRunner(_session_id='1fcf59ca-e0cf-45d9-ae31-260526ceb236', _main_script_path='app.py', _session_state={processing: True...

  File "C:\Users\abdul\AppData\Local\Programs\Python\Python38\lib\site-packages\streamlit\runtime\scriptrunner\script_runner.py", line 595, in _run_script
    ) = exec_func_with_error_handling(code_to_exec, ctx)
        │                             │             └ ScriptRunContext(session_id='1fcf59ca-e0cf-45d9-ae31-260526ceb236', _enqueue=<bound method ScriptRunner._enqueue_forward_msg ...
        │                             └ <function ScriptRunner._run_script.<locals>.code_to_exec at 0x000001A559EB1160>
        └ <function exec_func_with_error_handling at 0x000001A52F2B6DC0>

  File "C:\Users\abdul\AppData\Local\Programs\Python\Python38\lib\site-packages\streamlit\runtime\scriptrunner\exec_code.py", line 88, in exec_func_with_error_handling
    result = func()
             └ <function ScriptRunner._run_script.<locals>.code_to_exec at 0x000001A559EB1160>

  File "C:\Users\abdul\AppData\Local\Programs\Python\Python38\lib\site-packages\streamlit\runtime\scriptrunner\script_runner.py", line 579, in code_to_exec
    exec(code, module.__dict__)
         │     │      └ <member '__dict__' of 'module' objects>
         │     └ <module '__main__' from 'D:\\OLLAMA\\youtube-chatbot12\\app.py'>
         └ <code object <module> at 0x000001A530768EA0, file "D:\OLLAMA\youtube-chatbot12\app.py", line 1>

  File "D:\OLLAMA\youtube-chatbot12\app.py", line 252, in <module>
    handle_video_load(video_url_input)
    │                 └ 'https://youtu.be/_8H2n0nDfd4?si=DqvZTiKZgtswJEbZ'
    └ <function handle_video_load at 0x000001A559EB13A0>

  File "D:\OLLAMA\youtube-chatbot12\app.py", line 226, in handle_video_load
    transcript = get_transcript(video_id)
                 │              └ '_8H2n0nDfd4'
                 └ <function get_transcript at 0x000001A5307F8E50>

> File "D:\OLLAMA\youtube-chatbot12\chatbot.py", line 77, in get_transcript
    transcript_list = YouTubeTranscriptApi.list_transcripts(video_id)
                      │                                     └ '_8H2n0nDfd4'
                      └ <class 'youtube_transcript_api._api.YouTubeTranscriptApi'>

AttributeError: type object 'YouTubeTranscriptApi' has no attribute 'list_transcripts'
2026-06-10 09:44:44.291 | ERROR    | chatbot:get_transcript:104 - Unexpected error fetching transcript for _8H2n0nDfd4
Traceback (most recent call last):

  File "C:\Users\abdul\AppData\Local\Programs\Python\Python38\lib\threading.py", line 890, in _bootstrap
    self._bootstrap_inner()
    │    └ <function Thread._bootstrap_inner at 0x000001A52CE1C040>
    └ <Thread(ScriptRunner.scriptThread, started 35184)>

  File "C:\Users\abdul\AppData\Local\Programs\Python\Python38\lib\threading.py", line 932, in _bootstrap_inner
    self.run()
    │    └ <function Thread.run at 0x000001A52CE1BD30>
    └ <Thread(ScriptRunner.scriptThread, started 35184)>

  File "C:\Users\abdul\AppData\Local\Programs\Python\Python38\lib\threading.py", line 870, in run
    self._target(*self._args, **self._kwargs)
    │    │        │    │        │    └ {}
    │    │        │    │        └ <Thread(ScriptRunner.scriptThread, started 35184)>
    │    │        │    └ ()
    │    │        └ <Thread(ScriptRunner.scriptThread, started 35184)>
    │    └ <bound method ScriptRunner._run_script_thread of ScriptRunner(_session_id='1fcf59ca-e0cf-45d9-ae31-260526ceb236', _main_scrip...
    └ <Thread(ScriptRunner.scriptThread, started 35184)>

  File "C:\Users\abdul\AppData\Local\Programs\Python\Python38\lib\site-packages\streamlit\runtime\scriptrunner\script_runner.py", line 320, in _run_script_thread
    self._run_script(request.rerun_data)
    │    │           │       └ <property object at 0x000001A52F266CC0>
    │    │           └ ScriptRequest(type=<ScriptRequestType.RERUN: 'RERUN'>, _rerun_data=RerunData(widget_states=widgets {
    │    │               id: "$$ID-38bab446a52e...
    │    └ <function ScriptRunner._run_script at 0x000001A52F3433A0>
    └ ScriptRunner(_session_id='1fcf59ca-e0cf-45d9-ae31-260526ceb236', _main_script_path='app.py', _session_state={processing: True...

  File "C:\Users\abdul\AppData\Local\Programs\Python\Python38\lib\site-packages\streamlit\runtime\scriptrunner\script_runner.py", line 595, in _run_script
    ) = exec_func_with_error_handling(code_to_exec, ctx)
        │                             │             └ ScriptRunContext(session_id='1fcf59ca-e0cf-45d9-ae31-260526ceb236', _enqueue=<bound method ScriptRunner._enqueue_forward_msg ...
        │                             └ <function ScriptRunner._run_script.<locals>.code_to_exec at 0x000001A559EB1160>
        └ <function exec_func_with_error_handling at 0x000001A52F2B6DC0>

  File "C:\Users\abdul\AppData\Local\Programs\Python\Python38\lib\site-packages\streamlit\runtime\scriptrunner\exec_code.py", line 88, in exec_func_with_error_handling
    result = func()
             └ <function ScriptRunner._run_script.<locals>.code_to_exec at 0x000001A559EB1160>

  File "C:\Users\abdul\AppData\Local\Programs\Python\Python38\lib\site-packages\streamlit\runtime\scriptrunner\script_runner.py", line 579, in code_to_exec
    exec(code, module.__dict__)
         │     │      └ <member '__dict__' of 'module' objects>
         │     └ <module '__main__' from 'D:\\OLLAMA\\youtube-chatbot12\\app.py'>
         └ <code object <module> at 0x000001A530768EA0, file "D:\OLLAMA\youtube-chatbot12\app.py", line 1>

  File "D:\OLLAMA\youtube-chatbot12\app.py", line 252, in <module>
    handle_video_load(video_url_input)
    │                 └ 'https://youtu.be/_8H2n0nDfd4?si=DqvZTiKZgtswJEbZ'
    └ <function handle_video_load at 0x000001A559EB13A0>

  File "D:\OLLAMA\youtube-chatbot12\app.py", line 226, in handle_video_load
    transcript = get_transcript(video_id)
                 │              └ '_8H2n0nDfd4'
                 └ <function get_transcript at 0x000001A5307F8E50>

> File "D:\OLLAMA\youtube-chatbot12\chatbot.py", line 77, in get_transcript
    transcript_list = YouTubeTranscriptApi.list_transcripts(video_id)
                      │                                     └ '_8H2n0nDfd4'
                      └ <class 'youtube_transcript_api._api.YouTubeTranscriptApi'>

AttributeError: type object 'YouTubeTranscriptApi' has no attribute 'list_transcripts'
2026-06-10 09:44:44.291 | ERROR    | chatbot:get_transcript:104 - Unexpected error fetching transcript for _8H2n0nDfd4
Traceback (most recent call last):

  File "C:\Users\abdul\AppData\Local\Programs\Python\Python38\lib\threading.py", line 890, in _bootstrap
    self._bootstrap_inner()
    │    └ <function Thread._bootstrap_inner at 0x000001A52CE1C040>
    └ <Thread(ScriptRunner.scriptThread, started 35184)>

  File "C:\Users\abdul\AppData\Local\Programs\Python\Python38\lib\threading.py", line 932, in _bootstrap_inner
    self.run()
    │    └ <function Thread.run at 0x000001A52CE1BD30>
    └ <Thread(ScriptRunner.scriptThread, started 35184)>

  File "C:\Users\abdul\AppData\Local\Programs\Python\Python38\lib\threading.py", line 870, in run
    self._target(*self._args, **self._kwargs)
    │    │        │    │        │    └ {}
    │    │        │    │        └ <Thread(ScriptRunner.scriptThread, started 35184)>
    │    │        │    └ ()
    │    │        └ <Thread(ScriptRunner.scriptThread, started 35184)>
    │    └ <bound method ScriptRunner._run_script_thread of ScriptRunner(_session_id='1fcf59ca-e0cf-45d9-ae31-260526ceb236', _main_scrip...
    └ <Thread(ScriptRunner.scriptThread, started 35184)>

  File "C:\Users\abdul\AppData\Local\Programs\Python\Python38\lib\site-packages\streamlit\runtime\scriptrunner\script_runner.py", line 320, in _run_script_thread
    self._run_script(request.rerun_data)
    │    │           │       └ <property object at 0x000001A52F266CC0>
    │    │           └ ScriptRequest(type=<ScriptRequestType.RERUN: 'RERUN'>, _rerun_data=RerunData(widget_states=widgets {
    │    │               id: "$$ID-38bab446a52e...
    │    └ <function ScriptRunner._run_script at 0x000001A52F3433A0>
    └ ScriptRunner(_session_id='1fcf59ca-e0cf-45d9-ae31-260526ceb236', _main_script_path='app.py', _session_state={processing: True...

  File "C:\Users\abdul\AppData\Local\Programs\Python\Python38\lib\site-packages\streamlit\runtime\scriptrunner\script_runner.py", line 595, in _run_script
    ) = exec_func_with_error_handling(code_to_exec, ctx)
        │                             │             └ ScriptRunContext(session_id='1fcf59ca-e0cf-45d9-ae31-260526ceb236', _enqueue=<bound method ScriptRunner._enqueue_forward_msg ...
        │                             └ <function ScriptRunner._run_script.<locals>.code_to_exec at 0x000001A559EB1160>
        └ <function exec_func_with_error_handling at 0x000001A52F2B6DC0>

  File "C:\Users\abdul\AppData\Local\Programs\Python\Python38\lib\site-packages\streamlit\runtime\scriptrunner\exec_code.py", line 88, in exec_func_with_error_handling
    result = func()
             └ <function ScriptRunner._run_script.<locals>.code_to_exec at 0x000001A559EB1160>

  File "C:\Users\abdul\AppData\Local\Programs\Python\Python38\lib\site-packages\streamlit\runtime\scriptrunner\script_runner.py", line 579, in code_to_exec
    exec(code, module.__dict__)
         │     │      └ <member '__dict__' of 'module' objects>
         │     └ <module '__main__' from 'D:\\OLLAMA\\youtube-chatbot12\\app.py'>
         └ <code object <module> at 0x000001A530768EA0, file "D:\OLLAMA\youtube-chatbot12\app.py", line 1>

  File "D:\OLLAMA\youtube-chatbot12\app.py", line 252, in <module>
    handle_video_load(video_url_input)
    │                 └ 'https://youtu.be/_8H2n0nDfd4?si=DqvZTiKZgtswJEbZ'
    └ <function handle_video_load at 0x000001A559EB13A0>

  File "D:\OLLAMA\youtube-chatbot12\app.py", line 226, in handle_video_load
    transcript = get_transcript(video_id)
                 │              └ '_8H2n0nDfd4'
                 └ <function get_transcript at 0x000001A5307F8E50>

> File "D:\OLLAMA\youtube-chatbot12\chatbot.py", line 77, in get_transcript
    transcript_list = YouTubeTranscriptApi.list_transcripts(video_id)
                      │                                     └ '_8H2n0nDfd4'
                      └ <class 'youtube_transcript_api._api.YouTubeTranscriptApi'>

AttributeError: type object 'YouTubeTranscriptApi' has no attribute 'list_transcripts'
2026-06-10 09:44:44.348 | ERROR    | __main__:handle_video_load:235 - Load failed: Transcript retrieval failed: type object 'YouTubeTranscriptApi' has no attribute 'list_transcripts'
2026-06-10 09:44:44.348 | ERROR    | __main__:handle_video_load:235 - Load failed: Transcript retrieval failed: type object 'YouTubeTranscriptApi' has no attribute 'list_transcripts'
2026-06-10 09:44:44.348 | ERROR    | __main__:handle_video_load:235 - Load failed: Transcript retrieval failed: type object 'YouTubeTranscriptApi' has no attribute 'list_transcripts'
2026-06-10 09:44:44.348 | ERROR    | __main__:handle_video_load:235 - Load failed: Transcript retrieval failed: type object 'YouTubeTranscriptApi' has no attribute 'list_transcripts'
2026-06-10 09:44:45.688 | INFO     | chatbot:get_transcript:73 - Fetching transcript for video_id: _8H2n0nDfd4
2026-06-10 09:44:45.688 | INFO     | chatbot:get_transcript:73 - Fetching transcript for video_id: _8H2n0nDfd4
2026-06-10 09:44:45.688 | INFO     | chatbot:get_transcript:73 - Fetching transcript for video_id: _8H2n0nDfd4
2026-06-10 09:44:45.688 | INFO     | chatbot:get_transcript:73 - Fetching transcript for video_id: _8H2n0nDfd4
2026-06-10 09:44:45.688 | INFO     | chatbot:get_transcript:73 - Fetching transcript for video_id: _8H2n0nDfd4
2026-06-10 09:44:45.693 | ERROR    | chatbot:get_transcript:104 - Unexpected error fetching transcript for _8H2n0nDfd4
Traceback (most recent call last):

  File "C:\Users\abdul\AppData\Local\Programs\Python\Python38\lib\threading.py", line 890, in _bootstrap
    self._bootstrap_inner()
    │    └ <function Thread._bootstrap_inner at 0x000001A52CE1C040>
    └ <Thread(ScriptRunner.scriptThread, started 28308)>

  File "C:\Users\abdul\AppData\Local\Programs\Python\Python38\lib\threading.py", line 932, in _bootstrap_inner
    self.run()
    │    └ <function Thread.run at 0x000001A52CE1BD30>
    └ <Thread(ScriptRunner.scriptThread, started 28308)>

  File "C:\Users\abdul\AppData\Local\Programs\Python\Python38\lib\threading.py", line 870, in run
    self._target(*self._args, **self._kwargs)
    │    │        │    │        │    └ {}
    │    │        │    │        └ <Thread(ScriptRunner.scriptThread, started 28308)>
    │    │        │    └ ()
    │    │        └ <Thread(ScriptRunner.scriptThread, started 28308)>
    │    └ <bound method ScriptRunner._run_script_thread of ScriptRunner(_session_id='1fcf59ca-e0cf-45d9-ae31-260526ceb236', _main_scrip...
    └ <Thread(ScriptRunner.scriptThread, started 28308)>

  File "C:\Users\abdul\AppData\Local\Programs\Python\Python38\lib\site-packages\streamlit\runtime\scriptrunner\script_runner.py", line 320, in _run_script_thread
    self._run_script(request.rerun_data)
    │    │           │       └ <property object at 0x000001A52F266CC0>
    │    │           └ ScriptRequest(type=<ScriptRequestType.RERUN: 'RERUN'>, _rerun_data=RerunData(widget_states=widgets {
    │    │               id: "$$ID-38bab446a52e...
    │    └ <function ScriptRunner._run_script at 0x000001A52F3433A0>
    └ ScriptRunner(_session_id='1fcf59ca-e0cf-45d9-ae31-260526ceb236', _main_script_path='app.py', _session_state={processing: True...

  File "C:\Users\abdul\AppData\Local\Programs\Python\Python38\lib\site-packages\streamlit\runtime\scriptrunner\script_runner.py", line 595, in _run_script
    ) = exec_func_with_error_handling(code_to_exec, ctx)
        │                             │             └ ScriptRunContext(session_id='1fcf59ca-e0cf-45d9-ae31-260526ceb236', _enqueue=<bound method ScriptRunner._enqueue_forward_msg ...
        │                             └ <function ScriptRunner._run_script.<locals>.code_to_exec at 0x000001A559EB1310>
        └ <function exec_func_with_error_handling at 0x000001A52F2B6DC0>

  File "C:\Users\abdul\AppData\Local\Programs\Python\Python38\lib\site-packages\streamlit\runtime\scriptrunner\exec_code.py", line 88, in exec_func_with_error_handling
    result = func()
             └ <function ScriptRunner._run_script.<locals>.code_to_exec at 0x000001A559EB1310>

  File "C:\Users\abdul\AppData\Local\Programs\Python\Python38\lib\site-packages\streamlit\runtime\scriptrunner\script_runner.py", line 579, in code_to_exec
    exec(code, module.__dict__)
         │     │      └ <member '__dict__' of 'module' objects>
         │     └ <module '__main__' from 'D:\\OLLAMA\\youtube-chatbot12\\app.py'>
         └ <code object <module> at 0x000001A530768EA0, file "D:\OLLAMA\youtube-chatbot12\app.py", line 1>

  File "D:\OLLAMA\youtube-chatbot12\app.py", line 252, in <module>
    handle_video_load(video_url_input)
    │                 └ 'https://youtu.be/_8H2n0nDfd4?si=DqvZTiKZgtswJEbZ'
    └ <function handle_video_load at 0x000001A559B5D040>

  File "D:\OLLAMA\youtube-chatbot12\app.py", line 226, in handle_video_load
    transcript = get_transcript(video_id)
                 │              └ '_8H2n0nDfd4'
                 └ <function get_transcript at 0x000001A5307F8E50>

> File "D:\OLLAMA\youtube-chatbot12\chatbot.py", line 77, in get_transcript
    transcript_list = YouTubeTranscriptApi.list_transcripts(video_id)
                      │                                     └ '_8H2n0nDfd4'
                      └ <class 'youtube_transcript_api._api.YouTubeTranscriptApi'>

AttributeError: type object 'YouTubeTranscriptApi' has no attribute 'list_transcripts'
2026-06-10 09:44:45.693 | ERROR    | chatbot:get_transcript:104 - Unexpected error fetching transcript for _8H2n0nDfd4
Traceback (most recent call last):

  File "C:\Users\abdul\AppData\Local\Programs\Python\Python38\lib\threading.py", line 890, in _bootstrap
    self._bootstrap_inner()
    │    └ <function Thread._bootstrap_inner at 0x000001A52CE1C040>
    └ <Thread(ScriptRunner.scriptThread, started 28308)>

  File "C:\Users\abdul\AppData\Local\Programs\Python\Python38\lib\threading.py", line 932, in _bootstrap_inner
    self.run()
    │    └ <function Thread.run at 0x000001A52CE1BD30>
    └ <Thread(ScriptRunner.scriptThread, started 28308)>

  File "C:\Users\abdul\AppData\Local\Programs\Python\Python38\lib\threading.py", line 870, in run
    self._target(*self._args, **self._kwargs)
    │    │        │    │        │    └ {}
    │    │        │    │        └ <Thread(ScriptRunner.scriptThread, started 28308)>
    │    │        │    └ ()
    │    │        └ <Thread(ScriptRunner.scriptThread, started 28308)>
    │    └ <bound method ScriptRunner._run_script_thread of ScriptRunner(_session_id='1fcf59ca-e0cf-45d9-ae31-260526ceb236', _main_scrip...
    └ <Thread(ScriptRunner.scriptThread, started 28308)>

  File "C:\Users\abdul\AppData\Local\Programs\Python\Python38\lib\site-packages\streamlit\runtime\scriptrunner\script_runner.py", line 320, in _run_script_thread
    self._run_script(request.rerun_data)
    │    │           │       └ <property object at 0x000001A52F266CC0>
    │    │           └ ScriptRequest(type=<ScriptRequestType.RERUN: 'RERUN'>, _rerun_data=RerunData(widget_states=widgets {
    │    │               id: "$$ID-38bab446a52e...
    │    └ <function ScriptRunner._run_script at 0x000001A52F3433A0>
    └ ScriptRunner(_session_id='1fcf59ca-e0cf-45d9-ae31-260526ceb236', _main_script_path='app.py', _session_state={processing: True...

  File "C:\Users\abdul\AppData\Local\Programs\Python\Python38\lib\site-packages\streamlit\runtime\scriptrunner\script_runner.py", line 595, in _run_script
    ) = exec_func_with_error_handling(code_to_exec, ctx)
        │                             │             └ ScriptRunContext(session_id='1fcf59ca-e0cf-45d9-ae31-260526ceb236', _enqueue=<bound method ScriptRunner._enqueue_forward_msg ...
        │                             └ <function ScriptRunner._run_script.<locals>.code_to_exec at 0x000001A559EB1310>
        └ <function exec_func_with_error_handling at 0x000001A52F2B6DC0>

  File "C:\Users\abdul\AppData\Local\Programs\Python\Python38\lib\site-packages\streamlit\runtime\scriptrunner\exec_code.py", line 88, in exec_func_with_error_handling
    result = func()
             └ <function ScriptRunner._run_script.<locals>.code_to_exec at 0x000001A559EB1310>

  File "C:\Users\abdul\AppData\Local\Programs\Python\Python38\lib\site-packages\streamlit\runtime\scriptrunner\script_runner.py", line 579, in code_to_exec
    exec(code, module.__dict__)
         │     │      └ <member '__dict__' of 'module' objects>
         │     └ <module '__main__' from 'D:\\OLLAMA\\youtube-chatbot12\\app.py'>
         └ <code object <module> at 0x000001A530768EA0, file "D:\OLLAMA\youtube-chatbot12\app.py", line 1>

  File "D:\OLLAMA\youtube-chatbot12\app.py", line 252, in <module>
    handle_video_load(video_url_input)
    │                 └ 'https://youtu.be/_8H2n0nDfd4?si=DqvZTiKZgtswJEbZ'
    └ <function handle_video_load at 0x000001A559B5D040>

  File "D:\OLLAMA\youtube-chatbot12\app.py", line 226, in handle_video_load
    transcript = get_transcript(video_id)
                 │              └ '_8H2n0nDfd4'
                 └ <function get_transcript at 0x000001A5307F8E50>

> File "D:\OLLAMA\youtube-chatbot12\chatbot.py", line 77, in get_transcript
    transcript_list = YouTubeTranscriptApi.list_transcripts(video_id)
                      │                                     └ '_8H2n0nDfd4'
                      └ <class 'youtube_transcript_api._api.YouTubeTranscriptApi'>

AttributeError: type object 'YouTubeTranscriptApi' has no attribute 'list_transcripts'
2026-06-10 09:44:45.693 | ERROR    | chatbot:get_transcript:104 - Unexpected error fetching transcript for _8H2n0nDfd4
Traceback (most recent call last):

  File "C:\Users\abdul\AppData\Local\Programs\Python\Python38\lib\threading.py", line 890, in _bootstrap
    self._bootstrap_inner()
    │    └ <function Thread._bootstrap_inner at 0x000001A52CE1C040>
    └ <Thread(ScriptRunner.scriptThread, started 28308)>

  File "C:\Users\abdul\AppData\Local\Programs\Python\Python38\lib\threading.py", line 932, in _bootstrap_inner
    self.run()
    │    └ <function Thread.run at 0x000001A52CE1BD30>
    └ <Thread(ScriptRunner.scriptThread, started 28308)>

  File "C:\Users\abdul\AppData\Local\Programs\Python\Python38\lib\threading.py", line 870, in run
    self._target(*self._args, **self._kwargs)
    │    │        │    │        │    └ {}
    │    │        │    │        └ <Thread(ScriptRunner.scriptThread, started 28308)>
    │    │        │    └ ()
    │    │        └ <Thread(ScriptRunner.scriptThread, started 28308)>
    │    └ <bound method ScriptRunner._run_script_thread of ScriptRunner(_session_id='1fcf59ca-e0cf-45d9-ae31-260526ceb236', _main_scrip...
    └ <Thread(ScriptRunner.scriptThread, started 28308)>

  File "C:\Users\abdul\AppData\Local\Programs\Python\Python38\lib\site-packages\streamlit\runtime\scriptrunner\script_runner.py", line 320, in _run_script_thread
    self._run_script(request.rerun_data)
    │    │           │       └ <property object at 0x000001A52F266CC0>
    │    │           └ ScriptRequest(type=<ScriptRequestType.RERUN: 'RERUN'>, _rerun_data=RerunData(widget_states=widgets {
    │    │               id: "$$ID-38bab446a52e...
    │    └ <function ScriptRunner._run_script at 0x000001A52F3433A0>
    └ ScriptRunner(_session_id='1fcf59ca-e0cf-45d9-ae31-260526ceb236', _main_script_path='app.py', _session_state={processing: True...

  File "C:\Users\abdul\AppData\Local\Programs\Python\Python38\lib\site-packages\streamlit\runtime\scriptrunner\script_runner.py", line 595, in _run_script
    ) = exec_func_with_error_handling(code_to_exec, ctx)
        │                             │             └ ScriptRunContext(session_id='1fcf59ca-e0cf-45d9-ae31-260526ceb236', _enqueue=<bound method ScriptRunner._enqueue_forward_msg ...
        │                             └ <function ScriptRunner._run_script.<locals>.code_to_exec at 0x000001A559EB1310>
        └ <function exec_func_with_error_handling at 0x000001A52F2B6DC0>

  File "C:\Users\abdul\AppData\Local\Programs\Python\Python38\lib\site-packages\streamlit\runtime\scriptrunner\exec_code.py", line 88, in exec_func_with_error_handling
    result = func()
             └ <function ScriptRunner._run_script.<locals>.code_to_exec at 0x000001A559EB1310>

  File "C:\Users\abdul\AppData\Local\Programs\Python\Python38\lib\site-packages\streamlit\runtime\scriptrunner\script_runner.py", line 579, in code_to_exec
    exec(code, module.__dict__)
         │     │      └ <member '__dict__' of 'module' objects>
         │     └ <module '__main__' from 'D:\\OLLAMA\\youtube-chatbot12\\app.py'>
         └ <code object <module> at 0x000001A530768EA0, file "D:\OLLAMA\youtube-chatbot12\app.py", line 1>

  File "D:\OLLAMA\youtube-chatbot12\app.py", line 252, in <module>
    handle_video_load(video_url_input)
    │                 └ 'https://youtu.be/_8H2n0nDfd4?si=DqvZTiKZgtswJEbZ'
    └ <function handle_video_load at 0x000001A559B5D040>

  File "D:\OLLAMA\youtube-chatbot12\app.py", line 226, in handle_video_load
    transcript = get_transcript(video_id)
                 │              └ '_8H2n0nDfd4'
                 └ <function get_transcript at 0x000001A5307F8E50>

> File "D:\OLLAMA\youtube-chatbot12\chatbot.py", line 77, in get_transcript
    transcript_list = YouTubeTranscriptApi.list_transcripts(video_id)
                      │                                     └ '_8H2n0nDfd4'
                      └ <class 'youtube_transcript_api._api.YouTubeTranscriptApi'>

AttributeError: type object 'YouTubeTranscriptApi' has no attribute 'list_transcripts'
2026-06-10 09:44:45.693 | ERROR    | chatbot:get_transcript:104 - Unexpected error fetching transcript for _8H2n0nDfd4
Traceback (most recent call last):

  File "C:\Users\abdul\AppData\Local\Programs\Python\Python38\lib\threading.py", line 890, in _bootstrap
    self._bootstrap_inner()
    │    └ <function Thread._bootstrap_inner at 0x000001A52CE1C040>
    └ <Thread(ScriptRunner.scriptThread, started 28308)>

  File "C:\Users\abdul\AppData\Local\Programs\Python\Python38\lib\threading.py", line 932, in _bootstrap_inner
    self.run()
    │    └ <function Thread.run at 0x000001A52CE1BD30>
    └ <Thread(ScriptRunner.scriptThread, started 28308)>

  File "C:\Users\abdul\AppData\Local\Programs\Python\Python38\lib\threading.py", line 870, in run
    self._target(*self._args, **self._kwargs)
    │    │        │    │        │    └ {}
    │    │        │    │        └ <Thread(ScriptRunner.scriptThread, started 28308)>
    │    │        │    └ ()
    │    │        └ <Thread(ScriptRunner.scriptThread, started 28308)>
    │    └ <bound method ScriptRunner._run_script_thread of ScriptRunner(_session_id='1fcf59ca-e0cf-45d9-ae31-260526ceb236', _main_scrip...
    └ <Thread(ScriptRunner.scriptThread, started 28308)>

  File "C:\Users\abdul\AppData\Local\Programs\Python\Python38\lib\site-packages\streamlit\runtime\scriptrunner\script_runner.py", line 320, in _run_script_thread
    self._run_script(request.rerun_data)
    │    │           │       └ <property object at 0x000001A52F266CC0>
    │    │           └ ScriptRequest(type=<ScriptRequestType.RERUN: 'RERUN'>, _rerun_data=RerunData(widget_states=widgets {
    │    │               id: "$$ID-38bab446a52e...
    │    └ <function ScriptRunner._run_script at 0x000001A52F3433A0>
    └ ScriptRunner(_session_id='1fcf59ca-e0cf-45d9-ae31-260526ceb236', _main_script_path='app.py', _session_state={processing: True...

  File "C:\Users\abdul\AppData\Local\Programs\Python\Python38\lib\site-packages\streamlit\runtime\scriptrunner\script_runner.py", line 595, in _run_script
    ) = exec_func_with_error_handling(code_to_exec, ctx)
        │                             │             └ ScriptRunContext(session_id='1fcf59ca-e0cf-45d9-ae31-260526ceb236', _enqueue=<bound method ScriptRunner._enqueue_forward_msg ...
        │                             └ <function ScriptRunner._run_script.<locals>.code_to_exec at 0x000001A559EB1310>
        └ <function exec_func_with_error_handling at 0x000001A52F2B6DC0>

  File "C:\Users\abdul\AppData\Local\Programs\Python\Python38\lib\site-packages\streamlit\runtime\scriptrunner\exec_code.py", line 88, in exec_func_with_error_handling
    result = func()
             └ <function ScriptRunner._run_script.<locals>.code_to_exec at 0x000001A559EB1310>

  File "C:\Users\abdul\AppData\Local\Programs\Python\Python38\lib\site-packages\streamlit\runtime\scriptrunner\script_runner.py", line 579, in code_to_exec
    exec(code, module.__dict__)
         │     │      └ <member '__dict__' of 'module' objects>
         │     └ <module '__main__' from 'D:\\OLLAMA\\youtube-chatbot12\\app.py'>
         └ <code object <module> at 0x000001A530768EA0, file "D:\OLLAMA\youtube-chatbot12\app.py", line 1>

  File "D:\OLLAMA\youtube-chatbot12\app.py", line 252, in <module>
    handle_video_load(video_url_input)
    │                 └ 'https://youtu.be/_8H2n0nDfd4?si=DqvZTiKZgtswJEbZ'
    └ <function handle_video_load at 0x000001A559B5D040>

  File "D:\OLLAMA\youtube-chatbot12\app.py", line 226, in handle_video_load
    transcript = get_transcript(video_id)
                 │              └ '_8H2n0nDfd4'
                 └ <function get_transcript at 0x000001A5307F8E50>

> File "D:\OLLAMA\youtube-chatbot12\chatbot.py", line 77, in get_transcript
    transcript_list = YouTubeTranscriptApi.list_transcripts(video_id)
                      │                                     └ '_8H2n0nDfd4'
                      └ <class 'youtube_transcript_api._api.YouTubeTranscriptApi'>

AttributeError: type object 'YouTubeTranscriptApi' has no attribute 'list_transcripts'
2026-06-10 09:44:45.693 | ERROR    | chatbot:get_transcript:104 - Unexpected error fetching transcript for _8H2n0nDfd4
Traceback (most recent call last):

  File "C:\Users\abdul\AppData\Local\Programs\Python\Python38\lib\threading.py", line 890, in _bootstrap
    self._bootstrap_inner()
    │    └ <function Thread._bootstrap_inner at 0x000001A52CE1C040>
    └ <Thread(ScriptRunner.scriptThread, started 28308)>

  File "C:\Users\abdul\AppData\Local\Programs\Python\Python38\lib\threading.py", line 932, in _bootstrap_inner
    self.run()
    │    └ <function Thread.run at 0x000001A52CE1BD30>
    └ <Thread(ScriptRunner.scriptThread, started 28308)>

  File "C:\Users\abdul\AppData\Local\Programs\Python\Python38\lib\threading.py", line 870, in run
    self._target(*self._args, **self._kwargs)
    │    │        │    │        │    └ {}
    │    │        │    │        └ <Thread(ScriptRunner.scriptThread, started 28308)>
    │    │        │    └ ()
    │    │        └ <Thread(ScriptRunner.scriptThread, started 28308)>
    │    └ <bound method ScriptRunner._run_script_thread of ScriptRunner(_session_id='1fcf59ca-e0cf-45d9-ae31-260526ceb236', _main_scrip...
    └ <Thread(ScriptRunner.scriptThread, started 28308)>

  File "C:\Users\abdul\AppData\Local\Programs\Python\Python38\lib\site-packages\streamlit\runtime\scriptrunner\script_runner.py", line 320, in _run_script_thread
    self._run_script(request.rerun_data)
    │    │           │       └ <property object at 0x000001A52F266CC0>
    │    │           └ ScriptRequest(type=<ScriptRequestType.RERUN: 'RERUN'>, _rerun_data=RerunData(widget_states=widgets {
    │    │               id: "$$ID-38bab446a52e...
    │    └ <function ScriptRunner._run_script at 0x000001A52F3433A0>
    └ ScriptRunner(_session_id='1fcf59ca-e0cf-45d9-ae31-260526ceb236', _main_script_path='app.py', _session_state={processing: True...

  File "C:\Users\abdul\AppData\Local\Programs\Python\Python38\lib\site-packages\streamlit\runtime\scriptrunner\script_runner.py", line 595, in _run_script
    ) = exec_func_with_error_handling(code_to_exec, ctx)
        │                             │             └ ScriptRunContext(session_id='1fcf59ca-e0cf-45d9-ae31-260526ceb236', _enqueue=<bound method ScriptRunner._enqueue_forward_msg ...
        │                             └ <function ScriptRunner._run_script.<locals>.code_to_exec at 0x000001A559EB1310>
        └ <function exec_func_with_error_handling at 0x000001A52F2B6DC0>

  File "C:\Users\abdul\AppData\Local\Programs\Python\Python38\lib\site-packages\streamlit\runtime\scriptrunner\exec_code.py", line 88, in exec_func_with_error_handling
    result = func()
             └ <function ScriptRunner._run_script.<locals>.code_to_exec at 0x000001A559EB1310>

  File "C:\Users\abdul\AppData\Local\Programs\Python\Python38\lib\site-packages\streamlit\runtime\scriptrunner\script_runner.py", line 579, in code_to_exec
    exec(code, module.__dict__)
         │     │      └ <member '__dict__' of 'module' objects>
         │     └ <module '__main__' from 'D:\\OLLAMA\\youtube-chatbot12\\app.py'>
         └ <code object <module> at 0x000001A530768EA0, file "D:\OLLAMA\youtube-chatbot12\app.py", line 1>

  File "D:\OLLAMA\youtube-chatbot12\app.py", line 252, in <module>
    handle_video_load(video_url_input)
    │                 └ 'https://youtu.be/_8H2n0nDfd4?si=DqvZTiKZgtswJEbZ'
    └ <function handle_video_load at 0x000001A559B5D040>

  File "D:\OLLAMA\youtube-chatbot12\app.py", line 226, in handle_video_load
    transcript = get_transcript(video_id)
                 │              └ '_8H2n0nDfd4'
                 └ <function get_transcript at 0x000001A5307F8E50>

> File "D:\OLLAMA\youtube-chatbot12\chatbot.py", line 77, in get_transcript
    transcript_list = YouTubeTranscriptApi.list_transcripts(video_id)
                      │                                     └ '_8H2n0nDfd4'
                      └ <class 'youtube_transcript_api._api.YouTubeTranscriptApi'>

AttributeError: type object 'YouTubeTranscriptApi' has no attribute 'list_transcripts'
2026-06-10 09:44:45.742 | ERROR    | __main__:handle_video_load:235 - Load failed: Transcript retrieval failed: type object 'YouTubeTranscriptApi' has no attribute 'list_transcripts'
2026-06-10 09:44:45.742 | ERROR    | __main__:handle_video_load:235 - Load failed: Transcript retrieval failed: type object 'YouTubeTranscriptApi' has no attribute 'list_transcripts'
2026-06-10 09:44:45.742 | ERROR    | __main__:handle_video_load:235 - Load failed: Transcript retrieval failed: type object 'YouTubeTranscriptApi' has no attribute 'list_transcripts'
2026-06-10 09:44:45.742 | ERROR    | __main__:handle_video_load:235 - Load failed: Transcript retrieval failed: type object 'YouTubeTranscriptApi' has no attribute 'list_transcripts'
2026-06-10 09:44:45.742 | ERROR    | __main__:handle_video_load:235 - Load failed: Transcript retrieval failed: type object 'YouTubeTranscriptApi' has no attribute 'list_transcripts'
2026-06-10 09:44:45.909 | INFO     | chatbot:get_transcript:73 - Fetching transcript for video_id: _8H2n0nDfd4
2026-06-10 09:44:45.909 | INFO     | chatbot:get_transcript:73 - Fetching transcript for video_id: _8H2n0nDfd4
2026-06-10 09:44:45.909 | INFO     | chatbot:get_transcript:73 - Fetching transcript for video_id: _8H2n0nDfd4
2026-06-10 09:44:45.909 | INFO     | chatbot:get_transcript:73 - Fetching transcript for video_id: _8H2n0nDfd4
2026-06-10 09:44:45.909 | INFO     | chatbot:get_transcript:73 - Fetching transcript for video_id: _8H2n0nDfd4
2026-06-10 09:44:45.909 | INFO     | chatbot:get_transcript:73 - Fetching transcript for video_id: _8H2n0nDfd4
2026-06-10 09:44:45.913 | ERROR    | chatbot:get_transcript:104 - Unexpected error fetching transcript for _8H2n0nDfd4
Traceback (most recent call last):

  File "C:\Users\abdul\AppData\Local\Programs\Python\Python38\lib\threading.py", line 890, in _bootstrap
    self._bootstrap_inner()
    │    └ <function Thread._bootstrap_inner at 0x000001A52CE1C040>
    └ <Thread(ScriptRunner.scriptThread, started 34524)>

  File "C:\Users\abdul\AppData\Local\Programs\Python\Python38\lib\threading.py", line 932, in _bootstrap_inner
    self.run()
    │    └ <function Thread.run at 0x000001A52CE1BD30>
    └ <Thread(ScriptRunner.scriptThread, started 34524)>

  File "C:\Users\abdul\AppData\Local\Programs\Python\Python38\lib\threading.py", line 870, in run
    self._target(*self._args, **self._kwargs)
    │    │        │    │        │    └ {}
    │    │        │    │        └ <Thread(ScriptRunner.scriptThread, started 34524)>
    │    │        │    └ ()
    │    │        └ <Thread(ScriptRunner.scriptThread, started 34524)>
    │    └ <bound method ScriptRunner._run_script_thread of ScriptRunner(_session_id='1fcf59ca-e0cf-45d9-ae31-260526ceb236', _main_scrip...
    └ <Thread(ScriptRunner.scriptThread, started 34524)>

  File "C:\Users\abdul\AppData\Local\Programs\Python\Python38\lib\site-packages\streamlit\runtime\scriptrunner\script_runner.py", line 320, in _run_script_thread
    self._run_script(request.rerun_data)
    │    │           │       └ <property object at 0x000001A52F266CC0>
    │    │           └ ScriptRequest(type=<ScriptRequestType.RERUN: 'RERUN'>, _rerun_data=RerunData(widget_states=widgets {
    │    │               id: "$$ID-38bab446a52e...
    │    └ <function ScriptRunner._run_script at 0x000001A52F3433A0>
    └ ScriptRunner(_session_id='1fcf59ca-e0cf-45d9-ae31-260526ceb236', _main_script_path='app.py', _session_state={processing: True...

  File "C:\Users\abdul\AppData\Local\Programs\Python\Python38\lib\site-packages\streamlit\runtime\scriptrunner\script_runner.py", line 595, in _run_script
    ) = exec_func_with_error_handling(code_to_exec, ctx)
        │                             │             └ ScriptRunContext(session_id='1fcf59ca-e0cf-45d9-ae31-260526ceb236', _enqueue=<bound method ScriptRunner._enqueue_forward_msg ...
        │                             └ <function ScriptRunner._run_script.<locals>.code_to_exec at 0x000001A559B5D3A0>
        └ <function exec_func_with_error_handling at 0x000001A52F2B6DC0>

  File "C:\Users\abdul\AppData\Local\Programs\Python\Python38\lib\site-packages\streamlit\runtime\scriptrunner\exec_code.py", line 88, in exec_func_with_error_handling
    result = func()
             └ <function ScriptRunner._run_script.<locals>.code_to_exec at 0x000001A559B5D3A0>

  File "C:\Users\abdul\AppData\Local\Programs\Python\Python38\lib\site-packages\streamlit\runtime\scriptrunner\script_runner.py", line 579, in code_to_exec
    exec(code, module.__dict__)
         │     │      └ <member '__dict__' of 'module' objects>
         │     └ <module '__main__' from 'D:\\OLLAMA\\youtube-chatbot12\\app.py'>
         └ <code object <module> at 0x000001A530768EA0, file "D:\OLLAMA\youtube-chatbot12\app.py", line 1>

  File "D:\OLLAMA\youtube-chatbot12\app.py", line 252, in <module>
    handle_video_load(video_url_input)
    │                 └ 'https://youtu.be/_8H2n0nDfd4?si=DqvZTiKZgtswJEbZ'
    └ <function handle_video_load at 0x000001A559B5D670>

  File "D:\OLLAMA\youtube-chatbot12\app.py", line 226, in handle_video_load
    transcript = get_transcript(video_id)
                 │              └ '_8H2n0nDfd4'
                 └ <function get_transcript at 0x000001A5307F8E50>

> File "D:\OLLAMA\youtube-chatbot12\chatbot.py", line 77, in get_transcript
    transcript_list = YouTubeTranscriptApi.list_transcripts(video_id)
                      │                                     └ '_8H2n0nDfd4'
                      └ <class 'youtube_transcript_api._api.YouTubeTranscriptApi'>

AttributeError: type object 'YouTubeTranscriptApi' has no attribute 'list_transcripts'
2026-06-10 09:44:45.913 | ERROR    | chatbot:get_transcript:104 - Unexpected error fetching transcript for _8H2n0nDfd4
Traceback (most recent call last):

  File "C:\Users\abdul\AppData\Local\Programs\Python\Python38\lib\threading.py", line 890, in _bootstrap
    self._bootstrap_inner()
    │    └ <function Thread._bootstrap_inner at 0x000001A52CE1C040>
    └ <Thread(ScriptRunner.scriptThread, started 34524)>

  File "C:\Users\abdul\AppData\Local\Programs\Python\Python38\lib\threading.py", line 932, in _bootstrap_inner
    self.run()
    │    └ <function Thread.run at 0x000001A52CE1BD30>
    └ <Thread(ScriptRunner.scriptThread, started 34524)>

  File "C:\Users\abdul\AppData\Local\Programs\Python\Python38\lib\threading.py", line 870, in run
    self._target(*self._args, **self._kwargs)
    │    │        │    │        │    └ {}
    │    │        │    │        └ <Thread(ScriptRunner.scriptThread, started 34524)>
    │    │        │    └ ()
    │    │        └ <Thread(ScriptRunner.scriptThread, started 34524)>
    │    └ <bound method ScriptRunner._run_script_thread of ScriptRunner(_session_id='1fcf59ca-e0cf-45d9-ae31-260526ceb236', _main_scrip...
    └ <Thread(ScriptRunner.scriptThread, started 34524)>

  File "C:\Users\abdul\AppData\Local\Programs\Python\Python38\lib\site-packages\streamlit\runtime\scriptrunner\script_runner.py", line 320, in _run_script_thread
    self._run_script(request.rerun_data)
    │    │           │       └ <property object at 0x000001A52F266CC0>
    │    │           └ ScriptRequest(type=<ScriptRequestType.RERUN: 'RERUN'>, _rerun_data=RerunData(widget_states=widgets {
    │    │               id: "$$ID-38bab446a52e...
    │    └ <function ScriptRunner._run_script at 0x000001A52F3433A0>
    └ ScriptRunner(_session_id='1fcf59ca-e0cf-45d9-ae31-260526ceb236', _main_script_path='app.py', _session_state={processing: True...

  File "C:\Users\abdul\AppData\Local\Programs\Python\Python38\lib\site-packages\streamlit\runtime\scriptrunner\script_runner.py", line 595, in _run_script
    ) = exec_func_with_error_handling(code_to_exec, ctx)
        │                             │             └ ScriptRunContext(session_id='1fcf59ca-e0cf-45d9-ae31-260526ceb236', _enqueue=<bound method ScriptRunner._enqueue_forward_msg ...
        │                             └ <function ScriptRunner._run_script.<locals>.code_to_exec at 0x000001A559B5D3A0>
        └ <function exec_func_with_error_handling at 0x000001A52F2B6DC0>

  File "C:\Users\abdul\AppData\Local\Programs\Python\Python38\lib\site-packages\streamlit\runtime\scriptrunner\exec_code.py", line 88, in exec_func_with_error_handling
    result = func()
             └ <function ScriptRunner._run_script.<locals>.code_to_exec at 0x000001A559B5D3A0>

  File "C:\Users\abdul\AppData\Local\Programs\Python\Python38\lib\site-packages\streamlit\runtime\scriptrunner\script_runner.py", line 579, in code_to_exec
    exec(code, module.__dict__)
         │     │      └ <member '__dict__' of 'module' objects>
         │     └ <module '__main__' from 'D:\\OLLAMA\\youtube-chatbot12\\app.py'>
         └ <code object <module> at 0x000001A530768EA0, file "D:\OLLAMA\youtube-chatbot12\app.py", line 1>

  File "D:\OLLAMA\youtube-chatbot12\app.py", line 252, in <module>
    handle_video_load(video_url_input)
    │                 └ 'https://youtu.be/_8H2n0nDfd4?si=DqvZTiKZgtswJEbZ'
    └ <function handle_video_load at 0x000001A559B5D670>

  File "D:\OLLAMA\youtube-chatbot12\app.py", line 226, in handle_video_load
    transcript = get_transcript(video_id)
                 │              └ '_8H2n0nDfd4'
                 └ <function get_transcript at 0x000001A5307F8E50>

> File "D:\OLLAMA\youtube-chatbot12\chatbot.py", line 77, in get_transcript
    transcript_list = YouTubeTranscriptApi.list_transcripts(video_id)
                      │                                     └ '_8H2n0nDfd4'
                      └ <class 'youtube_transcript_api._api.YouTubeTranscriptApi'>

AttributeError: type object 'YouTubeTranscriptApi' has no attribute 'list_transcripts'
2026-06-10 09:44:45.913 | ERROR    | chatbot:get_transcript:104 - Unexpected error fetching transcript for _8H2n0nDfd4
Traceback (most recent call last):

  File "C:\Users\abdul\AppData\Local\Programs\Python\Python38\lib\threading.py", line 890, in _bootstrap
    self._bootstrap_inner()
    │    └ <function Thread._bootstrap_inner at 0x000001A52CE1C040>
    └ <Thread(ScriptRunner.scriptThread, started 34524)>

  File "C:\Users\abdul\AppData\Local\Programs\Python\Python38\lib\threading.py", line 932, in _bootstrap_inner
    self.run()
    │    └ <function Thread.run at 0x000001A52CE1BD30>
    └ <Thread(ScriptRunner.scriptThread, started 34524)>

  File "C:\Users\abdul\AppData\Local\Programs\Python\Python38\lib\threading.py", line 870, in run
    self._target(*self._args, **self._kwargs)
    │    │        │    │        │    └ {}
    │    │        │    │        └ <Thread(ScriptRunner.scriptThread, started 34524)>
    │    │        │    └ ()
    │    │        └ <Thread(ScriptRunner.scriptThread, started 34524)>
    │    └ <bound method ScriptRunner._run_script_thread of ScriptRunner(_session_id='1fcf59ca-e0cf-45d9-ae31-260526ceb236', _main_scrip...
    └ <Thread(ScriptRunner.scriptThread, started 34524)>

  File "C:\Users\abdul\AppData\Local\Programs\Python\Python38\lib\site-packages\streamlit\runtime\scriptrunner\script_runner.py", line 320, in _run_script_thread
    self._run_script(request.rerun_data)
    │    │           │       └ <property object at 0x000001A52F266CC0>
    │    │           └ ScriptRequest(type=<ScriptRequestType.RERUN: 'RERUN'>, _rerun_data=RerunData(widget_states=widgets {
    │    │               id: "$$ID-38bab446a52e...
    │    └ <function ScriptRunner._run_script at 0x000001A52F3433A0>
    └ ScriptRunner(_session_id='1fcf59ca-e0cf-45d9-ae31-260526ceb236', _main_script_path='app.py', _session_state={processing: True...

  File "C:\Users\abdul\AppData\Local\Programs\Python\Python38\lib\site-packages\streamlit\runtime\scriptrunner\script_runner.py", line 595, in _run_script
    ) = exec_func_with_error_handling(code_to_exec, ctx)
        │                             │             └ ScriptRunContext(session_id='1fcf59ca-e0cf-45d9-ae31-260526ceb236', _enqueue=<bound method ScriptRunner._enqueue_forward_msg ...
        │                             └ <function ScriptRunner._run_script.<locals>.code_to_exec at 0x000001A559B5D3A0>
        └ <function exec_func_with_error_handling at 0x000001A52F2B6DC0>

  File "C:\Users\abdul\AppData\Local\Programs\Python\Python38\lib\site-packages\streamlit\runtime\scriptrunner\exec_code.py", line 88, in exec_func_with_error_handling
    result = func()
             └ <function ScriptRunner._run_script.<locals>.code_to_exec at 0x000001A559B5D3A0>

  File "C:\Users\abdul\AppData\Local\Programs\Python\Python38\lib\site-packages\streamlit\runtime\scriptrunner\script_runner.py", line 579, in code_to_exec
    exec(code, module.__dict__)
         │     │      └ <member '__dict__' of 'module' objects>
         │     └ <module '__main__' from 'D:\\OLLAMA\\youtube-chatbot12\\app.py'>
         └ <code object <module> at 0x000001A530768EA0, file "D:\OLLAMA\youtube-chatbot12\app.py", line 1>

  File "D:\OLLAMA\youtube-chatbot12\app.py", line 252, in <module>
    handle_video_load(video_url_input)
    │                 └ 'https://youtu.be/_8H2n0nDfd4?si=DqvZTiKZgtswJEbZ'
    └ <function handle_video_load at 0x000001A559B5D670>

  File "D:\OLLAMA\youtube-chatbot12\app.py", line 226, in handle_video_load
    transcript = get_transcript(video_id)
                 │              └ '_8H2n0nDfd4'
                 └ <function get_transcript at 0x000001A5307F8E50>

> File "D:\OLLAMA\youtube-chatbot12\chatbot.py", line 77, in get_transcript
    transcript_list = YouTubeTranscriptApi.list_transcripts(video_id)
                      │                                     └ '_8H2n0nDfd4'
                      └ <class 'youtube_transcript_api._api.YouTubeTranscriptApi'>

AttributeError: type object 'YouTubeTranscriptApi' has no attribute 'list_transcripts'
2026-06-10 09:44:45.913 | ERROR    | chatbot:get_transcript:104 - Unexpected error fetching transcript for _8H2n0nDfd4
Traceback (most recent call last):

  File "C:\Users\abdul\AppData\Local\Programs\Python\Python38\lib\threading.py", line 890, in _bootstrap
    self._bootstrap_inner()
    │    └ <function Thread._bootstrap_inner at 0x000001A52CE1C040>
    └ <Thread(ScriptRunner.scriptThread, started 34524)>

  File "C:\Users\abdul\AppData\Local\Programs\Python\Python38\lib\threading.py", line 932, in _bootstrap_inner
    self.run()
    │    └ <function Thread.run at 0x000001A52CE1BD30>
    └ <Thread(ScriptRunner.scriptThread, started 34524)>

  File "C:\Users\abdul\AppData\Local\Programs\Python\Python38\lib\threading.py", line 870, in run
    self._target(*self._args, **self._kwargs)
    │    │        │    │        │    └ {}
    │    │        │    │        └ <Thread(ScriptRunner.scriptThread, started 34524)>
    │    │        │    └ ()
    │    │        └ <Thread(ScriptRunner.scriptThread, started 34524)>
    │    └ <bound method ScriptRunner._run_script_thread of ScriptRunner(_session_id='1fcf59ca-e0cf-45d9-ae31-260526ceb236', _main_scrip...
    └ <Thread(ScriptRunner.scriptThread, started 34524)>

  File "C:\Users\abdul\AppData\Local\Programs\Python\Python38\lib\site-packages\streamlit\runtime\scriptrunner\script_runner.py", line 320, in _run_script_thread
    self._run_script(request.rerun_data)
    │    │           │       └ <property object at 0x000001A52F266CC0>
    │    │           └ ScriptRequest(type=<ScriptRequestType.RERUN: 'RERUN'>, _rerun_data=RerunData(widget_states=widgets {
    │    │               id: "$$ID-38bab446a52e...
    │    └ <function ScriptRunner._run_script at 0x000001A52F3433A0>
    └ ScriptRunner(_session_id='1fcf59ca-e0cf-45d9-ae31-260526ceb236', _main_script_path='app.py', _session_state={processing: True...

  File "C:\Users\abdul\AppData\Local\Programs\Python\Python38\lib\site-packages\streamlit\runtime\scriptrunner\script_runner.py", line 595, in _run_script
    ) = exec_func_with_error_handling(code_to_exec, ctx)
        │                             │             └ ScriptRunContext(session_id='1fcf59ca-e0cf-45d9-ae31-260526ceb236', _enqueue=<bound method ScriptRunner._enqueue_forward_msg ...
        │                             └ <function ScriptRunner._run_script.<locals>.code_to_exec at 0x000001A559B5D3A0>
        └ <function exec_func_with_error_handling at 0x000001A52F2B6DC0>

  File "C:\Users\abdul\AppData\Local\Programs\Python\Python38\lib\site-packages\streamlit\runtime\scriptrunner\exec_code.py", line 88, in exec_func_with_error_handling
    result = func()
             └ <function ScriptRunner._run_script.<locals>.code_to_exec at 0x000001A559B5D3A0>

  File "C:\Users\abdul\AppData\Local\Programs\Python\Python38\lib\site-packages\streamlit\runtime\scriptrunner\script_runner.py", line 579, in code_to_exec
    exec(code, module.__dict__)
         │     │      └ <member '__dict__' of 'module' objects>
         │     └ <module '__main__' from 'D:\\OLLAMA\\youtube-chatbot12\\app.py'>
         └ <code object <module> at 0x000001A530768EA0, file "D:\OLLAMA\youtube-chatbot12\app.py", line 1>

  File "D:\OLLAMA\youtube-chatbot12\app.py", line 252, in <module>
    handle_video_load(video_url_input)
    │                 └ 'https://youtu.be/_8H2n0nDfd4?si=DqvZTiKZgtswJEbZ'
    └ <function handle_video_load at 0x000001A559B5D670>

  File "D:\OLLAMA\youtube-chatbot12\app.py", line 226, in handle_video_load
    transcript = get_transcript(video_id)
                 │              └ '_8H2n0nDfd4'
                 └ <function get_transcript at 0x000001A5307F8E50>

> File "D:\OLLAMA\youtube-chatbot12\chatbot.py", line 77, in get_transcript
    transcript_list = YouTubeTranscriptApi.list_transcripts(video_id)
                      │                                     └ '_8H2n0nDfd4'
                      └ <class 'youtube_transcript_api._api.YouTubeTranscriptApi'>

AttributeError: type object 'YouTubeTranscriptApi' has no attribute 'list_transcripts'
2026-06-10 09:44:45.913 | ERROR    | chatbot:get_transcript:104 - Unexpected error fetching transcript for _8H2n0nDfd4
Traceback (most recent call last):

  File "C:\Users\abdul\AppData\Local\Programs\Python\Python38\lib\threading.py", line 890, in _bootstrap
    self._bootstrap_inner()
    │    └ <function Thread._bootstrap_inner at 0x000001A52CE1C040>
    └ <Thread(ScriptRunner.scriptThread, started 34524)>

  File "C:\Users\abdul\AppData\Local\Programs\Python\Python38\lib\threading.py", line 932, in _bootstrap_inner
    self.run()
    │    └ <function Thread.run at 0x000001A52CE1BD30>
    └ <Thread(ScriptRunner.scriptThread, started 34524)>

  File "C:\Users\abdul\AppData\Local\Programs\Python\Python38\lib\threading.py", line 870, in run
    self._target(*self._args, **self._kwargs)
    │    │        │    │        │    └ {}
    │    │        │    │        └ <Thread(ScriptRunner.scriptThread, started 34524)>
    │    │        │    └ ()
    │    │        └ <Thread(ScriptRunner.scriptThread, started 34524)>
    │    └ <bound method ScriptRunner._run_script_thread of ScriptRunner(_session_id='1fcf59ca-e0cf-45d9-ae31-260526ceb236', _main_scrip...
    └ <Thread(ScriptRunner.scriptThread, started 34524)>

  File "C:\Users\abdul\AppData\Local\Programs\Python\Python38\lib\site-packages\streamlit\runtime\scriptrunner\script_runner.py", line 320, in _run_script_thread
    self._run_script(request.rerun_data)
    │    │           │       └ <property object at 0x000001A52F266CC0>
    │    │           └ ScriptRequest(type=<ScriptRequestType.RERUN: 'RERUN'>, _rerun_data=RerunData(widget_states=widgets {
    │    │               id: "$$ID-38bab446a52e...
    │    └ <function ScriptRunner._run_script at 0x000001A52F3433A0>
    └ ScriptRunner(_session_id='1fcf59ca-e0cf-45d9-ae31-260526ceb236', _main_script_path='app.py', _session_state={processing: True...

  File "C:\Users\abdul\AppData\Local\Programs\Python\Python38\lib\site-packages\streamlit\runtime\scriptrunner\script_runner.py", line 595, in _run_script
    ) = exec_func_with_error_handling(code_to_exec, ctx)
        │                             │             └ ScriptRunContext(session_id='1fcf59ca-e0cf-45d9-ae31-260526ceb236', _enqueue=<bound method ScriptRunner._enqueue_forward_msg ...
        │                             └ <function ScriptRunner._run_script.<locals>.code_to_exec at 0x000001A559B5D3A0>
        └ <function exec_func_with_error_handling at 0x000001A52F2B6DC0>

  File "C:\Users\abdul\AppData\Local\Programs\Python\Python38\lib\site-packages\streamlit\runtime\scriptrunner\exec_code.py", line 88, in exec_func_with_error_handling
    result = func()
             └ <function ScriptRunner._run_script.<locals>.code_to_exec at 0x000001A559B5D3A0>

  File "C:\Users\abdul\AppData\Local\Programs\Python\Python38\lib\site-packages\streamlit\runtime\scriptrunner\script_runner.py", line 579, in code_to_exec
    exec(code, module.__dict__)
         │     │      └ <member '__dict__' of 'module' objects>
         │     └ <module '__main__' from 'D:\\OLLAMA\\youtube-chatbot12\\app.py'>
         └ <code object <module> at 0x000001A530768EA0, file "D:\OLLAMA\youtube-chatbot12\app.py", line 1>

  File "D:\OLLAMA\youtube-chatbot12\app.py", line 252, in <module>
    handle_video_load(video_url_input)
    │                 └ 'https://youtu.be/_8H2n0nDfd4?si=DqvZTiKZgtswJEbZ'
    └ <function handle_video_load at 0x000001A559B5D670>

  File "D:\OLLAMA\youtube-chatbot12\app.py", line 226, in handle_video_load
    transcript = get_transcript(video_id)
                 │              └ '_8H2n0nDfd4'
                 └ <function get_transcript at 0x000001A5307F8E50>

> File "D:\OLLAMA\youtube-chatbot12\chatbot.py", line 77, in get_transcript
    transcript_list = YouTubeTranscriptApi.list_transcripts(video_id)
                      │                                     └ '_8H2n0nDfd4'
                      └ <class 'youtube_transcript_api._api.YouTubeTranscriptApi'>

AttributeError: type object 'YouTubeTranscriptApi' has no attribute 'list_transcripts'
2026-06-10 09:44:45.913 | ERROR    | chatbot:get_transcript:104 - Unexpected error fetching transcript for _8H2n0nDfd4
Traceback (most recent call last):

  File "C:\Users\abdul\AppData\Local\Programs\Python\Python38\lib\threading.py", line 890, in _bootstrap
    self._bootstrap_inner()
    │    └ <function Thread._bootstrap_inner at 0x000001A52CE1C040>
    └ <Thread(ScriptRunner.scriptThread, started 34524)>

  File "C:\Users\abdul\AppData\Local\Programs\Python\Python38\lib\threading.py", line 932, in _bootstrap_inner
    self.run()
    │    └ <function Thread.run at 0x000001A52CE1BD30>
    └ <Thread(ScriptRunner.scriptThread, started 34524)>

  File "C:\Users\abdul\AppData\Local\Programs\Python\Python38\lib\threading.py", line 870, in run
    self._target(*self._args, **self._kwargs)
    │    │        │    │        │    └ {}
    │    │        │    │        └ <Thread(ScriptRunner.scriptThread, started 34524)>
    │    │        │    └ ()
    │    │        └ <Thread(ScriptRunner.scriptThread, started 34524)>
    │    └ <bound method ScriptRunner._run_script_thread of ScriptRunner(_session_id='1fcf59ca-e0cf-45d9-ae31-260526ceb236', _main_scrip...
    └ <Thread(ScriptRunner.scriptThread, started 34524)>

  File "C:\Users\abdul\AppData\Local\Programs\Python\Python38\lib\site-packages\streamlit\runtime\scriptrunner\script_runner.py", line 320, in _run_script_thread
    self._run_script(request.rerun_data)
    │    │           │       └ <property object at 0x000001A52F266CC0>
    │    │           └ ScriptRequest(type=<ScriptRequestType.RERUN: 'RERUN'>, _rerun_data=RerunData(widget_states=widgets {
    │    │               id: "$$ID-38bab446a52e...
    │    └ <function ScriptRunner._run_script at 0x000001A52F3433A0>
    └ ScriptRunner(_session_id='1fcf59ca-e0cf-45d9-ae31-260526ceb236', _main_script_path='app.py', _session_state={processing: True...

  File "C:\Users\abdul\AppData\Local\Programs\Python\Python38\lib\site-packages\streamlit\runtime\scriptrunner\script_runner.py", line 595, in _run_script
    ) = exec_func_with_error_handling(code_to_exec, ctx)
        │                             │             └ ScriptRunContext(session_id='1fcf59ca-e0cf-45d9-ae31-260526ceb236', _enqueue=<bound method ScriptRunner._enqueue_forward_msg ...
        │                             └ <function ScriptRunner._run_script.<locals>.code_to_exec at 0x000001A559B5D3A0>
        └ <function exec_func_with_error_handling at 0x000001A52F2B6DC0>

  File "C:\Users\abdul\AppData\Local\Programs\Python\Python38\lib\site-packages\streamlit\runtime\scriptrunner\exec_code.py", line 88, in exec_func_with_error_handling
    result = func()
             └ <function ScriptRunner._run_script.<locals>.code_to_exec at 0x000001A559B5D3A0>

  File "C:\Users\abdul\AppData\Local\Programs\Python\Python38\lib\site-packages\streamlit\runtime\scriptrunner\script_runner.py", line 579, in code_to_exec
    exec(code, module.__dict__)
         │     │      └ <member '__dict__' of 'module' objects>
         │     └ <module '__main__' from 'D:\\OLLAMA\\youtube-chatbot12\\app.py'>
         └ <code object <module> at 0x000001A530768EA0, file "D:\OLLAMA\youtube-chatbot12\app.py", line 1>

  File "D:\OLLAMA\youtube-chatbot12\app.py", line 252, in <module>
    handle_video_load(video_url_input)
    │                 └ 'https://youtu.be/_8H2n0nDfd4?si=DqvZTiKZgtswJEbZ'
    └ <function handle_video_load at 0x000001A559B5D670>

  File "D:\OLLAMA\youtube-chatbot12\app.py", line 226, in handle_video_load
    transcript = get_transcript(video_id)
                 │              └ '_8H2n0nDfd4'
                 └ <function get_transcript at 0x000001A5307F8E50>

> File "D:\OLLAMA\youtube-chatbot12\chatbot.py", line 77, in get_transcript
    transcript_list = YouTubeTranscriptApi.list_transcripts(video_id)
                      │                                     └ '_8H2n0nDfd4'
                      └ <class 'youtube_transcript_api._api.YouTubeTranscriptApi'>

AttributeError: type object 'YouTubeTranscriptApi' has no attribute 'list_transcripts'
2026-06-10 09:44:45.970 | ERROR    | __main__:handle_video_load:235 - Load failed: Transcript retrieval failed: type object 'YouTubeTranscriptApi' has no attribute 'list_transcripts'
2026-06-10 09:44:45.970 | ERROR    | __main__:handle_video_load:235 - Load failed: Transcript retrieval failed: type object 'YouTubeTranscriptApi' has no attribute 'list_transcripts'
2026-06-10 09:44:45.970 | ERROR    | __main__:handle_video_load:235 - Load failed: Transcript retrieval failed: type object 'YouTubeTranscriptApi' has no attribute 'list_transcripts'
2026-06-10 09:44:45.970 | ERROR    | __main__:handle_video_load:235 - Load failed: Transcript retrieval failed: type object 'YouTubeTranscriptApi' has no attribute 'list_transcripts'
2026-06-10 09:44:45.970 | ERROR    | __main__:handle_video_load:235 - Load failed: Transcript retrieval failed: type object 'YouTubeTranscriptApi' has no attribute 'list_transcripts'
2026-06-10 09:44:45.970 | ERROR    | __main__:handle_video_load:235 - Load failed: Transcript retrieval failed: type object 'YouTubeTranscriptApi' has no attribute 'list_transcripts'
